Keyword,Position,Previous position,Search Volume,Keyword Difficulty,CPC,URL,Traffic,Traffic (%),Traffic Cost,Competition,Number of Results,Trends,Timestamp,SERP Features by Keyword,Keyword Intents,Position Type
shayari,7,8,1000000,49,0.40,https://eknazariya.com/,30000,53.54,12000.00,0.33,127,"82, 100, 82, 82, 82, 100, 100, 82, 82, 67, 67, 67",2026-08-20,"Image pack, Reviews, Video, People also ask, Related searches, AI overview",informational,Organic
hindi shayari,7,7,135000,43,0.40,https://eknazariya.com/,3375,6.02,1350.00,0.33,153,"55, 67, 67, 67, 67, 55, 67, 100, 100, 67, 45, 25",2026-08-14,"Image pack, Reviews, Video, Ads top, Ads bottom, People also ask, Related searches, AI overview",informational,Organic
best shayari,4,4,33100,41,0.40,https://eknazariya.com/,1655,2.95,662.00,0.33,150,"82, 82, 82, 82, 82, 100, 100, 82, 82, 82, 67, 67",2026-08-18,"Reviews, Video, People also ask, Related searches, AI overview",commercial,Organic
shayri in hindi,5,5,27100,38,0.40,https://eknazariya.com/,1084,1.93,433.00,0.33,151,"37, 30, 30, 20, 45, 55, 24, 30, 100, 37, 37, 100",2026-08-16,"Reviews, Video, Image, People also ask, Related searches, AI overview","commercial, informational",Organic
gulzar 2 line,1,1,1900,18,0.00,https://eknazariya.com/gulzar-shayari-1,893,1.59,0.00,0.33,117,"4, 3, 13, 55, 20, 36, 66, 66, 100, 55, 36, 55",2026-07-10,"Image pack, Sitelinks, Reviews, Video, Related searches, AI overview",informational,Organic
best shayari in hindi,5,5,22200,33,0.40,https://eknazariya.com/,888,1.58,355.00,0.01,152,"67, 67, 67, 67, 67, 82, 100, 100, 82, 82, 55, 55",2026-08-12,"Image pack, Reviews, Video, People also ask, Related searches",commercial,Organic
ishq shayari,2,2,6600,9,0.40,https://eknazariya.com/ishq-shayari,858,1.53,343.00,0.33,142,"100, 100, 100, 81, 81, 81, 100, 100, 81, 81, 81, 67",2026-06-24,"Image pack, Sitelinks, Reviews, Video, Image, People also ask, Related searches",informational,Organic
sad shayari,14,14,550000,35,0.40,https://eknazariya.com/best-sad-shayari,825,1.47,330.00,0.33,120,"100, 100, 82, 82, 82, 82, 100, 100, 82, 82, 67, 45",2026-08-16,"Image pack, Sitelinks, Reviews, Video, Image, Ads top, Ads bottom, People also ask, Related searches, Short videos",informational,Organic
shayari hashtags,1,1,1600,22,0.00,https://eknazariya.com/hashtags-%23shayri,752,1.34,0.00,0.33,112,"100, 100, 79, 79, 79, 79, 67, 42, 37, 30, 25, 25",2026-07-25,"Image pack, Video, Image, Related searches",commercial,Organic
ishq shayari hindi,2,2,5400,8,0.40,https://eknazariya.com/ishq-shayari,702,1.25,280.00,0.33,129,"100, 100, 100, 100, 82, 82, 100, 100, 82, 67, 67, 55",2026-06-26,"Image pack, Sitelinks, Reviews, Video, Image, People also ask, Related searches",informational,Organic
ishq shayari in hindi,2,2,5400,10,0.40,https://eknazariya.com/ishq-shayari,702,1.25,280.00,0.33,126,"100, 100, 100, 100, 82, 82, 100, 100, 82, 67, 67, 29",2026-06-26,"Image pack, Reviews, Video, People also ask, Related searches",informational,Organic
best shayri,3,3,6600,30,0.40,https://eknazariya.com/,594,1.06,237.00,0.33,130,"100, 100, 81, 100, 81, 100, 81, 81, 81, 81, 23, 23",2026-08-02,"Image pack, Reviews, Video, Image, Related searches",commercial,Organic
gulzar poetry two lines,5,5,14800,30,0.00,https://eknazariya.com/gulzar-shayari-1,592,1.05,0.00,0.33,156,"4, 16, 82, 24, 45, 82, 67, 100, 55, 67, 82, 55",2026-08-19,"Reviews, Video, People also ask, Related searches, AI overview",informational,Organic
gulzar love shayari in hindi,7,9,14800,23,0.00,https://eknazariya.com/gulzar-shayari-1,444,0.79,0.00,0.33,141,"82, 82, 82, 45, 36, 82, 100, 82, 67, 55, 55, 55",2026-08-20,"Image pack, Sitelinks, Reviews, Video, Image, People also ask, Related searches, AI overview",informational,Organic
new shayari,9,9,14800,43,0.40,https://eknazariya.com/,370,0.66,148.00,0.33,121,"67, 67, 67, 67, 67, 100, 100, 67, 67, 67, 67, 67",2026-08-13,"Sitelinks, Reviews, Video, Image, People also ask, Related searches, AI overview",informational,Organic
urdu shayari in hindi,9,9,14800,33,0.40,https://eknazariya.com/,370,0.66,148.00,0.33,141,"67, 82, 82, 82, 82, 82, 100, 82, 67, 67, 55, 55",2026-08-14,"Knowledge panel, Image pack, Reviews, Video, Image, People also ask, Related searches","informational, transactional",Organic
amazing shayari,5,5,8100,43,0.00,https://eknazariya.com/,324,0.57,0.00,0.33,145,"5, 13, 45, 82, 82, 82, 100, 100, 82, 100, 1, 1",2026-07-12,"Image pack, Reviews, Video, Image, People also ask, Related searches",informational,Organic
gulzar two liners,1,1,2400,27,0.00,https://eknazariya.com/gulzar-shayari-1,312,0.55,0.00,0.33,185,"2, 6, 15, 44, 24, 29, 55, 44, 44, 36, 82, 100",2026-06-28,"Image pack, Reviews, Video, Image, Video Carousel, Related searches, AI overview",informational,Organic
gulzar two line,1,1,2400,22,0.00,https://eknazariya.com/gulzar-shayari-1,312,0.55,0.00,0.33,121,"2, 6, 15, 44, 24, 29, 55, 44, 44, 36, 82, 100",2026-06-28,"Sitelinks, Reviews, Video, Video Carousel, People also ask, Related searches, AI overview",informational,Organic
ghalib shayari,7,7,9900,33,0.20,https://eknazariya.com/ghalib-shayari,247,0.44,49.00,0.01,144,"100, 100, 100, 82, 100, 100, 82, 82, 67, 67, 30, 30",2026-08-12,"Knowledge panel, Image pack, Sitelinks, Reviews, Video, Ads top, People also ask, Related searches, AI overview",informational,Organic
ek shayari,4,4,4400,34,0.40,https://eknazariya.com/,220,0.39,88.00,0.33,145,"67, 67, 81, 67, 67, 100, 100, 81, 81, 81, 81, 81",2026-07-22,"Image pack, Reviews, Video, Video Carousel, People also ask, Related searches",informational,Organic
hindi sher shayari,5,5,5400,30,0.40,https://eknazariya.com/,216,0.38,86.00,0.33,80,"82, 82, 100, 100, 100, 100, 100, 82, 82, 82, 67, 67",2026-07-20,"Image pack, Reviews, Video, Image, People also ask, Related searches",informational,Organic
sher shayari,7,7,22200,24,0.09,https://eknazariya.com/,199,0.35,17.00,0.33,143,"100, 100, 100, 82, 67, 67, 67, 45, 45, 45, 45, 37",2026-08-12,"Image pack, Reviews, Video, Image, Video Carousel, People also ask, Related searches, AI overview",informational,Organic
gulzar shayari on love in hindi,8,9,14800,23,0.00,https://eknazariya.com/gulzar-shayari-1,192,0.34,0.00,0.33,139,"82, 82, 82, 45, 36, 82, 100, 82, 67, 55, 55, 55",2026-08-20,"Image pack, Reviews, Video, People also ask, Related searches, AI overview",informational,Organic
new hindi shayari,5,10,4400,52,0.40,https://eknazariya.com/,176,0.31,70.00,0.33,152,"67, 67, 55, 55, 67, 100, 82, 67, 55, 55, 55, 44",2026-08-20,"Image pack, Reviews, Video, Image, People also ask, Related searches",informational,Organic
gulzar 2 liners,2,2,1900,19,0.00,https://eknazariya.com/gulzar-shayari-1,171,0.3,0.00,0.33,182,"4, 3, 13, 55, 20, 36, 66, 66, 100, 55, 36, 55",2026-06-26,"Image pack, Reviews, Video, Video Carousel, Related searches",informational,Organic
sad shayri,9,9,6600,27,0.40,https://eknazariya.com/best-sad-shayari,165,0.29,66.00,0.33,120,"67, 67, 67, 67, 67, 55, 55, 55, 55, 67, 67, 100",2026-07-30,"Image pack, Sitelinks, Reviews, Video, People also ask, Related searches",informational,Organic
sher shayari in hindi,5,5,5400,30,0.40,https://eknazariya.com/,162,0.28,64.00,0.33,81,"82, 82, 100, 100, 100, 100, 100, 82, 82, 82, 67, 67",2026-07-20,"Image pack, Reviews, Featured snippet, Image, People also ask, Related searches",informational,Organic
one line gulzar shayari,6,6,5400,29,0.00,https://eknazariya.com/gulzar-shayari-1,162,0.28,0.00,0.33,135,"54, 54, 67, 100, 81, 81, 67, 67, 67, 81, 67, 67",2026-07-22,"Image pack, Sitelinks, Video, Featured snippet, People also ask, Related searches",informational,Organic
shayari tag,1,1,320,20,0.00,https://eknazariya.com/hashtags-%23shayri,150,0.26,0.00,0.33,107,"100, 81, 100, 81, 81, 100, 81, 67, 67, 23, 35, 23",2026-08-10,"Video, Related searches, AI overview",informational,Organic
mirza ghalib shayari in hindi,4,4,2900,36,0.40,https://eknazariya.com/ghalib-shayari,145,0.25,58.00,0.01,146,"66, 82, 100, 82, 66, 82, 100, 82, 82, 55, 66, 16",2026-07-13,"Image pack, Sitelinks, Reviews, Video, Image, Ads top, Video Carousel, People also ask, Related searches, Ads middle",informational,Organic
zakir khan shayari,7,7,5400,16,0.00,https://eknazariya.com/zakir-khan-1,135,0.24,0.00,0.33,145,"36, 67, 67, 44, 55, 55, 55, 44, 100, 55, 29, 24",2026-07-31,"Image pack, Reviews, Video, Video Carousel, Related searches",informational,Organic
famous shayari,8,8,4400,25,0.40,https://eknazariya.com/,132,0.23,52.00,0.33,151,"82, 82, 82, 82, 82, 100, 100, 82, 82, 20, 20, 20",2026-08-11,"Reviews, Video, People also ask, Related searches, AI overview",informational,Organic
hindi sher,7,7,4400,42,0.00,https://eknazariya.com/,132,0.23,0.00,0,147,"100, 81, 81, 81, 81, 81, 81, 67, 67, 67, 81, 54",2026-07-18,"Image pack, Reviews, Video, Image, People also ask, Related searches",informational,Organic
2 line ishq shayari,2,2,1000,17,0.00,https://eknazariya.com/ishq-shayari,130,0.23,0.00,0.33,109,"100, 68, 68, 46, 38, 53, 46, 38, 38, 31, 31, 38",2026-08-17,"Image pack, Sitelinks, Reviews, Video, People also ask, Related searches",informational,Organic
hashtag shayari,1,1,260,18,0.00,https://eknazariya.com/hashtags-%23shayri,122,0.21,0.00,0.33,140,"100, 100, 81, 100, 81, 100, 100, 66, 81, 53, 34, 34",2026-08-10,"Image pack, Reviews, Video, Image, Video Carousel, People also ask, Related searches, AI overview",navigational,Organic
hashtags for shayari,1,1,260,14,0.00,https://eknazariya.com/hashtags-%23shayri,122,0.21,0.00,0.33,100,"100, 81, 81, 54, 67, 54, 44, 29, 23, 19, 19, 23",2026-08-11,"Video, People also ask, Related searches, AI overview",commercial,Organic
ishq quotes in hindi,2,2,880,6,0.00,https://eknazariya.com/ishq-shayari,114,0.2,0.00,0.33,141,"100, 100, 77, 68, 68, 68, 77, 77, 68, 55, 55, 45",2026-07-12,"Image pack, Sitelinks, Reviews, Video, People also ask, Related searches",informational,Organic
shayri writing,9,9,4400,38,0.00,https://eknazariya.com/,110,0.19,0.00,0.33,140,"3, 13, 55, 100, 82, 100, 100, 100, 100, 82, 0, 0",2026-06-26,"Sitelinks, Reviews, Video, Image, People also ask, Related searches, AI overview",informational,Organic
new shayri,9,9,4400,50,0.25,https://eknazariya.com/,110,0.19,27.00,0,127,"100, 100, 81, 100, 100, 100, 100, 81, 81, 67, 67, 54",2026-08-13,"Image pack, Reviews, Video, Image, Ads top, Ads bottom, Related searches",informational,Organic
newspaper shayari,10,10,12100,22,0.00,https://eknazariya.com/,108,0.19,0.00,0.33,127,"9, 30, 55, 45, 67, 100, 82, 55, 45, 0, 0, 0",2026-08-12,"Image pack, Reviews, Video, Image, People also ask, Related searches","informational, transactional",Organic
sher shayri,6,6,3600,23,0.72,https://eknazariya.com/,108,0.19,77.00,0.01,147,"81, 81, 81, 100, 81, 100, 81, 100, 100, 100, 100, 100",2026-08-15,"Image pack, Reviews, Video, Video Carousel, People also ask, Related searches",informational,Organic
gulzar shayari,16,16,33100,28,0.20,https://eknazariya.com/gulzar-shayari-1,99,0.17,19.00,0.33,146,"67, 67, 82, 67, 55, 55, 55, 82, 100, 55, 37, 16",2026-08-14,"Image pack, Reviews, Video, People also ask, Related searches, AI overview",informational,Organic
old shayari,5,5,1900,24,0.00,https://eknazariya.com/,95,0.16,0.00,0.33,87,"79, 100, 100, 67, 79, 100, 100, 67, 54, 54, 67, 54",2026-07-25,"Image pack, Reviews, Video, People also ask, Related searches",informational,Organic
ghalib shayari on life,3,3,1900,28,0.40,https://eknazariya.com/ghalib-shayari,95,0.16,38.00,0.33,145,"55, 55, 55, 55, 34, 45, 83, 100, 83, 83, 83, 83",2026-06-27,"Image pack, Reviews, Video, Ads bottom, People also ask, Related searches, Ads middle, AI overview",informational,Organic
good shayari,4,4,1900,24,0.40,https://eknazariya.com/,95,0.16,38.00,0.33,69,"100, 100, 100, 100, 100, 100, 100, 84, 84, 84, 84, 84",2026-07-20,"Image pack, Reviews, People also ask, Related searches",informational,Organic
instagram shayari hashtags,2,2,720,17,0.00,https://eknazariya.com/hashtags-%23shayri,93,0.16,0.00,0.33,108,"59, 72, 72, 88, 88, 88, 100, 88, 88, 72, 17, 14",2026-06-21,"Video, Video Carousel, People also ask, Related searches",commercial,Organic
sad shayari hashtags,2,2,720,14,0.00,https://eknazariya.com/hashtags-%23shayri,93,0.16,0.00,0.33,109,"100, 100, 77, 77, 68, 55, 68, 45, 37, 37, 25, 25",2026-06-30,"Video, Related searches",commercial,Organic
gulzar 2 line shayari on love,2,2,1300,20,0.00,https://eknazariya.com/gulzar-shayari-1,91,0.16,0.00,0.33,139,"2, 9, 30, 11, 25, 55, 34, 34, 34, 55, 100, 100",2026-08-16,"Image pack, Reviews, Video, Ads bottom, People also ask, Related searches, AI overview",informational,Organic
urdu shayari,17,16,60500,39,0.40,https://eknazariya.com/,90,0.16,36.00,0.33,143,"82, 100, 82, 82, 82, 100, 100, 82, 67, 67, 67, 67",2026-08-20,"Knowledge panel, Reviews, Video, Ads bottom, People also ask, Related searches, Short videos, AI overview",informational,Organic
short shayari,9,9,9900,30,0.33,https://eknazariya.com/,89,0.15,29.00,0,126,"55, 67, 55, 67, 67, 67, 67, 67, 100, 82, 100, 100",2026-08-20,"Image pack, Reviews, Video, People also ask, Related searches, AI overview",informational,Organic
2 line gulzar shayari,6,6,2900,22,0.00,https://eknazariya.com/gulzar-shayari-1,87,0.15,0.00,0.33,1820000,"100, 100, 100, 54, 35, 44, 54, 44, 35, 30, 30, 30",2026-07-29,"Image pack, Sitelinks, Reviews, Video, Image, People also ask, Related searches",informational,Organic
cheesy hindi shayari,9,9,2900,32,0.00,https://eknazariya.com/,87,0.15,0.00,0.04,155,"2, 6, 24, 44, 44, 55, 67, 100, 82, 82, 0, 0",2026-06-26,"Reviews, Video, Related searches, AI overview",informational,Organic
hindi shayari text,5,5,1600,44,0.40,https://eknazariya.com/,80,0.14,32.00,0.04,91,"42, 67, 79, 79, 79, 79, 100, 79, 79, 30, 37, 20",2026-07-28,"Reviews, Video, Image, Ads top, Ads bottom, Video Carousel, People also ask, Related searches",commercial,Organic
gulzar shayari love,3,3,1600,26,0.00,https://eknazariya.com/gulzar-shayari-1,80,0.14,0.00,0,83,"42, 67, 79, 79, 67, 79, 100, 67, 67, 42, 42, 37",2026-07-22,"Image pack, Reviews, Video, People also ask, Related searches, AI overview",informational,Organic
shayari ishq,2,2,880,13,0.00,https://eknazariya.com/ishq-shayari,79,0.14,0.00,0.33,127,"88, 100, 88, 88, 72, 88, 100, 88, 88, 72, 59, 59",2026-06-28,"Image pack, Reviews, Video, Related searches",informational,Organic
hindi shayari writing,6,6,2400,49,0.00,https://eknazariya.com/,72,0.12,0.00,0.33,62,"11, 16, 44, 67, 67, 81, 100, 100, 100, 81, 36, 53",2026-07-22,"Image pack, Reviews, Video, Image, Related searches",informational,Organic
best sad shayari,9,9,2400,10,0.40,https://eknazariya.com/best-sad-shayari,72,0.12,28.00,0.33,123,"100, 100, 100, 83, 83, 100, 100, 66, 55, 66, 66, 66",2026-07-21,"Sitelinks, Reviews, Video, Image, Related searches, AI overview",commercial,Organic
sher shayari hindi,7,7,5400,23,0.40,https://eknazariya.com/,70,0.12,28.00,0.33,145,"82, 82, 82, 100, 100, 100, 100, 100, 82, 82, 82, 67",2026-07-19,"Reviews, Video, Image, Video Carousel, People also ask, Related searches, AI overview",informational,Organic
newspaper shayari in hindi,11,11,5400,20,0.00,https://eknazariya.com/,70,0.12,0.00,0.33,137,"3, 7, 30, 55, 67, 67, 100, 100, 82, 55, 0, 0",2026-06-26,"Reviews, Video, Related searches",informational,Organic
ishq shayari urdu,4,4,1300,11,0.00,https://eknazariya.com/ishq-shayari,65,0.11,0.00,0.33,133,"100, 100, 81, 81, 81, 81, 81, 62, 62, 62, 55, 55",2026-07-29,"Image pack, Sitelinks, Reviews, Video, Image, Video Carousel, Related searches",informational,Organic
ishq par shayari,2,2,720,8,0.00,https://eknazariya.com/ishq-shayari,64,0.11,0.00,0.33,132,"82, 82, 82, 82, 67, 82, 82, 100, 82, 67, 55, 67",2026-07-06,"Image pack, Sitelinks, Reviews, Video, People also ask, Related searches",informational,Organic
viral shayari in hindi,5,5,1600,25,0.00,https://eknazariya.com/,64,0.11,0.00,0.33,141,"4, 9, 28, 53, 53, 53, 81, 100, 67, 67, 6, 7",2026-06-29,"Reviews, Video, Video Carousel, People also ask, Related searches, AI overview",informational,Organic
shayari shayari,9,9,12100,45,0.00,https://eknazariya.com/,60,0.1,0.00,0.33,152,"82, 82, 82, 82, 82, 100, 82, 82, 82, 67, 67, 67",2026-08-17,"Image pack, Reviews, Video, Video Carousel, People also ask, Related searches, AI overview",informational,Organic
gulzar shayari on love,9,9,12100,18,0.40,https://eknazariya.com/gulzar-shayari-1,60,0.1,24.00,0.33,141,"67, 82, 67, 82, 55, 55, 82, 100, 82, 67, 67, 67",2026-08-15,"Image pack, Reviews, Video, Ads top, Ads bottom, People also ask, Related searches, AI overview",informational,Organic
ghalib shayari on love,6,6,1900,21,0.24,https://eknazariya.com/ghalib-shayari,57,0.1,13.00,0.33,141,"100, 100, 79, 79, 100, 100, 100, 79, 79, 79, 42, 37",2026-08-10,"Image pack, Reviews, Video, Video Carousel, People also ask, Related searches, AI overview",informational,Organic
ishqiya shayari,2,2,590,12,0.04,https://eknazariya.com/ishq-shayari,53,0.09,2.00,0,150,"100, 81, 100, 81, 100, 100, 100, 100, 81, 81, 81, 81",2026-07-26,"Image pack, Reviews, Video, Video Carousel, Related searches",informational,Organic
shayari lines,5,5,1300,34,0.40,https://eknazariya.com/,52,0.09,20.00,0.33,136,"81, 81, 81, 81, 81, 100, 100, 81, 81, 62, 62, 62",2026-08-12,"Image pack, Reviews, Video, Image, People also ask, Related searches",informational,Organic
ishq ki shayari,2,2,720,5,0.00,https://eknazariya.com/ishq-shayari,50,0.08,0.00,0.33,121,"88, 88, 88, 72, 72, 72, 88, 100, 72, 72, 59, 59",2026-06-30,"Image pack, Sitelinks, Reviews, Video, Image, Video Carousel, People also ask, Related searches",informational,Organic
ishq shayari urdu in hindi,2,2,720,11,0.00,https://eknazariya.com/ishq-shayari,50,0.08,0.00,0.33,141,"25, 25, 25, 30, 37, 68, 77, 100, 100, 100, 77, 55",2026-06-24,"Sitelinks, Reviews, Video, People also ask, Related searches, AI overview",informational,Organic
gulzar sad shayari,4,4,1000,25,0.00,https://eknazariya.com/gulzar-shayari-1,50,0.08,0.00,0.33,142,"55, 68, 77, 100, 100, 77, 100, 100, 68, 77, 30, 30",2026-06-27,"Image pack, Sitelinks, Reviews, Video, Image, Ads bottom, Video Carousel, People also ask, Related searches, Ads middle",informational,Organic
shayari text,5,5,1000,33,0.40,https://eknazariya.com/,50,0.08,20.00,0.02,146,"100, 100, 100, 100, 100, 88, 100, 100, 100, 100, 100, 100",2026-06-30,"Reviews, Video, Related searches",commercial,Organic
poetry shayari,4,4,1000,48,0.00,https://eknazariya.com/,50,0.08,0.00,0,151,"100, 77, 77, 100, 100, 100, 77, 68, 68, 68, 68, 55",2026-06-28,"Knowledge panel, Reviews, Video, Video Carousel, Related searches, AI overview",informational,Organic
shariya,8,8,9900,43,0.26,https://eknazariya.com/,49,0.08,12.00,0,114,"36, 30, 36, 36, 36, 67, 82, 82, 100, 82, 82, 100",2026-08-16,"Knowledge panel, Image pack, Reviews, Video, Image, Video Carousel, People also ask, Related searches, AI overview",informational,Organic
romantic shayari gulzar,8,8,1600,24,0.00,https://eknazariya.com/gulzar-shayari-1,48,0.08,0.00,0.33,144,"79, 79, 67, 42, 37, 67, 100, 67, 67, 100, 79, 67",2026-07-29,"Image pack, Reviews, Video, Related searches",informational,Organic
gulzar romantic shayari,7,7,1600,24,0.00,https://eknazariya.com/gulzar-shayari-1,48,0.08,0.00,0.33,147,"79, 79, 67, 42, 37, 67, 100, 67, 67, 100, 79, 67",2026-08-11,"Image pack, Reviews, Video, Image, Related searches, AI overview",informational,Organic
ghalib shayari in hindi,6,6,1600,28,0.40,https://eknazariya.com/ghalib-shayari,48,0.08,19.00,0.33,147,"100, 100, 100, 100, 100, 100, 100, 68, 68, 68, 53, 53",2026-08-15,"Knowledge panel, Image pack, Sitelinks, Reviews, Video, Ads top, Ads bottom, People also ask, Related searches, AI overview",informational,Organic
gulzar sahab shayari,6,6,1600,28,0.40,https://eknazariya.com/gulzar-shayari-1,48,0.08,19.00,0.01,73,"34, 100, 66, 66, 66, 66, 66, 55, 55, 45, 20, 20",2026-07-23,"Image pack, Reviews, Video, Featured snippet, Image, People also ask, Related searches",informational,Organic
shero shayari in hindi,4,4,1600,26,0.40,https://eknazariya.com/,48,0.08,19.00,0.33,151,"100, 84, 84, 84, 84, 84, 84, 84, 68, 68, 68, 38",2026-08-11,"Reviews, Video, Image, Ads top, Ads bottom, Video Carousel, People also ask, Related searches, AI overview",informational,Organic
best sayri,7,7,1600,30,0.08,https://eknazariya.com/,48,0.08,3.00,0,153,"84, 84, 84, 84, 100, 100, 84, 84, 84, 84, 68, 68",2026-07-29,"Reviews, Video, People also ask, Related searches, AI overview",commercial,Organic
sariya in hindi,8,8,1900,44,0.00,https://eknazariya.com/,47,0.08,0.00,0.33,153,"79, 79, 79, 67, 67, 79, 100, 79, 79, 79, 79, 79",2026-08-16,"Image pack, Reviews, Video, People also ask, Related searches, AI overview",informational,Organic
poetry shayari in hindi,4,4,880,26,0.00,https://eknazariya.com/,44,0.07,0.00,0.33,153,"45, 55, 77, 100, 68, 77, 100, 100, 77, 77, 37, 37",2026-06-29,"Image pack, Reviews, Video, Image, Ads top, Ads bottom, Video Carousel, Related searches",informational,Organic
gulzar poetry in hindi love,6,6,880,24,0.00,https://eknazariya.com/gulzar-shayari-1,44,0.07,0.00,0.33,32,"2, 7, 30, 62, 55, 55, 62, 62, 81, 55, 100, 81",2026-07-19,"Reviews, Video, Related searches",informational,Organic
ishq wali shayari,2,2,590,5,0.00,https://eknazariya.com/ishq-shayari,41,0.07,0.00,0.33,120,"82, 82, 82, 67, 67, 67, 82, 100, 82, 67, 67, 67",2026-07-06,"Image pack, Sitelinks, Reviews, Video, People also ask, Related searches",informational,Organic
best shayri hindi,4,4,590,38,0.09,https://eknazariya.com/,41,0.07,3.00,0.01,155,"100, 82, 55, 55, 67, 82, 67, 55, 67, 55, 55, 44",2026-06-26,"Reviews, Video, Related searches",commercial,Organic
shayari tags for instagram,3,3,590,12,0.00,https://eknazariya.com/hashtags-%23shayri,41,0.07,0.00,0,150,"67, 67, 67, 67, 67, 55, 67, 100, 100, 82, 67, 55",2026-08-17,"Video, People also ask, Related searches, AI overview",navigational,Organic
top shayari,9,9,1600,37,0.40,https://eknazariya.com/,40,0.07,16.00,0.33,27100,"84, 100, 84, 84, 84, 100, 100, 68, 84, 68, 68, 68",2026-07-29,"Image pack, Reviews, Video, Featured snippet, Image, People also ask, Related searches",informational,Organic
mirza ghalib love shayari,8,8,1600,21,0.00,https://eknazariya.com/ghalib-shayari,40,0.07,0.00,0,151,"44, 67, 81, 100, 81, 53, 24, 20, 24, 20, 20, 24",2026-08-12,"Image pack, Sitelinks, Reviews, Video, Ads top, Ads bottom, People also ask, Related searches",informational,Organic
young shayari,7,7,1300,23,0.00,https://eknazariya.com/,39,0.06,0.00,0.33,140,"3, 9, 13, 13, 16, 24, 36, 28, 36, 67, 100, 81",2026-07-30,"Image pack, Reviews, Video, Image, People also ask, Related searches",informational,Organic
film shayari,10,10,4400,29,0.00,https://eknazariya.com/movie-shayari-1,39,0.06,0.00,0.33,127,"100, 30, 16, 11, 7, 9, 9, 9, 9, 7, 6, 6",2026-07-28,"Image pack, Reviews, Video, Related searches, AI overview",informational,Organic
shayari written,7,7,1300,37,0.00,https://eknazariya.com/,39,0.06,0.00,0,151,"100, 81, 16, 3, 67, 36, 24, 3, 11, 6, 7, 67",2026-06-27,"Image pack, Reviews, Video, Related searches",informational,Organic
good shayari in hindi,6,6,1300,30,0.40,https://eknazariya.com/,39,0.06,15.00,0.01,154,"84, 84, 84, 100, 84, 53, 53, 68, 53, 46, 46, 31",2026-07-24,"Image pack, Sitelinks, Reviews, Video, People also ask, Related searches, AI overview",informational,Organic
popular shayari in hindi,5,5,1300,25,0.40,https://eknazariya.com/,39,0.06,15.00,0.33,145,"62, 55, 62, 62, 81, 81, 100, 100, 81, 81, 81, 81",2026-07-18,"Reviews, Video, People also ask, Related searches, AI overview",informational,Organic
shayari on life gulzar,7,7,1300,16,0.00,https://eknazariya.com/gulzar-shayari-1,39,0.06,0.00,0.33,140,"81, 81, 100, 67, 36, 36, 24, 13, 9, 4, 2, 1",2026-08-01,"Image pack, Sitelinks, Reviews, Video, Image, Video Carousel, Related searches",informational,Organic
shayari quotes,9,9,2900,42,0.40,https://eknazariya.com/,37,0.06,14.00,0.33,141,"100, 100, 81, 81, 81, 81, 81, 81, 67, 53, 53, 53",2026-07-12,"Image pack, Reviews, People also ask, Related searches",informational,Organic
unique shayari,4,4,720,36,0.00,https://eknazariya.com/,36,0.06,0.00,0.33,144,"67, 82, 82, 82, 67, 67, 100, 82, 82, 82, 67, 67",2026-07-11,"Image pack, Reviews, Video, Image, People also ask, Related searches",informational,Organic
unique shayari in hindi,1,1,320,43,0.00,https://eknazariya.com/,35,0.06,0.00,0.33,155,"82, 100, 100, 100, 100, 100, 100, 82, 82, 82, 67, 67",2026-08-06,"Reviews, Video, Ads top, Ads bottom, People also ask, Related searches, AI overview",informational,AI overview
ishq pe shayari,2,2,260,11,0.00,https://eknazariya.com/ishq-shayari,33,0.05,0.00,0.33,138,"81, 81, 66, 81, 81, 100, 100, 66, 66, 66, 66, 53",2026-07-27,"Image pack, Sitelinks, Reviews, Video, Image, People also ask, Related searches",informational,Organic
poetry quotes in hindi,9,9,1300,27,0.00,https://eknazariya.com/,32,0.05,0.00,0.33,146,"25, 31, 53, 68, 53, 68, 84, 84, 68, 68, 100, 100",2026-07-15,"Image pack, Reviews, People also ask, Related searches",informational,Organic
best sad shayari,10,10,2400,10,0.40,https://eknazariya.com/best-sad-shayari,31,0.05,12.00,0.33,123,"100, 100, 100, 83, 83, 100, 100, 66, 55, 66, 66, 66",2026-07-21,"Sitelinks, Reviews, Video, Image, Related searches, AI overview",commercial,Organic
ghalib ki shayari in hindi,7,7,1000,27,0.00,https://eknazariya.com/ghalib-shayari,30,0.05,0.00,0,140,"9, 9, 5, 7, 16, 54, 54, 67, 79, 100, 54, 25",2026-07-15,"Image pack, Reviews, Video, Image, People also ask, Related searches, AI overview",informational,Organic
shyari in hindi,7,7,1000,43,0.12,https://eknazariya.com/,30,0.05,3.00,0,153,"100, 100, 100, 100, 100, 100, 100, 100, 88, 100, 100, 100",2026-06-29,"Image pack, Reviews, Video, People also ask, Related searches",informational,Organic
latest shayari,8,8,1000,40,0.00,https://eknazariya.com/,30,0.05,0.00,0.04,114,"100, 77, 77, 77, 77, 68, 68, 77, 100, 68, 68, 68",2026-07-29,"Image pack, Reviews, Video, Image, People also ask, Related searches",informational,Organic
shayari for men,8,8,1000,34,0.40,https://eknazariya.com/,30,0.05,12.00,0.01,112,"68, 68, 55, 68, 68, 77, 100, 77, 77, 77, 68, 68",2026-06-28,"Image pack, Sitelinks, Reviews, Video, Featured snippet, Image, Related searches",informational,Organic
ishq quotes,3,3,590,5,0.00,https://eknazariya.com/ishq-shayari,29,0.05,0.00,0.33,145,"100, 100, 82, 82, 82, 100, 100, 100, 82, 67, 54, 54",2026-08-09,"Image pack, Reviews, Video, People also ask, Related searches",informational,Organic
shayari on writing,15,15,9900,28,0.00,https://eknazariya.com/,29,0.05,0.00,0.33,138,"1, 7, 16, 11, 16, 16, 16, 20, 20, 67, 100, 67",2026-08-20,"Image pack, Sitelinks, Reviews, Video, People also ask, Related searches",informational,Organic
shayari sad,14,14,9900,27,0.40,https://eknazariya.com/best-sad-shayari,29,0.05,11.00,0.33,121,"45, 36, 24, 36, 30, 45, 30, 36, 55, 67, 36, 100",2026-08-13,"Sitelinks, Reviews, Video, Image, Video Carousel, People also ask, Related searches, AI overview",informational,Organic
shayari of famous shayar in hindi,4,4,590,23,0.00,https://eknazariya.com/,29,0.05,0.00,0.33,152,"2, 9, 16, 16, 20, 20, 24, 30, 45, 62, 81, 100",2026-07-20,"Image pack, Reviews, Video, Image, Video Carousel, People also ask, Related searches",informational,Organic
ek shayari sunao,1,1,880,29,0.00,https://eknazariya.com/,28,0.04,0.00,0.33,20,"88, 72, 72, 72, 88, 100, 88, 88, 88, 88, 88, 88",2026-07-27,"Image pack, Reviews, Video, People also ask, Related searches, AI overview",informational,AI overview
tere ishq mein shayari,2,2,320,11,0.00,https://eknazariya.com/ishq-shayari,28,0.04,0.00,0.33,142,"5, 3, 5, 4, 11, 45, 100, 30, 25, 16, 16, 16",2026-07-01,"Image pack, Sitelinks, Reviews, Video, People also ask, Related searches, AI overview",informational,Organic
shayri com,7,7,720,22,0.13,https://eknazariya.com/,28,0.04,3.00,0.01,133,"82, 100, 100, 67, 67, 82, 100, 67, 55, 55, 67, 67",2026-08-01,"Reviews, Video, Related searches",informational,Organic
ishq shayari gulzar,2,2,320,22,0.00,https://eknazariya.com/gulzar-shayari-1,28,0.04,0.00,0.33,143,"100, 82, 82, 100, 82, 82, 82, 67, 54, 54, 54, 54",2026-07-25,"Image pack, Reviews, Video, Video Carousel, People also ask, Related searches",informational,Organic
love gulzar shayari,3,3,390,23,0.00,https://eknazariya.com/gulzar-shayari-1,27,0.04,0.00,0.33,152,"81, 81, 100, 81, 54, 66, 81, 81, 66, 36, 44, 36",2026-06-24,"Image pack, Reviews, Video, Video Carousel, Related searches",informational,Organic
ghalib shayari on one sided love,6,6,880,11,0.00,https://eknazariya.com/ghalib-shayari,26,0.04,0.00,0.33,139,"4, 7, 25, 38, 46, 38, 53, 46, 46, 53, 100, 100",2026-07-18,"Image pack, Reviews, Video, Video Carousel, Related searches",informational,Organic
best shayri in hindi,7,7,4400,39,0.41,https://eknazariya.com/,26,0.04,10.00,0,159,"100, 100, 100, 100, 82, 100, 82, 100, 82, 82, 82, 100",2026-07-14,"Image pack, Reviews, Video, People also ask, Related searches",commercial,Organic
ghalib ke sher,4,4,880,24,0.24,https://eknazariya.com/ghalib-shayari,26,0.04,6.00,0.01,20,"77, 77, 77, 68, 77, 100, 77, 77, 68, 68, 55, 30",2026-07-24,"Image pack, Reviews, Video, Image, Video Carousel, People also ask, Related searches, AI overview",informational,Organic
heart touching mirza ghalib shayari in hindi,7,7,2900,14,0.00,https://eknazariya.com/ghalib-shayari,26,0.04,0.00,0.33,146,"100, 82, 82, 82, 55, 43, 82, 82, 82, 66, 66, 55",2026-07-13,"Image pack, Sitelinks, Reviews, Video, Video Carousel, People also ask, Related searches, AI overview",informational,Organic
shayari in,6,6,880,47,0.00,https://eknazariya.com/,26,0.04,0.00,0,61,"72, 88, 88, 88, 88, 100, 100, 100, 100, 88, 88, 88",2026-07-19,"Knowledge panel, Reviews, People also ask, Related searches, AI overview",informational,Organic
viral shayari,8,8,880,23,0.00,https://eknazariya.com/,26,0.04,0.00,0.33,149,"55, 55, 55, 55, 55, 77, 100, 77, 77, 77, 68, 68",2026-07-30,"Image pack, Reviews, Video, People also ask, Related searches",informational,Organic
top shayari in hindi,5,5,880,32,0.40,https://eknazariya.com/,26,0.04,10.00,0.33,155,"77, 77, 68, 77, 68, 68, 100, 77, 68, 68, 55, 55",2026-06-30,"Reviews, Video, People also ask, Related searches, AI overview",commercial,Organic
hindi shayari lyrics,9,9,880,43,0.40,https://eknazariya.com/,26,0.04,10.00,0.01,19,"88, 88, 88, 88, 88, 100, 100, 72, 59, 72, 59, 72",2026-07-26,"Reviews, Image, People also ask, Related searches",commercial,Organic
top shayri in hindi,6,6,880,52,0.40,https://eknazariya.com/,26,0.04,10.00,0.33,156,"77, 77, 68, 77, 68, 68, 100, 77, 68, 68, 55, 55",2026-07-17,"Reviews, Video, Video Carousel, People also ask, Related searches, AI overview",informational,Organic
gulzar shayari on life in hindi,11,11,3600,21,0.00,https://eknazariya.com/gulzar-shayari-1,25,0.04,0.00,0.33,136,"66, 82, 100, 66, 43, 82, 100, 100, 82, 100, 100, 82",2026-07-24,"Image pack, Sitelinks, Reviews, Video, Image, People also ask, Related searches",informational,Organic
all shayari,8,8,1000,42,0.00,https://eknazariya.com/,25,0.04,0.00,0,151,"100, 77, 77, 77, 77, 100, 100, 77, 77, 68, 68, 68",2026-06-29,"Image pack, Reviews, Video, People also ask, Related searches, AI overview",informational,Organic
best shayari by famous shayars,4,4,480,27,0.00,https://eknazariya.com/,24,0.04,0.00,0.33,148,"82, 100, 82, 36, 24, 36, 44, 44, 36, 44, 67, 55",2026-08-11,"Image pack, Reviews, Video, Image, Ads top, Ads bottom, Video Carousel, People also ask, Related searches, AI overview",commercial,Organic
shayari type,4,4,480,28,0.00,https://eknazariya.com/,24,0.04,0.00,0.13,43,"24, 30, 30, 30, 30, 24, 24, 24, 24, 20, 20, 100",2026-07-26,"Reviews, Video, People also ask, Related searches, AI overview",informational,Organic
how to do shayari,7,7,1900,26,0.00,https://eknazariya.com/,24,0.04,0.00,0.33,123,"1, 3, 9, 5, 11, 12, 12, 16, 16, 54, 100, 36",2026-07-22,"Sitelinks, Reviews, Video, Video Carousel, People also ask, Related searches",informational,Organic
two line shayari of ghalib,4,4,480,19,0.00,https://eknazariya.com/ghalib-shayari,24,0.04,0.00,0.33,140,"100, 100, 82, 54, 44, 67, 82, 54, 54, 67, 54, 67",2026-08-07,"Reviews, Video, Video Carousel, People also ask, Related searches, AI overview",informational,Organic
hindi shayari quotes,9,9,1900,42,0.40,https://eknazariya.com/,24,0.04,9.00,0.33,151,"100, 83, 83, 83, 66, 83, 83, 66, 66, 55, 66, 55",2026-08-06,"Image pack, Reviews, Video, People also ask, Related searches",informational,Organic
ghalib 2 line shayari,5,5,480,19,0.00,https://eknazariya.com/ghalib-shayari,24,0.04,0.00,0.33,142,"100, 100, 100, 82, 54, 44, 67, 82, 54, 54, 67, 54",2026-07-12,"Image pack, Sitelinks, Reviews, Video, Image, Video Carousel, Related searches",informational,Organic
par shayari,5,5,590,30,0.00,https://eknazariya.com/,23,0.04,0.00,0.33,143,"67, 82, 82, 55, 55, 67, 100, 82, 82, 55, 55, 55",2026-08-16,"Image pack, Reviews, Video, People also ask, Related searches",informational,Organic
shayari by famous shayar,4,4,590,23,0.00,https://eknazariya.com/,23,0.04,0.00,0.33,145,"100, 100, 88, 48, 48, 48, 48, 39, 39, 39, 48, 48",2026-08-18,"Image pack, Sitelinks, Reviews, Video, People also ask, Related searches, AI overview",informational,Organic
shayari written in hindi,1,1,2400,37,0.00,https://eknazariya.com/,23,0.04,0.00,0.33,154,"11, 16, 44, 67, 67, 81, 100, 100, 100, 81, 36, 53",2026-06-20,"Image pack, Reviews, Video, Image, People also ask, Related searches, AI overview",informational,AI overview
poetry shayari,1,1,1000,48,0.00,https://eknazariya.com/,23,0.04,0.00,0,151,"100, 77, 77, 100, 100, 100, 77, 68, 68, 68, 68, 55",2026-06-28,"Knowledge panel, Reviews, Video, Video Carousel, Related searches, AI overview",informational,AI overview
sad shayari gulzar,1,1,170,23,0.00,https://eknazariya.com/gulzar-shayari-1,22,0.03,0.00,0.33,87,"81, 81, 100, 81, 65, 81, 65, 54, 54, 42, 42, 42",2026-07-22,"Image pack, Sitelinks, Reviews, Video, Image, People also ask, Related searches",informational,Organic
short shayari in hindi,9,9,4400,36,0.40,https://eknazariya.com/,22,0.03,8.00,0.33,155,"100, 100, 100, 81, 81, 100, 100, 81, 81, 67, 81, 67",2026-07-31,"Reviews, Video, Video Carousel, People also ask, Related searches, AI overview",informational,Organic
adhura ishq shayari,2,2,320,28,0.00,https://eknazariya.com/ishq-shayari,22,0.03,0.00,0.33,149,"100, 100, 82, 82, 82, 82, 100, 82, 100, 100, 82, 82",2026-07-09,"Image pack, Reviews, Video, People also ask, Related searches",informational,Organic
galib shayri,5,5,720,30,0.00,https://eknazariya.com/ghalib-shayari,21,0.03,0.00,0,141,"100, 88, 72, 72, 72, 72, 72, 88, 72, 48, 21, 17",2026-07-06,"Knowledge panel, Image pack, Reviews, Video, Image, Video Carousel, People also ask, Related searches, Ads middle",informational,Organic
urdu mein shayari,9,9,2400,37,0.00,https://eknazariya.com/,21,0.03,0.00,0.33,142,"83, 100, 100, 100, 83, 83, 83, 83, 83, 66, 66, 66",2026-06-23,"Knowledge panel, Reviews, Video, Video Carousel, People also ask, Related searches",informational,Organic
hindi shayari writing,10,10,2400,49,0.00,https://eknazariya.com/,21,0.03,0.00,0.33,62,"11, 16, 44, 67, 67, 81, 100, 100, 100, 81, 36, 53",2026-07-22,"Image pack, Reviews, Video, Image, Related searches",informational,Organic
world best shayari,6,6,720,23,0.00,https://eknazariya.com/,21,0.03,0.00,0.33,152,"82, 100, 100, 100, 82, 82, 82, 100, 82, 82, 67, 82",2026-07-13,"Image pack, Reviews, Video, People also ask, Related searches","commercial, informational",Organic
shayari page,8,8,720,38,0.00,https://eknazariya.com/,21,0.03,0.00,0.33,145,"82, 100, 100, 82, 82, 82, 100, 100, 100, 82, 82, 82",2026-07-10,"Image pack, Reviews, Video, Image, People also ask, Related searches",informational,Organic
galib ki shayari in hindi,6,6,720,26,0.00,https://eknazariya.com/ghalib-shayari,21,0.03,0.00,0,138,"100, 62, 62, 55, 55, 55, 62, 30, 62, 3, 3, 1",2026-07-03,"Image pack, Sitelinks, Reviews, Video, Image, People also ask, Related searches, AI overview",informational,Organic
sayri ki dayri,13,13,5400,27,0.40,https://eknazariya.com/,21,0.03,8.00,0.33,149,"100, 100, 100, 81, 81, 100, 100, 81, 100, 100, 81, 67",2026-08-17,"Image pack, Reviews, Video, Image, Ads bottom, People also ask, Related searches, AI overview",informational,Organic
shayri in urdu,12,12,2900,35,0.40,https://eknazariya.com/,20,0.03,8.00,0.33,0,"66, 66, 66, 66, 66, 66, 66, 66, 66, 66, 100, 100",2026-07-25,"Image pack, Reviews, Video, Image, Related searches",informational,Organic
shayari quotes,10,10,2900,42,0.40,https://eknazariya.com/,20,0.03,8.00,0.33,141,"100, 100, 81, 81, 81, 81, 81, 81, 67, 53, 53, 53",2026-07-12,"Image pack, Reviews, People also ask, Related searches",informational,Organic
heart touching gulzar shayari,16,16,6600,22,0.00,https://eknazariya.com/gulzar-shayari-1,19,0.03,0.00,0.33,135,"100, 100, 82, 45, 36, 55, 67, 55, 36, 36, 36, 30",2026-07-29,"Image pack, Sitelinks, Reviews, Video, People also ask, Related searches, AI overview",informational,Organic
aashiq shayari 2 line,3,3,390,20,0.00,https://eknazariya.com/ishq-shayari,19,0.03,0.00,0.33,118,"100, 81, 100, 66, 66, 81, 81, 81, 54, 44, 36, 36",2026-08-09,"Reviews, Video, People also ask, Related searches, AI overview",informational,Organic
nazar shayari,9,9,3600,12,0.00,https://eknazariya.com/,18,0.03,0.00,0.33,136,"82, 82, 82, 82, 82, 66, 82, 100, 66, 66, 66, 55",2026-07-12,"Reviews, Video, Image, Video Carousel, People also ask, Related searches, AI overview",informational,Organic
tag shayari,1,1,140,14,0.00,https://eknazariya.com/hashtags-%23shayri,18,0.03,0.00,0.33,105,"67, 100, 81, 67, 81, 81, 67, 67, 43, 43, 33, 43",2026-08-10,"Video, Related searches, AI overview",informational,Organic
mirza ghalib shayari,21,21,12100,33,0.20,https://eknazariya.com/ghalib-shayari,18,0.03,3.00,0.01,151,"67, 82, 82, 67, 82, 82, 100, 82, 82, 67, 67, 36",2026-08-14,"Knowledge panel, Sitelinks, Reviews, Video, Image, Ads top, Ads bottom, People also ask, Related searches, Short videos",informational,Organic
gulzar shayari in hindi,21,21,12100,20,0.39,https://eknazariya.com/gulzar-shayari-1,18,0.03,7.00,0.02,143,"82, 100, 82, 82, 100, 82, 82, 67, 67, 82, 82, 82",2026-08-17,"Image pack, Sitelinks, Reviews, Video, Image, People also ask, Related searches",informational,Organic
zakir khan tweet,31,31,27100,30,0.00,https://eknazariya.com/zakir-khan-1,18,0.03,0.00,0.33,101,"3, 16, 37, 30, 37, 37, 45, 37, 45, 82, 100, 100",2026-08-13,"Reviews, Video, People also ask, Related searches, AI overview",informational,Organic
small shayari,9,9,3600,37,0.40,https://eknazariya.com/,18,0.03,7.00,0.33,147,"100, 100, 100, 82, 100, 100, 82, 82, 82, 66, 66, 66",2026-08-01,"Image pack, Reviews, Video, Video Carousel, People also ask, Related searches",informational,Organic
romantic ishq shayari,2,2,140,4,0.00,https://eknazariya.com/ishq-shayari,18,0.03,0.00,0.33,145,"100, 65, 53, 100, 100, 82, 100, 82, 100, 53, 53, 65",2026-06-25,"Image pack, Sitelinks, Reviews, Video, Image, People also ask, Related searches",commercial,Organic
urdu quotes in hindi,9,9,590,18,0.00,https://eknazariya.com/,17,0.03,0.00,0.33,146,"100, 100, 100, 82, 82, 82, 82, 82, 67, 67, 54, 44",2026-07-15,"Image pack, Reviews, Video, Image, Related searches",informational,Organic
shayari poetry in hindi,5,5,590,26,0.00,https://eknazariya.com/,17,0.03,0.00,0.33,156,"100, 100, 100, 55, 55, 55, 55, 55, 55, 55, 55, 44",2026-07-23,"Image pack, Reviews, Video, Image, People also ask, Related searches",informational,Organic
hit shayari,1,1,260,31,0.00,https://eknazariya.com/,17,0.03,0.00,0.33,151,"81, 81, 81, 81, 81, 100, 100, 81, 66, 66, 66, 66",2026-08-09,"Reviews, Video, People also ask, Related searches, AI overview",informational,AI overview
some shayari in hindi,5,5,590,38,0.40,https://eknazariya.com/,17,0.03,6.00,0.01,72,"67, 67, 67, 67, 82, 82, 100, 82, 67, 55, 55, 44",2026-07-23,"Reviews, Image, People also ask, Related searches, AI overview",informational,Organic
cool shayari,9,9,590,23,0.00,https://eknazariya.com/,17,0.03,0.00,0.33,124,"100, 100, 82, 82, 67, 82, 82, 100, 82, 67, 54, 67",2026-07-11,"Image pack, Reviews, Video, Related searches",informational,Organic
achi shayari in hindi,8,8,590,25,0.00,https://eknazariya.com/,17,0.03,0.00,0.33,152,"67, 82, 100, 100, 100, 82, 67, 54, 67, 82, 100, 100",2026-08-14,"Image pack, Sitelinks, Reviews, Video, People also ask, Related searches",informational,Organic
poem in hindi shayari,4,4,320,27,0.00,https://eknazariya.com/,16,0.02,0.00,0.33,173,"12, 54, 81, 81, 100, 100, 81, 100, 81, 2, 2, 2",2026-07-28,"Image pack, Reviews, Video, Image, People also ask, Related searches",informational,Organic
deep shayari ghalib,3,3,320,17,0.00,https://eknazariya.com/ghalib-shayari,16,0.02,0.00,0.33,140,"7, 29, 54, 67, 67, 67, 100, 82, 82, 1, 1, 1",2026-07-25,"Image pack, Reviews, Video, Ads top, Video Carousel, Related searches, AI overview",informational,Organic
two line gulzar poetry,3,3,320,14,0.00,https://eknazariya.com/gulzar-shayari-1,16,0.02,0.00,0.33,149,"100, 100, 100, 100, 54, 44, 67, 81, 54, 54, 67, 54",2026-06-26,"Image pack, Sitelinks, Reviews, Video, Image, Video Carousel, Related searches, AI overview",informational,Organic
shayri ki dayri,15,15,5400,28,0.40,https://eknazariya.com/,16,0.02,6.00,0.33,147,"100, 100, 100, 81, 81, 100, 100, 81, 100, 100, 81, 67",2026-08-14,"Image pack, Reviews, Video, Image, People also ask, Related searches, AI overview",informational,Organic
love shayari by gulzar,4,4,320,23,0.00,https://eknazariya.com/gulzar-shayari-1,16,0.02,0.00,0,141,"67, 67, 54, 81, 81, 100, 81, 54, 54, 67, 54, 67",2026-07-17,"Image pack, Reviews, Video, Video Carousel, Related searches",informational,Organic
love shayari ghalib,4,4,320,23,0.00,https://eknazariya.com/ghalib-shayari,16,0.02,0.00,0,144,"54, 54, 67, 67, 67, 81, 100, 81, 67, 81, 54, 44",2026-07-05,"Image pack, Sitelinks, Reviews, Video, Image, Ads top, Ads bottom, Video Carousel, Related searches",informational,Organic
ghalib romantic shayari,5,5,390,13,0.00,https://eknazariya.com/ghalib-shayari,15,0.02,0.00,0.33,144,"81, 81, 66, 66, 66, 100, 81, 66, 66, 81, 54, 54",2026-08-06,"Image pack, Reviews, Video, Image, Ads top, Ads bottom, Video Carousel, Related searches, AI overview",informational,Organic
shayari on ishq in hindi,2,2,170,5,0.00,https://eknazariya.com/ishq-shayari,15,0.02,0.00,0.01,122,"54, 54, 54, 65, 65, 100, 81, 65, 54, 65, 42, 54",2026-08-18,"Image pack, Sitelinks, Reviews, Video, People also ask, Related searches",informational,Organic
shayari on ishq in urdu,2,2,170,23,0.00,https://eknazariya.com/ishq-shayari,15,0.02,0.00,0.33,79,"15, 19, 27, 42, 65, 81, 100, 100, 100, 81, 81, 65",2026-07-31,"Image pack, Reviews, Video, People also ask, Related searches",informational,Organic
best sayri,1,1,1600,30,0.08,https://eknazariya.com/,15,0.02,1.00,0,153,"84, 84, 84, 84, 100, 100, 84, 84, 84, 84, 68, 68",2026-07-29,"Reviews, Video, People also ask, Related searches, AI overview",commercial,AI overview
shayari kavita,7,7,590,30,0.00,https://eknazariya.com/,14,0.02,0.00,0.33,67,"82, 100, 100, 82, 100, 100, 100, 82, 100, 67, 82, 67",2026-07-21,"Knowledge panel, Reviews, Image, People also ask, Related searches",informational,Organic
shayari typing,7,7,480,37,0.00,https://eknazariya.com/,14,0.02,0.00,0.13,146,"24, 30, 30, 30, 30, 24, 24, 24, 24, 20, 20, 100",2026-07-25,"Image pack, Reviews, Video, Image, People also ask, Related searches","commercial, informational",Organic
ishq ki shayari hindi,2,2,110,1,0.00,https://eknazariya.com/ishq-shayari,14,0.02,0.00,0.01,140,"3, 3, 67, 100, 67, 54, 13, 3, 13, 3, 3, 3",2026-07-24,"Image pack, Sitelinks, Reviews, Video, Image, Video Carousel, Related searches",informational,Organic
apne upar shayari,6,6,480,26,0.00,https://eknazariya.com/,14,0.02,0.00,0.33,126,"81, 81, 81, 81, 81, 100, 100, 81, 81, 81, 81, 81",2026-08-14,"Image pack, Reviews, Video, People also ask, Related searches",informational,Organic
gulzar shayari two lines,2,2,110,11,0.00,https://eknazariya.com/gulzar-shayari-1,14,0.02,0.00,0.33,142,"14, 14, 43, 52, 43, 67, 81, 67, 67, 52, 100, 100",2026-06-25,"Image pack, Sitelinks, Reviews, Video, Image, Video Carousel, People also ask, Related searches",informational,Organic
best shayari gulzar,7,7,480,19,0.00,https://eknazariya.com/gulzar-shayari-1,14,0.02,0.00,0.33,73,"44, 66, 66, 100, 66, 81, 100, 66, 66, 81, 81, 81",2026-07-25,"Image pack, Reviews, Video, Image, Related searches",informational,Organic
sad shayari hashtags for instagram,1,1,110,10,0.00,https://eknazariya.com/hashtags-%23shayri,14,0.02,0.00,0.33,124,"23, 2, 100, 2, 4, 15, 100, 10, 2, 2, 2, 2",2026-08-19,"Video, People also ask, Related searches, AI overview",navigational,Organic
galib ki sad shayari,3,3,210,12,0.00,https://eknazariya.com/ghalib-shayari,14,0.02,0.00,0,137,"16, 10, 12, 16, 8, 100, 1, 30, 1, 1, 44, 36",2026-08-18,"Image pack, Sitelinks, Reviews, Video, Video Carousel, People also ask, Related searches",informational,Organic
ishq sad shayari,2,2,110,12,0.00,https://eknazariya.com/ishq-shayari,14,0.02,0.00,0.33,132,"100, 100, 65, 65, 82, 65, 100, 65, 53, 53, 53, 53",2026-07-04,"Image pack, Reviews, Video, Ads top, Related searches, Ads middle",informational,Organic
shayari lines in hindi,8,8,590,40,0.00,https://eknazariya.com/,14,0.02,0.00,0.33,119,"100, 67, 82, 67, 82, 100, 100, 67, 82, 54, 82, 67",2026-07-28,"Image pack, Reviews, Video, Image, People also ask, Related searches",informational,Organic
dil shayari,12,12,2900,16,0.00,https://eknazariya.com/,14,0.02,0.00,0.33,144,"100, 100, 100, 81, 81, 100, 100, 81, 67, 53, 53, 53",2026-08-08,"Image pack, Reviews, Video, Image, People also ask, Related searches",informational,Organic
mirza ghalib sad shayari,6,4,480,20,0.00,https://eknazariya.com/ghalib-shayari,14,0.02,0.00,0.33,138,"81, 81, 66, 81, 81, 100, 100, 81, 66, 81, 66, 54",2026-08-19,"Image pack, Sitelinks, Reviews, Video, Image, People also ask, Related searches, AI overview",informational,Organic
motivational gulzar shayari,2,2,210,26,0.00,https://eknazariya.com/gulzar-shayari-1,14,0.02,0.00,0.33,144,"28, 81, 100, 81, 53, 66, 81, 66, 66, 44, 34, 28",2026-06-28,"Image pack, Reviews, Video, People also ask, Related searches",informational,Organic
most famous shayaris,7,7,480,28,0.00,https://eknazariya.com/,14,0.02,0.00,0.01,149,"66, 81, 81, 66, 66, 100, 100, 81, 81, 66, 66, 54",2026-07-27,"Image pack, Reviews, Video, People also ask, Related searches",informational,Organic
ghalib sad shayari,5,5,590,18,0.00,https://eknazariya.com/ghalib-shayari,14,0.02,0.00,0.33,136,"82, 100, 82, 82, 67, 67, 82, 82, 55, 55, 67, 44",2026-07-11,"Image pack, Sitelinks, Reviews, Video, Image, Video Carousel, People also ask, Related searches",informational,Organic
legend shayari,8,8,480,29,0.00,https://eknazariya.com/,14,0.02,0.00,0.33,119,"100, 100, 100, 100, 81, 81, 100, 100, 81, 66, 81, 81",2026-07-09,"Image pack, Reviews, Video, Image, Ads bottom, People also ask, Related searches, Ads middle",informational,Organic
attitude shayari hashtags,4,4,210,11,0.00,https://eknazariya.com/hashtags-%23shayri,14,0.02,0.00,0,110,"82, 100, 67, 67, 82, 54, 44, 54, 28, 28, 18, 8",2026-07-06,"Video, Related searches",commercial,Organic
online shayari in hindi,11,11,1600,41,0.00,https://eknazariya.com/,14,0.02,0.00,0.33,153,"5, 9, 23, 43, 43, 43, 43, 66, 66, 100, 1, 2",2026-07-12,"Reviews, Video, People also ask, Related searches",informational,Organic
love shayari gulzar,4,4,260,19,0.00,https://eknazariya.com/gulzar-shayari-1,13,0.02,0.00,0.33,139,"81, 100, 100, 81, 81, 100, 100, 81, 66, 66, 53, 44",2026-08-07,"Image pack, Reviews, Video, People also ask, Related searches",informational,Organic
urdu one line shayari in hindi,5,5,260,23,0.00,https://eknazariya.com/,13,0.02,0.00,0.33,74,"13, 44, 82, 54, 67, 67, 82, 100, 82, 67, 82, 82",2026-07-24,"Image pack, Reviews, People also ask, Related searches",informational,Organic
shayri in,4,4,260,38,0.00,https://eknazariya.com/,13,0.02,0.00,0,128,"54, 44, 67, 54, 67, 67, 67, 67, 67, 100, 82, 67",2026-06-30,"Image pack, Reviews, Video, Related searches",informational,Organic
shayari co,6,6,260,39,0.00,https://eknazariya.com/,13,0.02,0.00,0.33,37,"15, 19, 19, 19, 24, 29, 24, 66, 66, 66, 100, 81",2026-07-20,"Reviews, Video, People also ask, Related searches",informational,Organic
hit shayari,3,3,260,31,0.00,https://eknazariya.com/,13,0.02,0.00,0.33,151,"81, 81, 81, 81, 81, 100, 100, 81, 66, 66, 66, 66",2026-08-09,"Reviews, Video, People also ask, Related searches, AI overview",informational,Organic
mirza ghalib quotes in hindi,4,4,260,27,0.00,https://eknazariya.com/ghalib-shayari,13,0.02,0.00,0.33,151,"81, 66, 81, 81, 66, 81, 100, 81, 81, 66, 66, 53",2026-06-23,"Image pack, Sitelinks, Reviews, Video, Image, People also ask, Related searches",informational,Organic
gulzar two lines in hindi,4,4,260,13,0.00,https://eknazariya.com/gulzar-shayari-1,13,0.02,0.00,0.33,138,"3, 13, 44, 54, 54, 67, 82, 82, 67, 82, 100, 100",2026-07-19,"Sitelinks, Reviews, Video, Featured snippet, Video Carousel, People also ask, Related searches",informational,Organic
hindi shayari quotes,10,10,1900,42,0.40,https://eknazariya.com/,13,0.02,5.00,0.33,151,"100, 83, 83, 83, 66, 83, 83, 66, 66, 55, 66, 55",2026-08-06,"Image pack, Reviews, Video, People also ask, Related searches",informational,Organic
famous shayari in hindi,7,7,1000,21,0.40,https://eknazariya.com/,13,0.02,5.00,0.33,153,"55, 62, 62, 81, 81, 100, 100, 81, 24, 37, 37, 37",2026-08-01,"Image pack, Reviews, Video, People also ask, Related searches",informational,Organic
rhyming lines in hindi,9,9,480,20,0.00,https://eknazariya.com/,12,0.02,0.00,0.33,112,"8, 24, 36, 30, 30, 36, 67, 44, 44, 82, 100, 100",2026-07-20,"Image pack, Reviews, Video, People also ask, Related searches",informational,Organic
shayri in urdu hindi,6,6,320,30,0.00,https://eknazariya.com/,12,0.02,0.00,0.33,85,"7, 6, 12, 44, 82, 82, 54, 15, 24, 44, 67, 100",2026-07-24,"Image pack, Reviews, Video, Image, People also ask, Related searches",informational,Organic
shayari writing,13,13,2400,42,0.00,https://eknazariya.com/,12,0.02,0.00,0.33,147,"20, 23, 36, 43, 43, 55, 82, 82, 100, 66, 36, 43",2026-07-04,"Reviews, Video, Image, People also ask, Related searches, AI overview",informational,Organic
gulzar love quotes in hindi,2,2,140,10,0.00,https://eknazariya.com/gulzar-shayari-1,12,0.02,0.00,0.33,146,"67, 100, 54, 36, 28, 36, 36, 18, 18, 18, 23, 18",2026-08-08,"Image pack, Reviews, Video, Image, People also ask, Related searches",informational,Organic
quotes on ishq in hindi,2,2,140,3,0.00,https://eknazariya.com/ishq-shayari,12,0.02,0.00,0,145,"82, 82, 82, 82, 65, 82, 100, 100, 100, 100, 100, 100",2026-08-02,"Image pack, Sitelinks, Reviews, Video, Image, People also ask, Related searches",informational,Organic
shayari website,7,7,320,29,0.00,https://eknazariya.com/,12,0.02,0.00,0.01,88,"82, 82, 100, 82, 82, 100, 100, 82, 82, 67, 82, 67",2026-07-30,"Reviews, Video, Related searches",commercial,Organic
story shayari,13,13,2400,23,0.40,https://eknazariya.com/,12,0.02,4.00,0.33,128,"100, 100, 83, 83, 66, 83, 83, 83, 66, 66, 66, 66",2026-07-17,"Image pack, Reviews, Video, Image, People also ask, Related searches",informational,Organic
sad shayri in hindi,34,34,18100,42,0.26,https://eknazariya.com/best-sad-shayari,12,0.02,3.00,0.01,115,"100, 100, 100, 82, 100, 100, 82, 82, 82, 100, 100, 100",2026-08-15,"Sitelinks, Reviews, Video, Image, People also ask, Related searches, AI overview","commercial, informational",Organic
sher ki shayari,9,9,480,20,0.00,https://eknazariya.com/,12,0.02,0.00,0.33,123,"100, 81, 100, 81, 66, 100, 100, 81, 66, 66, 66, 54",2026-08-12,"Image pack, Reviews, Video, People also ask, Related searches",informational,Organic
sad gulzar shayari,3,3,170,27,0.00,https://eknazariya.com/gulzar-shayari-1,11,0.01,0.00,0.33,138,"81, 100, 81, 65, 35, 65, 65, 65, 42, 42, 54, 54",2026-07-14,"Image pack, Reviews, Video, Video Carousel, People also ask, Related searches",informational,Organic
gulzar sahab shayari,11,11,1600,28,0.40,https://eknazariya.com/gulzar-shayari-1,11,0.01,4.00,0.01,73,"34, 100, 66, 66, 66, 66, 66, 55, 55, 45, 20, 20",2026-07-23,"Image pack, Reviews, Video, Featured snippet, Image, People also ask, Related searches",informational,Organic
shayri best,6,6,390,38,0.09,https://eknazariya.com/,11,0.01,0.00,0.01,155,"100, 81, 81, 67, 81, 67, 67, 67, 81, 81, 67, 81",2026-07-27,"Image pack, Reviews, Video, Featured snippet, People also ask, Related searches",commercial,Organic
shayri the ghalib way,3,3,170,23,0.00,https://eknazariya.com/ghalib-shayari,11,0.01,0.00,0.33,140,"5, 23, 18, 36, 36, 54, 44, 44, 44, 67, 100, 100",2026-08-17,"Sitelinks, Reviews, Video, People also ask, Related searches, AI overview",commercial,Organic
ghalib quotes in hindi,3,3,170,21,0.00,https://eknazariya.com/ghalib-shayari,11,0.01,0.00,0.33,151,"100, 100, 81, 81, 81, 81, 100, 67, 67, 67, 33, 52",2026-08-05,"Image pack, Sitelinks, Reviews, Video, Image, Ads top, Ads bottom, People also ask, Related searches",informational,Organic
shayari ki shayari in hindi,2,2,170,44,0.00,https://eknazariya.com/,11,0.01,0.00,0,144,"100, 7, 6, 3, 1, 19, 29, 36, 3, 1, 1, 82",2026-06-21,"Image pack, Reviews, Video, People also ask, Related searches",informational,Organic
urdu love shayari in hindi,11,11,1600,31,0.00,https://eknazariya.com/,11,0.01,0.00,0.33,143,"84, 84, 84, 84, 84, 84, 100, 100, 84, 68, 68, 53",2026-07-18,"Image pack, Reviews, Video, Image, People also ask, Related searches",informational,Organic
shayari instagram hashtags,4,4,170,16,0.00,https://eknazariya.com/hashtags-%23shayri,11,0.01,0.00,0,37,"100, 81, 67, 67, 67, 67, 100, 81, 81, 100, 81, 67",2026-07-24,"Video, People also ask, Related searches, AI overview",navigational,Organic
achi achi shayari,10,10,2900,19,0.20,https://eknazariya.com/,11,0.01,2.00,0,112,"66, 66, 55, 55, 66, 66, 66, 66, 100, 66, 55, 43",2026-06-24,"Image pack, Sitelinks, Reviews, Video, Video Carousel, People also ask, Related searches",informational,Organic
shayari gulzar,14,14,3600,24,0.49,https://eknazariya.com/gulzar-shayari-1,10,0.01,4.00,0,146,"82, 100, 82, 82, 66, 82, 82, 66, 82, 82, 82, 100",2026-08-15,"Image pack, Sitelinks, Reviews, Video, Image, People also ask, Related searches, AI overview",informational,Organic
gulzar motivational quotes in hindi,4,4,210,25,0.00,https://eknazariya.com/gulzar-shayari-1,10,0.01,0.00,0.33,149,"81, 81, 44, 22, 34, 81, 81, 81, 100, 44, 34, 34",2026-08-14,"Image pack, Reviews, Video, Image, People also ask, Related searches",informational,Organic
best hindi shayri,5,5,260,29,0.09,https://eknazariya.com/,10,0.01,0.00,0.01,153,"82, 82, 100, 67, 67, 82, 67, 54, 44, 67, 67, 67",2026-07-20,"Image pack, Reviews, Video, Video Carousel, People also ask, Related searches",commercial,Organic
mirza ghalib shayari on life,3,3,210,23,0.00,https://eknazariya.com/ghalib-shayari,10,0.01,0.00,0.33,146,"66, 66, 66, 53, 53, 81, 100, 100, 81, 81, 66, 66",2026-07-08,"Image pack, Sitelinks, Reviews, Video, Image, People also ask, Related searches, AI overview",informational,Organic
ghalib sahab ki shayari,3,3,210,23,0.00,https://eknazariya.com/ghalib-shayari,10,0.01,0.00,0.01,88,"81, 81, 100, 81, 100, 100, 100, 81, 81, 81, 65, 65",2026-07-26,"Image pack, Reviews, Video, Image, People also ask, Related searches",informational,Organic
sardari shayari in hindi,5,5,260,27,0.00,https://eknazariya.com/,10,0.01,0.00,0.33,37,"7, 24, 54, 44, 44, 66, 81, 66, 100, 2, 3, 2",2026-07-20,"Reviews, People also ask, Related searches, AI overview",informational,Organic
love quotes in hindi by ghalib,5,5,210,18,0.00,https://eknazariya.com/ghalib-shayari,10,0.01,0.00,0.33,150,"6, 28, 66, 44, 81, 66, 53, 81, 53, 81, 81, 100",2026-08-14,"Sitelinks, Reviews, Video, Video Carousel, People also ask, Related searches",informational,Organic
best shayari ever in hindi,5,5,210,39,0.00,https://eknazariya.com/,10,0.01,0.00,0.33,152,"23, 44, 54, 54, 67, 82, 100, 100, 100, 13, 13, 18",2026-07-21,"Reviews, Video, People also ask, Related searches",commercial,Organic
ghalib ki shayari,13,13,3600,30,0.40,https://eknazariya.com/ghalib-shayari,10,0.01,4.00,0.01,1540,"81, 81, 100, 81, 81, 81, 81, 67, 54, 54, 44, 44",2026-08-03,"Image pack, Sitelinks, Reviews, Video, Ads top, Ads bottom, Video Carousel, People also ask, Related searches",informational,Organic
ghalib poetry in hindi,5,5,260,25,0.00,https://eknazariya.com/ghalib-shayari,10,0.01,0.00,0.33,170,"67, 82, 82, 54, 67, 82, 100, 67, 82, 54, 67, 54",2026-07-23,"Image pack, Sitelinks, Reviews, Video, People also ask, Related searches",informational,Organic
land shayari,20,20,6600,15,0.00,https://eknazariya.com/,9,0.01,0.00,0.33,107,"5, 9, 36, 67, 67, 67, 82, 100, 82, 67, 5, 9",2026-06-21,"Reviews, People also ask",informational,Organic
shayari shayari shayari,6,6,720,41,0.00,https://eknazariya.com/,9,0.01,0.00,0.33,135,"72, 72, 88, 88, 72, 72, 100, 88, 88, 72, 59, 59",2026-06-26,"Knowledge panel, Image pack, Reviews, Video, Video Carousel, People also ask, Related searches","informational, transactional",Organic
koi shayari,6,6,1000,45,0.00,https://eknazariya.com/,9,0.01,0.00,0.33,145,"55, 68, 68, 68, 68, 100, 77, 77, 77, 77, 77, 77",2026-07-26,"Image pack, Reviews, Video, Ads top, Video Carousel, People also ask, Related searches, AI overview",informational,Organic
shero shayari hindi mein,6,6,320,24,0.00,https://eknazariya.com/,9,0.01,0.00,0.33,148,"100, 82, 100, 82, 82, 100, 100, 82, 82, 82, 67, 82",2026-08-12,"Image pack, Reviews, Video, Video Carousel, People also ask, Related searches",informational,Organic
ishq bhari shayari,2,2,140,4,0.00,https://eknazariya.com/ishq-shayari,9,0.01,0.00,0.33,66,"65, 82, 82, 82, 82, 82, 100, 82, 82, 65, 53, 41",2026-07-20,"Image pack, Sitelinks, Reviews, Video, People also ask, Related searches",informational,Organic
urdu shayari quotes,9,9,320,30,0.00,https://eknazariya.com/,9,0.01,0.00,0.33,130,"81, 81, 81, 81, 100, 81, 67, 54, 54, 67, 54, 67",2026-08-01,"Image pack, Reviews, Video, Related searches",informational,Organic
love ishq shayari,2,2,110,,0.00,https://eknazariya.com/ishq-shayari,9,0.01,0.00,0.33,127,"65, 41, 65, 65, 29, 41, 65, 65, 53, 65, 82, 100",2026-08-17,"Image pack, Sitelinks, Reviews, Video, Ads bottom, People also ask, Related searches",informational,Organic
ishq ke upar shayari,2,2,140,3,0.00,https://eknazariya.com/ishq-shayari,9,0.01,0.00,0.33,129,"67, 52, 52, 67, 67, 67, 81, 100, 81, 52, 52, 67",2026-07-05,"Image pack, Sitelinks, Reviews, Video, Image, People also ask, Related searches",informational,Organic
tere ishq mein shayari in hindi,2,2,110,1,0.00,https://eknazariya.com/ishq-shayari,9,0.01,0.00,0.33,116,"12, 3, 3, 9, 100, 100, 66, 100, 6, 3, 28, 9",2026-08-19,"Image pack, Sitelinks, Reviews, Video, People also ask, Related searches, AI overview",informational,Organic
gulzar motivational shayari,2,2,110,27,0.00,https://eknazariya.com/gulzar-shayari-1,9,0.01,0.00,0.33,142,"67, 67, 81, 81, 100, 52, 52, 33, 43, 43, 43, 43",2026-07-14,"Image pack, Sitelinks, Reviews, Video, People also ask, Related searches",informational,Organic
shayari logo,13,13,1900,30,0.00,https://eknazariya.com/,9,0.01,0.00,0.33,143,"79, 79, 100, 79, 79, 79, 100, 100, 79, 79, 54, 67",2026-07-14,"Image pack, Reviews, Video, Image, People also ask, Related searches",informational,Organic
love shayari galib,6,6,320,16,0.00,https://eknazariya.com/ghalib-shayari,9,0.01,0.00,0,147,"54, 54, 67, 67, 67, 81, 100, 81, 67, 81, 54, 44",2026-08-10,"Image pack, Sitelinks, Reviews, Video, Image, People also ask, Related searches",informational,Organic
trending shayari in hindi,1,1,590,41,0.00,https://eknazariya.com/,9,0.01,0.00,0.33,136,"44, 55, 67, 55, 67, 100, 100, 82, 82, 67, 67, 67",2026-07-30,"Reviews, Video, Image, People also ask, Related searches, AI overview",informational,AI overview
acchi shayari,11,11,2400,30,0.00,https://eknazariya.com/,9,0.01,0.00,0.33,141,"79, 100, 100, 100, 79, 79, 100, 100, 100, 79, 79, 100",2026-07-13,"Image pack, Sitelinks, Reviews, Video, Video Carousel, People also ask, Related searches",informational,Organic
popular shayari,6,6,320,18,0.00,https://eknazariya.com/,9,0.01,0.00,0.33,144,"82, 82, 82, 82, 67, 82, 100, 82, 82, 67, 67, 82",2026-07-23,"Image pack, Reviews, Video, Video Carousel, Related searches",informational,Organic
achi shayri in hindi,8,8,390,28,0.00,https://eknazariya.com/,9,0.01,0.00,0,143,"81, 81, 81, 100, 100, 81, 81, 81, 81, 54, 67, 81",2026-08-09,"Image pack, Sitelinks, Reviews, Video, People also ask, Related searches",informational,Organic
shayari sunao,9,9,1000,33,0.00,https://eknazariya.com/,9,0.01,0.00,0.33,137,"100, 77, 77, 77, 68, 77, 77, 68, 68, 68, 77, 77",2026-08-03,"Image pack, Reviews, Video, People also ask, Related searches, AI overview",informational,Organic
new sad shayari,13,13,1900,43,0.40,https://eknazariya.com/best-sad-shayari,9,0.01,3.00,0.33,121,"66, 66, 66, 66, 55, 55, 100, 83, 55, 55, 55, 55",2026-07-12,"Image pack, Sitelinks, Reviews, Video, People also ask, Related searches",informational,Organic
sher aur shayari,8,8,1000,24,0.40,https://eknazariya.com/,9,0.01,3.00,0.01,138,"68, 77, 100, 77, 77, 100, 100, 77, 77, 45, 45, 45",2026-08-08,"Image pack, Reviews, Video, Image, Video Carousel, People also ask, Related searches",informational,Organic
shayari written in hindi,12,12,2400,37,0.00,https://eknazariya.com/,9,0.01,0.00,0.33,154,"11, 16, 44, 67, 67, 81, 100, 100, 100, 81, 36, 53",2026-06-20,"Image pack, Reviews, Video, Image, People also ask, Related searches, AI overview",informational,Organic
ishq shayari in hindi 2 lines,3,3,140,12,0.00,https://eknazariya.com/ishq-shayari,9,0.01,0.00,0.33,100,"24, 43, 43, 43, 52, 67, 100, 100, 81, 81, 67, 67",2026-07-11,"Image pack, Sitelinks, Reviews, Video, Ads top, Ads bottom, People also ask, Related searches",informational,Organic
antarwasna poem shayari hindi,16,16,2400,17,0.00,https://eknazariya.com/,9,0.01,0.00,0,9920,"100, 100, 100, 81, 36, 16, 100, 53, 28, 67, 20, 16",2026-06-21,"Reviews, People also ask",commercial,Organic
ishq status,2,2,110,5,0.00,https://eknazariya.com/ishq-shayari,9,0.01,0.00,0.33,147,"100, 15, 29, 1, 1, 1, 1, 4, 1, 7, 3, 1",2026-06-16,"Image pack, Reviews, Video, People also ask, Related searches",informational,Organic
topic for shayari,8,8,390,28,0.00,https://eknazariya.com/,9,0.01,0.00,0.33,146,"10, 12, 36, 67, 44, 44, 67, 82, 54, 82, 82, 100",2026-06-26,"Image pack, Reviews, Video, People also ask, Related searches",informational,Organic
sayri ki dayri hindi,13,13,1900,21,0.00,https://eknazariya.com/,9,0.01,0.00,0.18,153,"3, 5, 4, 3, 3, 3, 3, 3, 4, 4, 3, 100",2026-07-30,"Reviews, Video, People also ask, Related searches, AI overview",informational,Organic
pyar ishq shayari,2,2,110,10,0.00,https://eknazariya.com/ishq-shayari,9,0.01,0.00,0.33,139,"79, 100, 79, 79, 100, 79, 64, 64, 50, 50, 64, 50",2026-07-03,"Image pack, Sitelinks, Reviews, Video, Image, People also ask, Related searches",informational,Organic
love sonnets of ghalib in hindi,14,14,2400,25,0.00,https://eknazariya.com/ghalib-shayari,9,0.01,0.00,0.33,151,"2, 5, 7, 3, 7, 12, 23, 23, 30, 81, 100, 36",2026-07-29,"Reviews, Video, People also ask, Related searches, AI overview",informational,Organic
most popular shayari,5,5,210,19,0.00,https://eknazariya.com/,8,0.01,0.00,0.01,150,"81, 81, 81, 65, 81, 100, 100, 65, 65, 54, 54, 54",2026-08-02,"Image pack, Reviews, Video, Image, Video Carousel, People also ask, Related searches",informational,Organic
hindi urdu shayri,6,6,210,25,0.00,https://eknazariya.com/,8,0.01,0.00,0,129,"100, 100, 81, 100, 100, 81, 100, 65, 65, 81, 65, 81",2026-07-03,"Image pack, Reviews, Video, Image, Ads top, Video Carousel, Related searches, Ads middle, AI overview",informational,Organic
shayari gulzar hindi,6,6,210,21,0.00,https://eknazariya.com/gulzar-shayari-1,8,0.01,0.00,0,69,"28, 44, 53, 66, 66, 66, 66, 81, 100, 66, 66, 66",2026-07-26,"Image pack, Sitelinks, Reviews, Ads top, Related searches",informational,Organic
mashoor shayari,3,3,170,22,0.00,https://eknazariya.com/,8,0.01,0.00,0.33,156,"52, 67, 81, 67, 81, 100, 100, 100, 100, 67, 81, 67",2026-07-23,"Reviews, Video, Video Carousel, People also ask, Related searches, AI overview",informational,Organic
ghazal shayari,13,13,1600,30,0.00,https://eknazariya.com/,8,0.01,0.00,0.33,141,"84, 100, 84, 84, 84, 100, 100, 100, 68, 68, 53, 53",2026-07-13,"Image pack, Reviews, Video, People also ask, Related searches",informational,Organic
urdu shayari on life,15,15,5400,26,0.00,https://eknazariya.com/,8,0.01,0.00,0.33,138,"100, 100, 100, 100, 100, 82, 100, 82, 82, 67, 82, 67",2026-06-23,"Image pack, Reviews, Video, Video Carousel, People also ask, Related searches",informational,Organic
unnarrated shayari,14,14,1600,23,0.00,https://eknazariya.com/,8,0.01,0.00,0,124,"1, 4, 16, 30, 23, 36, 43, 82, 100, 66, 0, 0",2026-07-16,"Sitelinks, Reviews, Video, Image, Related searches, AI overview",informational,Organic
gulzar shayari for husband,15,15,2900,26,0.00,https://eknazariya.com/gulzar-shayari-1,8,0.01,0.00,0.33,146,"55, 55, 55, 43, 55, 100, 100, 82, 66, 82, 82, 66",2026-08-08,"Image pack, Sitelinks, Reviews, Video, Image, People also ask, Related searches",informational,Organic
pakistani shayari,15,15,5400,28,0.40,https://eknazariya.com/,8,0.01,3.00,0.33,147,"100, 100, 100, 82, 82, 100, 82, 67, 67, 55, 55, 44",2026-07-31,"Image pack, Reviews, Video, Image, Video Carousel, People also ask, Related searches",informational,Organic
world best shayari in hindi,3,3,210,22,0.00,https://eknazariya.com/,8,0.01,0.00,0.33,153,"44, 44, 44, 44, 36, 36, 54, 54, 82, 100, 67, 28",2026-07-10,"Image pack, Reviews, Video, People also ask, Related searches, AI overview",commercial,Organic
gazal hindi shayari,9,9,1600,26,0.00,https://eknazariya.com/,8,0.01,0.00,0.33,143,"37, 42, 54, 67, 54, 67, 79, 100, 79, 79, 37, 37",2026-06-28,"Image pack, Reviews, Video, Image, Video Carousel, People also ask, Related searches",informational,Organic
likhi hui shayari,5,5,320,30,0.00,https://eknazariya.com/,8,0.01,0.00,0.33,144,"82, 100, 82, 67, 82, 100, 82, 67, 67, 67, 67, 67",2026-08-09,"Image pack, Reviews, Video, Image, Video Carousel, People also ask, Related searches",informational,Organic
shayari copy,18,18,5400,27,0.40,https://eknazariya.com/,8,0.01,3.00,0.33,100,"67, 67, 67, 67, 67, 82, 100, 82, 82, 82, 67, 67",2026-08-14,"Image pack, Reviews, Video, Image, People also ask, Related searches",informational,Organic
shayari the ghalib way,5,5,170,26,0.00,https://eknazariya.com/ghalib-shayari,8,0.01,0.00,0.33,144,"5, 23, 18, 36, 36, 54, 44, 44, 44, 67, 100, 100",2026-08-19,"Reviews, Video, Video Carousel, People also ask, Related searches",informational,Organic
shayar ki shayari,5,5,320,37,0.00,https://eknazariya.com/,8,0.01,0.00,0.01,146,"82, 82, 82, 67, 82, 100, 82, 82, 67, 67, 54, 54",2026-07-29,"Image pack, Reviews, Video, Image, Video Carousel, People also ask, Related searches, AI overview",informational,Organic
most shayari,3,3,170,35,0.00,https://eknazariya.com/,8,0.01,0.00,0.33,58100000,"67, 81, 100, 67, 81, 81, 100, 67, 67, 67, 67, 67",2026-08-11,"Image pack, Reviews, Video, Image, Video Carousel, People also ask, Related searches",informational,Organic
shayari best shayari,4,4,170,37,0.00,https://eknazariya.com/,8,0.01,0.00,0,153,"81, 100, 100, 81, 81, 65, 54, 81, 54, 54, 65, 42",2026-08-11,"Image pack, Reviews, Video, Ads top, Ads bottom, People also ask, Related searches",commercial,Organic
hit shayari in hindi,4,4,170,37,0.00,https://eknazariya.com/,8,0.01,0.00,0.33,155,"100, 65, 81, 65, 81, 81, 65, 54, 35, 35, 42, 19",2026-08-10,"Image pack, Reviews, Video, Image, Ads top, Ads bottom, Video Carousel, People also ask, Related searches, AI overview",commercial,Organic
nazar shayari 2 line,16,16,2400,15,0.00,https://eknazariya.com/,7,0.01,0.00,0.33,121,"83, 83, 66, 83, 83, 83, 83, 100, 83, 83, 66, 66",2026-07-14,"Image pack, Sitelinks, Reviews, Video, Image, People also ask, Related searches, AI overview",informational,Organic
interesting shayari,7,7,260,37,0.00,https://eknazariya.com/,7,0.01,0.00,0.33,149,"81, 100, 100, 81, 81, 100, 81, 100, 66, 53, 66, 53",2026-07-29,"Image pack, Reviews, Video, Image, People also ask, Related searches",informational,Organic
shayari poem in hindi,8,8,880,23,0.00,https://eknazariya.com/,7,0.01,0.00,0.33,171,"45, 55, 77, 100, 68, 77, 100, 100, 77, 77, 37, 37",2026-06-28,"Image pack, Reviews, Video, Image, Video Carousel, Related searches",informational,Organic
shayari in hindi gulzar,14,14,2400,19,0.00,https://eknazariya.com/gulzar-shayari-1,7,0.01,0.00,0.33,139,"9, 20, 16, 30, 55, 82, 66, 43, 66, 100, 82, 66",2026-07-29,"Image pack, Sitelinks, Reviews, Video, Image, Ads top, Ads bottom, People also ask, Related searches, See results about",informational,Organic
free shayari in hindi,10,10,880,43,0.00,https://eknazariya.com/,7,0.01,0.00,0.02,145,"5, 11, 45, 100, 100, 100, 100, 100, 100, 100, 4, 2",2026-07-11,"Image pack, Reviews, Video, Image, People also ask, Related searches",informational,Organic
tanhai shayari gulzar,3,3,140,19,0.00,https://eknazariya.com/gulzar-shayari-1,7,0.01,0.00,0.33,146,"53, 53, 53, 65, 65, 82, 82, 82, 82, 100, 100, 65",2026-08-19,"Image pack, Sitelinks, Reviews, Video, Video Carousel, People also ask, Related searches, AI overview",informational,Organic
shayari kuch,2,2,260,34,0.00,https://eknazariya.com/,7,0.01,0.00,0,78,"100, 100, 81, 81, 81, 100, 100, 66, 66, 66, 66, 66",2026-06-30,"Reviews, Video, Video Carousel, People also ask, Related searches",informational,Organic
hindi shayari collection,4,4,110,30,0.00,https://eknazariya.com/,7,0.01,0.00,0.13,59,"16, 22, 34, 34, 22, 34, 34, 22, 28, 28, 28, 100",2026-07-25,"Image pack, Reviews, Image, People also ask, Related searches","commercial, informational",Organic
i shayari,5,5,260,47,0.00,https://eknazariya.com/,7,0.01,0.00,0.33,141,"81, 81, 81, 66, 81, 100, 100, 81, 66, 66, 66, 66",2026-07-29,"Image pack, Reviews, Video, Image, People also ask, Related searches",informational,Organic
shayari in text,5,5,140,36,0.00,https://eknazariya.com/,7,0.01,0.00,0.01,133,"67, 67, 81, 100, 81, 67, 67, 81, 52, 52, 52, 52",2026-07-23,"Reviews, Video, Image, Related searches",commercial,Organic
shayari achha achha,7,7,260,24,0.00,https://eknazariya.com/,7,0.01,0.00,0.33,123,"67, 67, 82, 44, 54, 100, 67, 54, 54, 54, 67, 54",2026-08-03,"Image pack, Reviews, Video, People also ask, Related searches",informational,Organic
shayari ki shayari,8,8,1000,45,0.00,https://eknazariya.com/,7,0.01,0.00,0.33,144,"77, 77, 100, 77, 77, 68, 100, 100, 77, 77, 68, 77",2026-06-29,"Knowledge panel, Reviews, Video, Video Carousel, People also ask, Related searches",informational,Organic
shayari for men,11,11,1000,34,0.40,https://eknazariya.com/,7,0.01,2.00,0.01,112,"68, 68, 55, 68, 68, 77, 100, 77, 77, 77, 68, 68",2026-06-28,"Image pack, Sitelinks, Reviews, Video, Featured snippet, Image, Related searches",informational,Organic
short shayari hindi,9,9,590,40,0.00,https://eknazariya.com/,7,0.01,0.00,0,152,"44, 44, 82, 82, 100, 82, 82, 100, 82, 67, 67, 67",2026-08-12,"Image pack, Reviews, Video, Ads top, Ads bottom, People also ask, Related searches",informational,Organic
shayari link,9,9,260,41,0.00,https://eknazariya.com/,7,0.01,0.00,0.33,146,"44, 54, 54, 67, 54, 54, 82, 100, 82, 54, 54, 54",2026-07-07,"Image pack, Reviews, Video, Ads top, Ads bottom, People also ask, Related searches",commercial,Organic
mirza ghalib poetry in hindi,8,8,260,30,0.00,https://eknazariya.com/ghalib-shayari,7,0.01,0.00,0.01,175,"81, 81, 81, 100, 66, 66, 100, 81, 66, 66, 66, 53",2026-07-13,"Image pack, Sitelinks, Reviews, Video, Image, People also ask, Related searches",informational,Organic
shayari ideas,1,1,110,27,0.00,https://eknazariya.com/,7,0.01,0.00,0.33,146,"79, 100, 79, 64, 79, 100, 64, 79, 79, 50, 64, 36",2026-08-09,"Reviews, People also ask, Related searches, AI overview",informational,AI overview
shayari of ghalib on ishq,3,3,140,15,0.00,https://eknazariya.com/ghalib-shayari,7,0.01,0.00,0.01,142,"100, 81, 81, 67, 52, 67, 67, 67, 43, 43, 52, 33",2026-08-14,"Image pack, Sitelinks, Reviews, Video, People also ask, Related searches, AI overview",informational,Organic
super shayari,6,6,590,34,0.00,https://eknazariya.com/,7,0.01,0.00,0.33,145,"81, 100, 81, 100, 81, 100, 100, 100, 81, 81, 81, 100",2026-06-22,"Image pack, Reviews, Video, Video Carousel, People also ask, Related searches",informational,Organic
ghalib shayari on ishq,4,4,140,23,0.00,https://eknazariya.com/ghalib-shayari,7,0.01,0.00,0.01,143,"100, 81, 81, 67, 52, 67, 67, 67, 43, 43, 52, 33",2026-08-19,"Image pack, Sitelinks, Reviews, Video, Image, People also ask, Related searches",informational,Organic
shayari hit,4,4,140,39,0.00,https://eknazariya.com/,7,0.01,0.00,0.1,149,"35, 42, 81, 54, 54, 54, 35, 42, 42, 42, 42, 100",2026-07-13,"Image pack, Reviews, Video, People also ask, Related searches, AI overview",informational,Organic
old shayari in hindi,7,7,720,35,0.04,https://eknazariya.com/,6,0.01,0.00,0,137,"100, 88, 59, 59, 72, 72, 59, 72, 59, 72, 72, 88",2026-07-11,"Reviews, Video, Image, Video Carousel, People also ask, Related searches, AI overview",informational,Organic
shayari of,5,5,170,28,0.00,https://eknazariya.com/,6,0.01,0.00,0.33,150,"67, 100, 81, 67, 81, 81, 100, 81, 67, 52, 81, 43",2026-08-13,"Knowledge panel, Reviews, Video, Image, People also ask, Related searches, AI overview",informational,Organic
shayari com,11,11,720,23,0.30,https://eknazariya.com/,6,0.01,1.00,0.02,144,"67, 82, 100, 100, 67, 67, 82, 100, 67, 55, 55, 67",2026-07-10,"Image pack, Reviews, Video, Related searches",informational,Organic
quotes poem in hindi,12,12,880,25,0.00,https://eknazariya.com/,6,0.01,0.00,0.33,79,"1, 4, 24, 45, 37, 55, 55, 62, 62, 62, 100, 100",2026-07-14,"Image pack, Reviews, Video, Related searches",informational,Organic
hindi hashtags,22,22,4400,22,0.00,https://eknazariya.com/hashtags-%23shayri,6,0.01,0.00,0.33,130,"11, 30, 54, 54, 44, 54, 54, 54, 54, 81, 100, 100",2026-08-14,"Reviews, Video, People also ask, Related searches, AI overview",informational,Organic
great shayari in hindi,6,6,210,37,0.00,https://eknazariya.com/,6,0.01,0.00,0,158,"100, 81, 81, 100, 100, 100, 100, 100, 81, 100, 81, 81",2026-07-03,"Image pack, Reviews, Video, Image, Ads top, Ads bottom, People also ask, Related searches",informational,Organic
shayari in urdu hindi,8,8,210,29,0.00,https://eknazariya.com/,6,0.01,0.00,0,142,"81, 81, 65, 65, 81, 100, 81, 100, 100, 100, 81, 81",2026-08-14,"Knowledge panel, Image pack, Reviews, Video, Image, Ads top, Ads bottom, People also ask, Related searches",informational,Organic
koi shayari,1,1,1000,45,0.00,https://eknazariya.com/,6,0.01,0.00,0.33,145,"55, 68, 68, 68, 68, 100, 77, 77, 77, 77, 77, 77",2026-07-26,"Image pack, Reviews, Video, Ads top, Video Carousel, People also ask, Related searches, AI overview",informational,AI overview
most famous shayari,7,7,480,24,0.00,https://eknazariya.com/,6,0.01,0.00,0.33,147,"66, 66, 81, 81, 66, 66, 100, 100, 81, 81, 66, 66",2026-07-08,"Reviews, Video, Ads bottom, Video Carousel, People also ask, Related searches, Ads middle, AI overview",informational,Organic
deep urdu shayari in hindi,8,8,210,23,0.00,https://eknazariya.com/,6,0.01,0.00,0.33,144,"66, 66, 66, 81, 81, 66, 66, 81, 53, 44, 66, 100",2026-07-06,"Image pack, Sitelinks, Reviews, Video, Image, People also ask, Related searches",informational,Organic
short shyari,10,10,1600,31,0.12,https://eknazariya.com/,6,0.01,0.00,0,147,"2, 9, 15, 44, 36, 36, 29, 15, 15, 100, 7, 2",2026-07-24,"Image pack, Reviews, Video, Ads top, Video Carousel, Related searches, AI overview",informational,Organic
shayari words in hindi,8,8,210,37,0.00,https://eknazariya.com/,6,0.01,0.00,0.01,147,"100, 100, 100, 65, 81, 81, 81, 81, 65, 65, 42, 54",2026-08-12,"Reviews, Video, People also ask, Related searches, AI overview",commercial,Organic
indian shayari,11,11,880,45,0.00,https://eknazariya.com/,6,0.01,0.00,0.33,139,"25, 30, 100, 30, 25, 25, 30, 79, 25, 30, 20, 20",2026-06-29,"Reviews, Video, Image, People also ask, Related searches, AI overview",informational,Organic
upar shayari,7,7,210,36,0.00,https://eknazariya.com/,6,0.01,0.00,0.33,154,"100, 81, 100, 100, 81, 81, 100, 81, 81, 81, 100, 100",2026-07-24,"Image pack, Reviews, Video, People also ask, Related searches",informational,Organic
singer shayari hindi,6,6,170,22,0.00,https://eknazariya.com/,6,0.01,0.00,0.33,37,"12, 44, 81, 81, 81, 66, 100, 100, 100, 3, 3, 3",2026-07-23,"Reviews, People also ask, Related searches",informational,Organic
old shayri,7,7,210,20,0.00,https://eknazariya.com/,6,0.01,0.00,0,121,"81, 81, 81, 81, 100, 100, 100, 81, 65, 100, 65, 100",2026-07-08,"Image pack, Reviews, Video, Image, Ads top, People also ask, Related searches, Ads middle",informational,Organic
mirza ghalib shayari love,6,6,210,23,0.00,https://eknazariya.com/ghalib-shayari,6,0.01,0.00,0.33,146,"28, 22, 22, 44, 100, 100, 100, 100, 66, 66, 53, 53",2026-07-30,"Image pack, Sitelinks, Reviews, Video, People also ask, Related searches, AI overview",informational,Organic
thought gulzar 2 line shayari,11,11,880,19,0.00,https://eknazariya.com/gulzar-shayari-1,6,0.01,0.00,0.33,129,"45, 45, 45, 45, 77, 100, 77, 77, 68, 55, 68, 55",2026-07-23,"Image pack, Sitelinks, Video, Featured snippet, People also ask, Related searches",informational,Organic
achi shayari,11,11,1600,27,0.00,https://eknazariya.com/,6,0.01,0.00,0.33,140,"100, 100, 84, 84, 84, 100, 100, 100, 84, 84, 84, 84",2026-07-22,"Image pack, Sitelinks, Reviews, Video, Image, Video Carousel, People also ask, Related searches",informational,Organic
long shayari,11,11,1300,27,0.00,https://eknazariya.com/,6,0.01,0.00,0.33,130,"81, 81, 100, 81, 81, 100, 100, 100, 81, 62, 55, 55",2026-07-27,"Image pack, Reviews, Video, Image, People also ask, Related searches",informational,Organic
shayari sunao,1,1,1000,33,0.00,https://eknazariya.com/,6,0.01,0.00,0.33,137,"100, 77, 77, 77, 68, 77, 77, 68, 68, 68, 77, 77",2026-08-03,"Image pack, Reviews, Video, People also ask, Related searches, AI overview",informational,AI overview
singer shayari,10,10,720,29,0.00,https://eknazariya.com/,6,0.01,0.00,0.33,125,"67, 67, 100, 82, 82, 100, 100, 100, 100, 82, 67, 67",2026-08-10,"Image pack, Reviews, Video, Image, People also ask, Related searches",informational,Organic
gulzar shayari lyrics,7,7,210,20,0.00,https://eknazariya.com/gulzar-shayari-1,6,0.01,0.00,0.33,142,"81, 100, 81, 66, 34, 28, 81, 81, 66, 66, 53, 34",2026-06-22,"Image pack, Sitelinks, Reviews, Video, Image, Ads bottom, People also ask, Related searches, AI overview",informational,Organic
zakir khan quotes in hindi,7,7,210,13,0.00,https://eknazariya.com/zakir-khan-1,6,0.01,0.00,0.33,145,"27, 81, 81, 81, 81, 81, 100, 100, 100, 65, 54, 42",2026-08-05,"Image pack, Sitelinks, Reviews, Video, Image, People also ask, Related searches",informational,Organic
set shayari,9,9,260,37,0.00,https://eknazariya.com/,6,0.01,0.00,0.33,128,"53, 81, 81, 66, 53, 66, 81, 66, 100, 81, 81, 81",2026-08-17,"Image pack, Reviews, Video, People also ask, Related searches",informational,Organic
shayri in hindi language,8,8,210,42,0.00,https://eknazariya.com/,6,0.01,0.00,0.33,152,"19, 19, 36, 100, 19, 24, 29, 29, 36, 29, 29, 44",2026-07-05,"Reviews, Video, Image, People also ask, Related searches, AI overview",informational,Organic
one line shayari,17,17,4400,27,0.40,https://eknazariya.com/,6,0.01,2.00,0.33,139,"100, 100, 81, 81, 81, 100, 100, 81, 81, 81, 81, 81",2026-07-30,"Image pack, Reviews, Video, Image, People also ask, Related searches",informational,Organic
beautiful shayari,23,23,4400,17,0.40,https://eknazariya.com/,6,0.01,2.00,0.33,142,"100, 100, 100, 100, 100, 100, 100, 81, 81, 81, 35, 35",2026-07-30,"Image pack, Sitelinks, Reviews, Video, People also ask, Related searches, AI overview",informational,Organic
shayari write in hindi,10,10,1300,52,0.00,https://eknazariya.com/,6,0.01,0.00,0.01,149,"6, 13, 54, 67, 67, 79, 100, 100, 67, 67, 2, 2",2026-07-11,"Image pack, Reviews, Video, Image, People also ask, Related searches, AI overview",informational,Organic
shayari hindi shayari,9,9,1300,42,0.30,https://eknazariya.com/,6,0.01,1.00,0.02,148,"100, 81, 100, 81, 100, 81, 100, 81, 81, 81, 81, 81",2026-06-23,"Image pack, Reviews, Video, Image, Video Carousel, People also ask, Related searches",informational,Organic
www shayri in hindi,7,7,170,39,0.00,https://eknazariya.com/,6,0.01,0.00,0.01,151,"65, 81, 100, 81, 81, 81, 65, 65, 42, 100, 35, 54",2026-07-11,"Reviews, Video, Related searches",commercial,Organic
gulzar sad shayari in hindi,5,5,170,16,0.00,https://eknazariya.com/gulzar-shayari-1,6,0.01,0.00,0.33,140,"65, 81, 100, 100, 81, 100, 100, 42, 19, 54, 54, 35",2026-08-13,"Image pack, Sitelinks, Reviews, Video, People also ask, Related searches, AI overview",informational,Organic
shayari com in hindi,6,6,170,28,0.00,https://eknazariya.com/,6,0.01,0.00,0.33,117,"67, 67, 67, 67, 82, 100, 67, 18, 23, 8, 8, 8",2026-08-08,"Reviews, Video, Related searches, AI overview",commercial,Organic
deep urdu quotes in hindi,10,10,720,23,0.00,https://eknazariya.com/,6,0.01,0.00,0.33,151,"100, 100, 100, 100, 67, 55, 82, 82, 67, 67, 67, 55",2026-06-27,"Image pack, Sitelinks, Reviews, Video, Image, People also ask, Related searches",informational,Organic
yaad shayari gulzar,3,3,210,24,0.00,https://eknazariya.com/gulzar-shayari-1,6,0.01,0.00,0.33,138,"81, 100, 100, 65, 100, 100, 65, 81, 65, 54, 65, 35",2026-07-12,"Image pack, Reviews, Video, Video Carousel, People also ask, Related searches, AI overview",informational,Organic
best small shayari in hindi,9,9,260,34,0.00,https://eknazariya.com/,6,0.01,0.00,0.33,148,"8, 15, 24, 24, 24, 36, 44, 36, 54, 66, 100, 81",2026-08-11,"Reviews, Video, People also ask, Related searches, AI overview",commercial,Organic
best shayari ever,7,7,210,34,0.00,https://eknazariya.com/,6,0.01,0.00,0.01,155,"65, 81, 81, 100, 65, 65, 81, 81, 81, 65, 81, 65",2026-06-29,"Image pack, Reviews, Video, Ads top, Ads bottom, People also ask, Related searches",commercial,Organic
gulzar quotes hindi,14,14,1600,21,0.00,https://eknazariya.com/gulzar-shayari-1,6,0.01,0.00,0.33,145,"100, 100, 83, 66, 66, 55, 55, 45, 45, 34, 34, 34",2026-08-12,"Image pack, Reviews, Video, People also ask, Related searches",informational,Organic
full shayari in hindi,1,1,480,30,0.00,https://eknazariya.com/,6,0.01,0.00,0.33,146,"16, 24, 55, 100, 67, 67, 67, 82, 82, 67, 12, 12",2026-06-26,"Reviews, Video, People also ask, Related searches, AI overview",informational,AI overview
official shayari,8,8,210,34,0.00,https://eknazariya.com/,6,0.01,0.00,0.33,147,"81, 100, 100, 100, 81, 65, 100, 100, 65, 81, 65, 81",2026-06-28,"Image pack, Reviews, Video, Image, Related searches",informational,Organic
koi shayari sunao,6,6,210,27,0.00,https://eknazariya.com/,6,0.01,0.00,0.01,121,"65, 65, 81, 100, 65, 81, 100, 100, 100, 100, 65, 100",2026-06-25,"Image pack, Reviews, Video, People also ask, Related searches, AI overview",informational,Organic
sher quotes in hindi,9,9,210,22,0.00,https://eknazariya.com/,5,0,0.00,0.33,82,"100, 100, 81, 81, 81, 65, 81, 81, 65, 81, 81, 65",2026-07-10,"Image pack, Reviews, Video, People also ask, Related searches",informational,Organic
sher our shayri,9,9,1000,38,0.10,https://eknazariya.com/,5,0,0.00,0.33,136,"68, 68, 77, 100, 77, 77, 100, 100, 77, 77, 45, 45",2026-07-11,"Image pack, Reviews, Video, Image, Video Carousel, People also ask, Related searches",informational,Organic
gulzar shayari in hindi 2 lines,4,4,110,4,0.00,https://eknazariya.com/gulzar-shayari-1,5,0,0.00,0.33,133,"41, 29, 53, 41, 100, 100, 82, 65, 53, 41, 53, 65",2026-08-13,"Image pack, Sitelinks, Reviews, Video, Video Carousel, People also ask, Related searches",informational,Organic
gulzar shayari sad,3,3,110,23,0.00,https://eknazariya.com/gulzar-shayari-1,5,0,0.00,0.33,145,"53, 65, 65, 53, 65, 100, 82, 53, 53, 29, 53, 41",2026-07-10,"Image pack, Reviews, Video, Image, Video Carousel, People also ask, Related searches, AI overview",informational,Organic
shayari on,8,8,590,43,0.00,https://eknazariya.com/,5,0,0.00,0.33,58200000,"67, 82, 100, 82, 82, 82, 82, 82, 67, 55, 44, 55",2026-07-12,"Image pack, Reviews, Video, Image, Video Carousel, People also ask, Related searches",informational,Organic
per shayari,6,6,170,30,0.00,https://eknazariya.com/,5,0,0.00,0.33,149,"81, 100, 81, 81, 65, 100, 27, 19, 19, 42, 65, 54",2026-08-10,"Image pack, Reviews, Video, Video Carousel, People also ask, Related searches",informational,Organic
mashur shayari,3,3,110,24,0.00,https://eknazariya.com/,5,0,0.00,0.01,142,"82, 53, 100, 65, 65, 82, 82, 65, 65, 65, 65, 53",2026-08-13,"Reviews, Video, Image, Ads top, Ads bottom, People also ask, Related searches, AI overview",informational,Organic
simple shayari,16,16,1900,33,0.00,https://eknazariya.com/,5,0,0.00,0.33,84,"100, 79, 79, 79, 79, 79, 79, 67, 67, 54, 67, 54",2026-07-22,"Image pack, Reviews, People also ask, Related searches",informational,Organic
google koi shayari sunao,9,9,210,30,0.00,https://eknazariya.com/,5,0,0.00,0.33,125,"100, 100, 100, 81, 65, 81, 81, 100, 81, 81, 81, 81",2026-07-17,"Reviews, Video, People also ask, Related searches, AI overview",informational,Organic
ghalib sarcastic shayari,6,6,210,17,0.00,https://eknazariya.com/ghalib-shayari,5,0,0.00,0,151,"10, 44, 82, 82, 100, 100, 100, 100, 100, 0, 3, 0",2026-08-01,"Sitelinks, Reviews, Video, Video Carousel, AI overview",informational,Organic
badiya shayari,4,4,170,35,0.00,https://eknazariya.com/,5,0,0.00,0.33,152,"67, 81, 81, 100, 81, 67, 81, 100, 67, 81, 81, 100",2026-07-14,"Image pack, Reviews, Video, Image, Video Carousel, People also ask, Related searches",informational,Organic
poem quotes in hindi,9,9,1300,24,0.00,https://eknazariya.com/,5,0,0.00,0.33,149,"25, 31, 53, 68, 53, 68, 84, 84, 68, 68, 100, 100",2026-06-28,"Image pack, Reviews, Video, Video Carousel, People also ask, Related searches",informational,Organic
gulzar sahab shayari on love,4,4,110,23,0.00,https://eknazariya.com/gulzar-shayari-1,5,0,0.00,0.33,140,"36, 100, 64, 79, 100, 100, 100, 79, 79, 64, 64, 64",2026-07-23,"Image pack, Reviews, Video, Related searches, AI overview",informational,Organic
pakistani shayari in hindi,9,9,1000,24,0.00,https://eknazariya.com/,5,0,0.00,0.33,143,"62, 81, 81, 62, 62, 62, 100, 55, 55, 55, 45, 37",2026-07-25,"Knowledge panel, Image pack, Reviews, Video, Image, Ads top, Video Carousel, People also ask, Related searches",informational,Organic
shayari status,18,18,3600,29,0.35,https://eknazariya.com/,5,0,1.00,0.33,133,"100, 100, 100, 82, 82, 82, 82, 82, 82, 66, 66, 66",2026-08-10,"Image pack, Reviews, Video, People also ask, Related searches",informational,Organic
status poem in hindi,8,8,170,23,0.00,https://eknazariya.com/,5,0,0.00,0,180,"16, 53, 100, 100, 66, 100, 81, 81, 81, 0, 3, 0",2026-08-14,"Reviews, Video, Video Carousel, People also ask, Related searches",informational,Organic
zindagi shayari gulzar,9,9,1000,27,0.00,https://eknazariya.com/gulzar-shayari-1,5,0,0.00,0.33,153,"100, 100, 84, 84, 53, 46, 46, 38, 25, 25, 21, 21",2026-06-22,"Image pack, Reviews, Video, Image, Video Carousel, Related searches",informational,Organic
poetry and shayari,4,4,170,31,0.00,https://eknazariya.com/,5,0,0.00,0,148,"1, 1, 1, 2, 44, 1, 55, 100, 1, 36, 3, 1",2026-06-21,"Knowledge panel, Image pack, Reviews, Video, Image, People also ask, Related searches, AI overview",informational,Organic
old shayari urdu,8,8,170,30,0.00,https://eknazariya.com/,5,0,0.00,0.33,143,"65, 100, 81, 65, 65, 65, 81, 81, 65, 42, 54, 65",2026-07-01,"Image pack, Reviews, Video, Video Carousel, People also ask, Related searches",informational,Organic
behtareen shayari,7,7,170,24,0.00,https://eknazariya.com/,5,0,0.00,0.33,152,"81, 100, 81, 100, 67, 81, 100, 81, 81, 52, 52, 81",2026-07-14,"Image pack, Reviews, Video, Image, Related searches",informational,Organic
soft shayari in hindi,6,6,170,43,0.00,https://eknazariya.com/,5,0,0.00,0.33,111,"67, 1, 2, 1, 1, 1, 2, 100, 1, 55, 6, 1",2026-07-09,"Image pack, Reviews, Video, Image, Ads bottom, People also ask, Related searches, Ads middle, AI overview",commercial,Organic
original shayari,4,4,140,39,0.00,https://eknazariya.com/,5,0,0.00,0.15,151,"65, 82, 100, 82, 53, 53, 82, 82, 82, 53, 53, 100",2026-07-22,"Image pack, Reviews, Video, Image, People also ask, Related searches, AI overview",informational,Organic
achcha shayari,10,10,1000,30,0.00,https://eknazariya.com/,5,0,0.00,0.33,122,"68, 68, 77, 77, 68, 68, 77, 100, 68, 77, 77, 77",2026-06-28,"Image pack, Sitelinks, Reviews, Video, Video Carousel, People also ask, Related searches",informational,Organic
chat shayari,11,11,1300,40,0.10,https://eknazariya.com/,5,0,0.00,0.28,37900000,"35, 35, 35, 19, 11, 7, 9, 7, 9, 7, 7, 100",2026-07-18,"Image pack, Reviews, Video, Image, Video Carousel, People also ask, Related searches",informational,Organic
mirza ghalib 2 line shayari,4,4,110,18,0.00,https://eknazariya.com/ghalib-shayari,5,0,0.00,0.33,149,"1, 100, 1, 10, 12, 1, 1, 4, 3, 15, 36, 1",2026-08-17,"Image pack, Sitelinks, Reviews, Video, People also ask, Related searches",informational,Organic
shayari bolo,7,7,170,24,0.00,https://eknazariya.com/,5,0,0.00,0.33,81,"81, 100, 67, 67, 81, 81, 81, 81, 81, 81, 100, 100",2026-07-23,"Image pack, Reviews, Video, People also ask, Related searches, AI overview",informational,Organic
shayari unique,4,4,110,39,0.00,https://eknazariya.com/,5,0,0.00,0.33,144,"79, 79, 64, 79, 79, 79, 100, 100, 79, 64, 64, 64",2026-07-09,"Reviews, Video, Ads bottom, People also ask, Related searches, Ads middle, AI overview",informational,Organic
new trending shayari,9,9,390,33,0.00,https://eknazariya.com/,5,0,0.00,0.33,114,"66, 66, 66, 81, 54, 66, 100, 100, 66, 66, 66, 66",2026-07-02,"Reviews, Video, People also ask, Related searches, AI overview",commercial,Organic
best ghalib shayari on life,7,7,170,26,0.00,https://eknazariya.com/ghalib-shayari,5,0,0.00,0.33,139,"3, 8, 23, 44, 36, 36, 44, 44, 54, 54, 100, 100",2026-06-25,"Image pack, Reviews, Video, Image, Ads bottom, Video Carousel, People also ask, Related searches, Ads middle, AI overview",commercial,Organic
sher aur shayari,9,9,1000,24,0.40,https://eknazariya.com/,5,0,2.00,0.01,138,"68, 77, 100, 77, 77, 100, 100, 77, 77, 45, 45, 45",2026-08-08,"Image pack, Reviews, Video, Image, Video Carousel, People also ask, Related searches",informational,Organic
ishq poetry,5,5,140,16,0.00,https://eknazariya.com/ishq-shayari,5,0,0.00,0.33,176,"81, 100, 67, 81, 81, 67, 67, 43, 43, 52, 43, 43",2026-07-27,"Image pack, Sitelinks, Reviews, Video, Image, Ads top, Ads bottom, Video Carousel, Related searches, AI overview",informational,Organic
new hindi shayari status,20,20,3600,29,0.00,https://eknazariya.com/,5,0,0.00,0.33,138,"3, 11, 54, 100, 100, 81, 100, 100, 100, 100, 0, 0",2026-06-27,"Image pack, Reviews, Video, Related searches",commercial,Organic
note shayari,13,13,1300,37,0.00,https://eknazariya.com/,5,0,0.00,0.33,119,"100, 77, 100, 100, 77, 77, 100, 100, 100, 100, 68, 68",2026-07-12,"Image pack, Reviews, Video, Image, People also ask, Related searches",informational,Organic
mashhur shayari,6,6,210,20,0.00,https://eknazariya.com/,5,0,0.00,0.33,152,"35, 35, 54, 44, 44, 44, 54, 100, 67, 44, 29, 35",2026-07-08,"Reviews, Video, Video Carousel, People also ask, Related searches, AI overview",informational,Organic
viral shayari in hindi,1,1,1600,25,0.00,https://eknazariya.com/,5,0,0.00,0.33,141,"4, 9, 28, 53, 53, 53, 81, 100, 67, 67, 6, 7",2026-06-29,"Reviews, Video, Video Carousel, People also ask, Related searches, AI overview",informational,AI overview
singing shayari in hindi,7,7,170,23,0.00,https://eknazariya.com/,5,0,0.00,0.33,102,"54, 54, 81, 81, 65, 81, 100, 81, 81, 35, 35, 27",2026-08-13,"Image pack, Reviews, Video, Image, People also ask, Related searches, AI overview",informational,Organic
galib ki shayari,16,16,3600,30,0.40,https://eknazariya.com/ghalib-shayari,5,0,2.00,0.01,139,"81, 81, 100, 81, 81, 81, 81, 67, 54, 54, 44, 44",2026-08-03,"Image pack, Sitelinks, Reviews, Video, Video Carousel, People also ask, Related searches",informational,Organic
sher ke upar shayari,8,8,170,17,0.00,https://eknazariya.com/,5,0,0.00,0.33,140,"100, 100, 100, 81, 67, 100, 81, 52, 67, 67, 67, 81",2026-08-19,"Image pack, Reviews, Video, People also ask, Related searches",informational,Organic
apne liye shayari,10,10,1300,30,0.00,https://eknazariya.com/,5,0,0.00,0.33,120,"81, 81, 81, 81, 81, 81, 81, 81, 81, 81, 81, 100",2026-06-27,"Reviews, Video, Video Carousel, People also ask, Related searches, AI overview",informational,Organic
gulzar ki shayari,23,23,3600,27,0.40,https://eknazariya.com/gulzar-shayari-1,5,0,2.00,0.01,138,"100, 100, 100, 100, 82, 82, 82, 66, 66, 55, 55, 23",2026-07-13,"Image pack, Sitelinks, Reviews, Video, Image, Ads bottom, Video Carousel, People also ask, Related searches, Ads middle",informational,Organic
shayari for,11,11,1300,43,0.00,https://eknazariya.com/,5,0,0.00,0.33,153,"81, 100, 100, 100, 81, 81, 100, 100, 81, 62, 62, 62",2026-07-19,"Knowledge panel, Reviews, Video, Video Carousel, People also ask, Related searches",informational,Organic
shayari shayar,5,5,110,34,0.00,https://eknazariya.com/,5,0,0.00,0.33,146,"6, 15, 1, 10, 1, 29, 100, 4, 1, 1, 1, 3",2026-07-31,"Knowledge panel, Reviews, Video, Image, Video Carousel, People also ask, Related searches","informational, transactional",Organic
small shayari in hindi,10,10,590,38,0.00,https://eknazariya.com/,5,0,0.00,0,144,"67, 67, 100, 67, 82, 67, 67, 67, 55, 67, 55, 55",2026-08-10,"Reviews, Video, People also ask, Related searches, AI overview","commercial, informational",Organic
about shayari,6,6,170,45,0.00,https://eknazariya.com/,5,0,0.00,0.33,146,"65, 65, 65, 81, 65, 81, 100, 65, 65, 65, 54, 65",2026-08-12,"Reviews, Video, Image, People also ask, Related searches, AI overview",informational,Organic
mini shayari,6,6,170,37,0.00,https://eknazariya.com/,5,0,0.00,0.33,81,"65, 65, 65, 65, 65, 81, 100, 65, 81, 65, 81, 65",2026-07-23,"Image pack, Reviews, Ads top, People also ask, Related searches, AI overview",informational,Organic
shayari on evening by gulzar,3,3,140,25,0.00,https://eknazariya.com/gulzar-shayari-1,5,0,0.00,0.33,147,"1, 3, 100, 1, 1, 1, 1, 1, 1, 54, 44, 36",2026-07-27,"Image pack, Sitelinks, Reviews, Video, Featured snippet, Ads top, Video Carousel, People also ask, Related searches",informational,Organic
sher o shayari 2 lines,7,7,170,28,0.00,https://eknazariya.com/,5,0,0.00,0.33,35,"54, 100, 81, 81, 65, 65, 54, 54, 54, 54, 65, 81",2026-07-20,"Sitelinks, Reviews, Video, Related searches, AI overview",informational,Organic
mast shayari,18,18,3600,31,0.26,https://eknazariya.com/,5,0,1.00,0.33,120,"100, 100, 100, 82, 82, 100, 100, 82, 82, 82, 82, 82",2026-08-10,"Image pack, Reviews, Video, Video Carousel, People also ask, Related searches, AI overview",informational,Organic
no 1 shayari,4,4,110,21,0.00,https://eknazariya.com/,5,0,0.00,0.01,157,"36, 1, 1, 1, 16, 1, 100, 1, 1, 2, 1, 1",2026-07-30,"Image pack, Reviews, Video, Video Carousel, People also ask, Related searches",informational,Organic
short sayari,9,9,1000,30,0.12,https://eknazariya.com/,5,0,0.00,0,121,"68, 68, 100, 100, 77, 100, 77, 100, 77, 77, 68, 68",2026-07-13,"Image pack, Video, Ads bottom, Video Carousel, Related searches, Ads middle, AI overview",informational,Organic
acche shayari,4,4,110,21,0.00,https://eknazariya.com/,4,0,0.00,0,86,"79, 100, 100, 100, 79, 79, 64, 79, 79, 64, 79, 79",2026-07-25,"Image pack, Reviews, Video, People also ask, Related searches, AI overview",informational,Organic
shayari on khubsurti by gulzar,7,7,140,18,0.00,https://eknazariya.com/gulzar-shayari-1,4,0,0.00,0.33,144,"100, 65, 65, 81, 42, 27, 54, 54, 54, 54, 42, 27",2026-06-27,"Image pack, Reviews, Video, Image, People also ask, Related searches",informational,Organic
shayari jo deewana bana de,12,12,1600,23,0.00,https://eknazariya.com/,4,0,0.00,0.33,125,"2, 6, 28, 53, 44, 44, 67, 81, 100, 100, 9, 20",2026-07-01,"Image pack, Reviews, Video, Video Carousel, People also ask, Related searches, AI overview",informational,Organic
shayari on smile by gulzar,4,4,140,16,0.00,https://eknazariya.com/gulzar-shayari-1,4,0,0.00,0.33,146,"100, 81, 81, 34, 28, 34, 44, 34, 28, 16, 16, 16",2026-08-16,"Image pack, Sitelinks, Reviews, Video, Video Carousel, People also ask, Related searches",informational,Organic
great shayari,4,4,110,37,0.00,https://eknazariya.com/,4,0,0.00,0.33,153,"79, 100, 100, 100, 100, 100, 100, 79, 79, 79, 79, 64",2026-07-08,"Image pack, Reviews, Video, Image, Video Carousel, People also ask, Related searches",informational,Organic
nazare shayari,7,7,140,22,0.00,https://eknazariya.com/,4,0,0.00,0.33,152,"100, 100, 67, 67, 33, 67, 52, 52, 52, 52, 43, 43",2026-07-09,"Image pack, Reviews, Video, Image, People also ask, Related searches",informational,Organic
by shayari hindi,6,6,110,43,0.00,https://eknazariya.com/,4,0,0.00,0,154,"4, 8, 35, 54, 42, 42, 100, 81, 54, 65, 0, 0",2026-06-25,"Reviews, Video, Video Carousel, People also ask, Related searches",commercial,Organic
me shayari,9,9,590,43,0.00,https://eknazariya.com/,4,0,0.00,0,153,"82, 82, 82, 82, 67, 67, 82, 100, 100, 100, 82, 100",2026-07-29,"Image pack, Reviews, Video, Image, People also ask, Related searches, AI overview",informational,Organic
zakir khan shayari on love,9,9,1000,4,0.00,https://eknazariya.com/zakir-khan-1,4,0,0.00,0.33,140,"30, 30, 42, 42, 37, 37, 42, 37, 37, 100, 54, 42",2026-07-16,"Image pack, Sitelinks, Reviews, Video, Image, Video Carousel, People also ask, Related searches, AI overview",informational,Organic
traditional shayari,6,6,140,28,0.00,https://eknazariya.com/,4,0,0.00,0.33,149,"52, 67, 67, 81, 52, 67, 100, 100, 81, 52, 33, 33",2026-08-10,"Image pack, Reviews, Image, Ads top, Ads bottom, Video Carousel, People also ask, Related searches, AI overview",informational,Organic
best shayari of mirza ghalib in hindi,8,8,140,25,0.00,https://eknazariya.com/ghalib-shayari,4,0,0.00,0.01,140,"67, 67, 67, 67, 43, 81, 100, 100, 52, 43, 43, 43",2026-06-30,"Image pack, Sitelinks, Reviews, Video, People also ask, Related searches",informational,Organic
yoyo shayari,13,13,1600,30,0.00,https://eknazariya.com/,4,0,0.00,0.33,41400000,"3, 11, 45, 66, 66, 66, 83, 100, 100, 100, 11, 17",2026-06-29,"Reviews, Video, Video Carousel, People also ask, Related searches, AI overview",informational,Organic
shayari and quotes,6,6,110,28,0.00,https://eknazariya.com/,4,0,0.00,0,138,"82, 100, 82, 82, 100, 41, 53, 65, 53, 53, 53, 65",2026-07-01,"Image pack, Reviews, People also ask, Related searches",informational,Organic
achi si shayari,7,7,590,20,0.00,https://eknazariya.com/,4,0,0.00,0.33,135,"100, 100, 100, 81, 81, 100, 100, 81, 81, 81, 100, 100",2026-07-29,"Sitelinks, Reviews, Video, Image, Video Carousel, People also ask, Related searches, AI overview",informational,Organic
shero shayri in hindi,5,5,140,27,0.00,https://eknazariya.com/,4,0,0.00,0,148,"43, 67, 52, 43, 67, 81, 100, 100, 81, 81, 67, 67",2026-08-14,"Image pack, Reviews, Video, People also ask, Related searches, AI overview",informational,Organic
mashhoor shayari,4,4,140,24,0.00,https://eknazariya.com/,4,0,0.00,0.33,158,"82, 100, 100, 100, 82, 65, 100, 82, 65, 82, 53, 53",2026-07-19,"Image pack, Reviews, Video, Video Carousel, People also ask, Related searches",informational,Organic
shayari quotes hindi,11,11,590,46,0.00,https://eknazariya.com/,4,0,0.00,0.33,151,"100, 100, 82, 24, 29, 67, 100, 67, 82, 100, 82, 100",2026-07-08,"Image pack, Reviews, Featured snippet, People also ask, Related searches",informational,Organic
super hit shayari,5,5,110,23,0.00,https://eknazariya.com/,4,0,0.00,0,150,"79, 79, 64, 79, 64, 100, 100, 79, 79, 64, 50, 36",2026-08-10,"Image pack, Reviews, Video, Ads top, Ads bottom, Video Carousel, Related searches, AI overview",informational,Organic
ghalib ke sher in hindi,8,8,170,23,0.00,https://eknazariya.com/ghalib-shayari,4,0,0.00,0.01,144,"81, 54, 54, 65, 81, 81, 100, 65, 54, 35, 65, 54",2026-07-11,"Image pack, Reviews, Video, Image, People also ask, Related searches, AI overview",informational,Organic
unknown poetry in hindi,12,12,880,13,0.00,https://eknazariya.com/,4,0,0.00,0.33,153,"5, 17, 38, 25, 31, 38, 46, 46, 46, 68, 100, 84",2026-08-10,"Image pack, Reviews, Video, Ads top, Ads bottom, Related searches, AI overview",informational,Organic
bahut sad shayari,8,8,140,35,0.00,https://eknazariya.com/best-sad-shayari,4,0,0.00,0.33,109,"82, 100, 65, 65, 65, 82, 82, 82, 65, 82, 82, 82",2026-06-28,"Image pack, Sitelinks, Reviews, Image, People also ask, Related searches",informational,Organic
shayari sms,16,16,1600,25,0.01,https://eknazariya.com/,4,0,0.00,0,125,"100, 100, 100, 100, 100, 100, 84, 84, 100, 84, 68, 68",2026-06-26,"Reviews, Video, Image, Related searches",commercial,Organic
hashtags for hindi poetry,8,8,170,12,0.00,https://eknazariya.com/hashtags-%23shayri,4,0,0.00,0,109,"0, 100, 100, 81, 81, 66, 53, 34, 28, 44, 44, 44",2026-07-12,"Video, Video Carousel, Related searches",commercial,Organic
dil ki shayari,16,16,2900,22,0.40,https://eknazariya.com/,4,0,1.00,0.33,139,"81, 100, 100, 81, 81, 81, 100, 100, 81, 81, 67, 67",2026-07-19,"Image pack, Reviews, Video, Image, Video Carousel, People also ask, Related searches",informational,Organic
gulzar love shayari in hindi pdf,12,12,590,20,0.00,https://eknazariya.com/gulzar-shayari-1,4,0,0.00,0,117,"3, 14, 48, 100, 88, 88, 100, 100, 100, 72, 0, 0",2026-07-19,"Reviews, Related searches, AI overview",informational,Organic
2 line shayari gulzar,5,5,110,13,0.00,https://eknazariya.com/gulzar-shayari-1,4,0,0.00,0.33,133,"2, 3, 2, 2, 36, 36, 100, 19, 3, 2, 8, 2",2026-08-11,"Image pack, Sitelinks, Reviews, Video, Image, Related searches, AI overview",informational,Organic
gulzar shayari on life,21,21,2900,25,0.40,https://eknazariya.com/gulzar-shayari-1,4,0,1.00,0.33,150,"100, 81, 81, 81, 81, 100, 100, 100, 100, 100, 53, 53",2026-06-23,"Image pack, Reviews, Video, Image, Video Carousel, People also ask, Related searches",informational,Organic
best shero shayari,7,7,140,19,0.00,https://eknazariya.com/,4,0,0.00,0.33,147,"82, 100, 100, 65, 65, 82, 82, 82, 65, 82, 41, 53",2026-08-09,"Reviews, Video, Image, Ads top, Ads bottom, People also ask, Related searches, AI overview",commercial,Organic
upsad shayri,13,13,880,25,0.00,https://eknazariya.com/best-sad-shayari,4,0,0.00,0,119,"100, 88, 88, 100, 100, 100, 88, 100, 88, 72, 88, 88",2026-07-12,"Image pack, Sitelinks, Reviews, Video, Image, People also ask, Related searches",informational,Organic
sher shayari hindi mein,8,8,170,23,0.00,https://eknazariya.com/,4,0,0.00,0.01,144,"81, 100, 81, 100, 81, 81, 65, 65, 65, 42, 54, 42",2026-07-08,"Image pack, Reviews, Video, Image, People also ask, Related searches",informational,Organic
shayari rhymes in hindi,5,5,140,17,0.00,https://eknazariya.com/,4,0,0.00,0.33,1130000,"15, 42, 65, 65, 65, 100, 100, 65, 42, 4, 8, 4",2026-07-31,"Image pack, Reviews, Video, Image, Video Carousel, Related searches",informational,Organic
deep poetry in hindi,10,10,320,24,0.00,https://eknazariya.com/,4,0,0.00,0.33,96,"54, 54, 54, 67, 67, 67, 100, 100, 100, 100, 82, 100",2026-07-08,"Image pack, Reviews, Video, Image, Related searches",informational,Organic
mirza ghalib ki shayari,27,27,6600,27,0.20,https://eknazariya.com/ghalib-shayari,4,0,0.00,0.33,148,"67, 81, 67, 67, 81, 100, 100, 81, 67, 67, 67, 54",2026-08-19,"Image pack, Sitelinks, Reviews, Video, Image, Ads top, Ads bottom, People also ask, Related searches",informational,Organic
google shayari sunao,10,10,590,28,0.00,https://eknazariya.com/,4,0,0.00,0.33,128,"82, 82, 82, 67, 67, 82, 100, 82, 100, 82, 82, 100",2026-07-30,"Image pack, Reviews, Video, People also ask, Related searches, AI overview",informational,Organic
super hit shayari in hindi,7,7,140,26,0.00,https://eknazariya.com/,4,0,0.00,0.01,154,"65, 100, 82, 53, 100, 100, 100, 53, 65, 53, 65, 82",2026-08-10,"Reviews, Video, People also ask, Related searches, AI overview",informational,Organic
news shayari,8,8,140,26,0.00,https://eknazariya.com/,4,0,0.00,0.33,124,"65, 54, 54, 42, 65, 65, 65, 42, 54, 42, 100, 35",2026-07-25,"Image pack, Reviews, Video, People also ask, Related searches","informational, transactional",Organic
ai shayari,11,11,480,4,0.12,https://eknazariya.com/shayari-e-ai,4,0,0.00,0.11,135,"55, 44, 100, 55, 36, 55, 55, 44, 44, 36, 67, 100",2026-08-01,"Image pack, Reviews, Video, Related searches",informational,Organic
do shayari,7,7,140,28,0.00,https://eknazariya.com/,4,0,0.00,0.33,124,"100, 82, 82, 82, 65, 100, 82, 82, 82, 82, 82, 82",2026-08-12,"Image pack, Reviews, Video, People also ask, Related searches, AI overview",informational,Organic
shayari in written,10,10,480,37,0.00,https://eknazariya.com/,4,0,0.00,0.33,151,"8, 11, 20, 30, 20, 55, 37, 37, 37, 37, 68, 100",2026-07-07,"Image pack, Reviews, Video, Ads top, Ads bottom, Related searches",informational,Organic
hindi sher o shayari download,8,8,140,26,0.00,https://eknazariya.com/,4,0,0.00,0.33,143,"4, 3, 1, 1, 29, 100, 67, 19, 1, 1, 0, 4",2026-07-19,"Reviews, Video, People also ask, Related searches, AI overview",informational,Organic
urdu and hindi shayari,7,7,140,17,0.00,https://eknazariya.com/,4,0,0.00,0,146,"100, 100, 65, 100, 82, 82, 53, 53, 82, 53, 82, 65",2026-07-24,"Image pack, Sitelinks, Reviews, Video, Image, Ads top, Ads bottom, Related searches, AI overview",informational,Organic
m shayari,6,6,140,37,0.00,https://eknazariya.com/,4,0,0.00,0.07,80,"35, 42, 65, 54, 54, 42, 35, 100, 54, 35, 27, 42",2026-07-23,"Image pack, Reviews, Video, People also ask, Related searches",informational,Organic
zakir khan twitter shayari,30,30,6600,30,0.00,https://eknazariya.com/zakir-khan-1,4,0,0.00,0.33,123,"1, 4, 20, 36, 36, 100, 67, 55, 45, 45, 0, 0",2026-06-26,"Reviews, Video, People also ask, Related searches",navigational,Organic
badi shayari,4,4,140,29,0.00,https://eknazariya.com/,4,0,0.00,0.33,157,"82, 100, 100, 82, 82, 82, 82, 82, 65, 65, 82, 65",2026-06-27,"Image pack, Reviews, Video, Video Carousel, People also ask, Related searches",informational,Organic
hindi shayari hindi,9,9,170,28,0.00,https://eknazariya.com/,4,0,0.00,0,51100000,"81, 100, 81, 65, 81, 65, 65, 81, 54, 54, 54, 65",2026-08-18,"Image pack, Reviews, Video, People also ask, Related searches",informational,Organic
big shayari,7,9,140,34,0.00,https://eknazariya.com/,4,0,0.00,0.33,135,"65, 82, 100, 82, 82, 82, 65, 82, 82, 82, 65, 65",2026-08-19,"Image pack, Reviews, Video, People also ask, Related searches",informational,Organic
best shayari on life by ghalib,8,8,170,29,0.00,https://eknazariya.com/ghalib-shayari,4,0,0.00,0.33,148,"3, 8, 23, 44, 36, 36, 44, 44, 54, 54, 100, 100",2026-06-25,"Reviews, Video, Featured snippet, Video Carousel, Related searches","commercial, informational",Organic
hindi shayari lyrics,13,13,880,43,0.40,https://eknazariya.com/,4,0,1.00,0.01,19,"88, 88, 88, 88, 88, 100, 100, 72, 59, 72, 59, 72",2026-07-26,"Reviews, Image, People also ask, Related searches",commercial,Organic
gulzar 2 line shayari,6,6,110,15,0.00,https://eknazariya.com/gulzar-shayari-1,4,0,0.00,0.33,134,"82, 82, 100, 82, 82, 53, 65, 82, 53, 41, 41, 41",2026-07-19,"Image pack, Sitelinks, Reviews, Video, Image, People also ask, Related searches",informational,Organic
hindi shayari story,7,7,140,30,0.00,https://eknazariya.com/,4,0,0.00,0.33,75,"52, 52, 67, 52, 81, 81, 81, 67, 67, 67, 81, 100",2026-07-22,"Image pack, Reviews, Video, People also ask, Related searches",informational,Organic
most shayari hindi,6,6,110,35,0.00,https://eknazariya.com/,4,0,0.00,0.01,156,"6, 2, 2, 4, 2, 2, 100, 2, 2, 35, 100, 23",2026-06-25,"Reviews, Video, Ads top, Ads bottom, People also ask, Related searches",commercial,Organic
gulzar famous shayari,11,11,590,23,0.00,https://eknazariya.com/gulzar-shayari-1,4,0,0.00,0.33,147,"25, 30, 55, 45, 37, 37, 45, 45, 30, 37, 77, 100",2026-06-26,"Image pack, Reviews, Video, Featured snippet, People also ask, Related searches",informational,Organic
very sad shayari,25,25,2900,21,0.40,https://eknazariya.com/best-sad-shayari,4,0,1.00,0.33,117,"100, 100, 100, 81, 81, 81, 81, 81, 53, 81, 81, 67",2026-07-13,"Sitelinks, Reviews, Video, People also ask, Related searches, AI overview",informational,Organic
latest shayri in hindi,7,7,720,46,0.00,https://eknazariya.com/,4,0,0.00,0.33,123,"82, 82, 100, 100, 82, 100, 100, 82, 82, 82, 82, 82",2026-07-27,"Reviews, Video, Image, Video Carousel, People also ask, Related searches, AI overview",informational,Organic
traditional shayari in hindi,8,7,140,25,0.00,https://eknazariya.com/,4,0,0.00,0.33,151,"82, 100, 100, 100, 65, 100, 65, 100, 82, 41, 29, 29",2026-08-20,"Reviews, Video, Video Carousel, People also ask, Related searches, AI overview",informational,Organic
shayari hindi copy,8,8,140,26,0.00,https://eknazariya.com/,4,0,0.00,0.33,50,"67, 52, 52, 43, 43, 67, 100, 67, 67, 52, 81, 52",2026-07-23,"Reviews, Related searches, AI overview",commercial,Organic
manzil shayari,17,17,1600,22,0.00,https://eknazariya.com/,4,0,0.00,0.33,138,"100, 100, 100, 84, 68, 84, 100, 84, 53, 53, 53, 53",2026-06-24,"Image pack, Reviews, Video, Image, People also ask, Related searches",informational,Organic
shayari of,1,1,170,28,0.00,https://eknazariya.com/,3,0,0.00,0.33,150,"67, 100, 81, 67, 81, 81, 100, 81, 67, 52, 81, 43",2026-08-13,"Knowledge panel, Reviews, Video, Image, People also ask, Related searches, AI overview",informational,AI overview
famous hindi poetry lines,18,18,1300,26,0.00,https://eknazariya.com/,3,0,0.00,0.33,157,"1, 3, 16, 24, 24, 28, 24, 28, 28, 36, 100, 100",2026-07-12,"Image pack, Reviews, Video, Ads bottom, Related searches, Ads middle",informational,Organic
shayari shayari shayari,9,9,720,41,0.00,https://eknazariya.com/,3,0,0.00,0.33,135,"72, 72, 88, 88, 72, 72, 100, 88, 88, 72, 59, 59",2026-06-26,"Knowledge panel, Image pack, Reviews, Video, Video Carousel, People also ask, Related searches","informational, transactional",Organic
shayari by gulzar on life,7,7,110,16,0.00,https://eknazariya.com/gulzar-shayari-1,3,0,0.00,0,82,"100, 79, 64, 79, 100, 100, 64, 79, 64, 100, 50, 64",2026-07-21,"Image pack, Sitelinks, Reviews, Video, Related searches",informational,Organic
shayari download,28,28,5400,30,0.00,https://eknazariya.com/,3,0,0.00,0.22,139,"24, 24, 24, 20, 24, 20, 20, 20, 20, 16, 16, 100",2026-08-07,"Image pack, Reviews, Video, Image, People also ask, Related searches",informational,Organic
today shayari,9,9,480,41,0.00,https://eknazariya.com/,3,0,0.00,0.33,81,"45, 37, 30, 30, 25, 25, 30, 100, 68, 25, 30, 30",2026-07-20,"Image pack, Reviews, Video, Image, People also ask, Related searches",informational,Organic
best sad shayri,8,8,110,5,0.00,https://eknazariya.com/best-sad-shayari,3,0,0.00,0.01,119,"100, 82, 82, 82, 82, 65, 53, 65, 65, 65, 65, 53",2026-07-11,"Sitelinks, Reviews, Video, Related searches, AI overview",commercial,Organic
best best shayari,6,6,110,34,0.00,https://eknazariya.com/,3,0,0.00,0,154,"2, 5, 2, 5, 2, 2, 2, 81, 100, 2, 3, 3",2026-06-23,"Reviews, Video, Image, People also ask, AI overview",commercial,Organic
2 line urdu shayari in hindi,14,14,1300,30,0.00,https://eknazariya.com/,3,0,0.00,0,146,"100, 100, 66, 55, 55, 66, 55, 45, 13, 13, 13, 13",2026-06-29,"Image pack, Reviews, Video, Image, People also ask, Related searches, AI overview",informational,Organic
hindi shayari status,17,17,2400,37,0.40,https://eknazariya.com/,3,0,1.00,0.33,139,"66, 83, 83, 83, 100, 100, 100, 83, 83, 83, 83, 83",2026-08-10,"Image pack, Reviews, Video, Featured snippet, Video Carousel, People also ask, Related searches",informational,Organic
ghalib short shayari,7,7,110,29,0.00,https://eknazariya.com/ghalib-shayari,3,0,0.00,0.33,148,"14, 52, 81, 81, 81, 100, 81, 67, 81, 5, 5, 5",2026-08-13,"Knowledge panel, Image pack, Sitelinks, Reviews, Video, People also ask, Related searches","informational, transactional",Organic
shayari set,9,9,260,27,0.00,https://eknazariya.com/,3,0,0.00,0.33,143,"81, 66, 81, 81, 66, 81, 100, 100, 81, 81, 66, 66",2026-06-30,"Image pack, Reviews, Video, People also ask, Related searches",informational,Organic
shayari chahie,16,16,1000,43,0.00,https://eknazariya.com/,3,0,0.00,0.12,125,"20, 28, 24, 20, 24, 20, 24, 24, 24, 24, 20, 100",2026-06-27,"Image pack, Reviews, Video, People also ask, Related searches",informational,Organic
shayari writer,15,15,2400,30,0.00,https://eknazariya.com/,3,0,0.00,0.33,175,"20, 23, 36, 43, 43, 55, 82, 82, 100, 66, 36, 43",2026-06-27,"Reviews, Video, Image, Video Carousel, People also ask, Related searches, AI overview",informational,Organic
shayari hashtags for instagram,2,2,210,18,0.00,https://eknazariya.com/hashtags-%23shayri,3,0,0.00,0.33,0,"100, 100, 100, 100, 67, 82, 54, 28, 28, 13, 10, 5",2026-07-31,"Sitelinks, Video, Video Carousel, Related searches, AI overview",navigational,Organic
shayari sab,3,3,110,32,0.00,https://eknazariya.com/,3,0,0.00,0.33,144,"43, 52, 100, 33, 43, 24, 67, 52, 43, 43, 43, 43",2026-06-26,"Image pack, Reviews, Video, Video Carousel, People also ask, Related searches",informational,Organic
online par shayari in hindi,10,10,140,23,0.00,https://eknazariya.com/,3,0,0.00,0,138,"12, 42, 65, 65, 65, 81, 100, 81, 100, 4, 4, 0",2026-08-16,"Reviews, Video, Ads top, Ads bottom, People also ask, Related searches",commercial,Organic
so sad shayari,14,14,880,27,0.00,https://eknazariya.com/best-sad-shayari,3,0,0.00,0.33,117,"100, 77, 77, 68, 68, 77, 77, 55, 55, 55, 68, 45",2026-08-11,"Image pack, Sitelinks, Reviews, Video, Image, People also ask, Related searches",informational,Organic
poetry thoughts in hindi,8,8,140,23,0.00,https://eknazariya.com/,3,0,0.00,0.33,156,"12, 27, 42, 42, 42, 35, 35, 54, 35, 100, 100, 100",2026-08-19,"Image pack, Sitelinks, Reviews, Video, People also ask, Related searches, AI overview",informational,Organic
shayris in hindi,7,7,110,36,0.00,https://eknazariya.com/,3,0,0.00,0,156,"100, 79, 100, 100, 100, 79, 100, 79, 79, 79, 50, 79",2026-07-07,"Image pack, Reviews, Video, People also ask, Related searches",informational,Organic
best one line shayari,11,11,390,10,0.00,https://eknazariya.com/,3,0,0.00,0.33,133,"12, 15, 29, 67, 54, 44, 54, 67, 44, 67, 67, 100",2026-07-04,"Sitelinks, Reviews, Video, Related searches, AI overview",commercial,Organic
sayri mast,13,13,1000,30,0.00,https://eknazariya.com/,3,0,0.00,0,107,"68, 68, 68, 68, 68, 100, 77, 100, 100, 55, 68, 55",2026-06-28,"Image pack, Reviews, Video, People also ask, Related searches, AI overview",informational,Organic
2021 ki shayari,12,12,1000,24,1.25,https://eknazariya.com/,3,0,3.00,0,152,"0, 0, 0, 0, 0, 0, 0, 0, 0, 0, 1, 100",2026-06-28,"Reviews, Video, Video Carousel, People also ask, AI overview",informational,Organic
1 line shayari in hindi,18,18,2400,5,0.00,https://eknazariya.com/,3,0,0.00,0.33,119,"100, 100, 100, 83, 83, 100, 83, 66, 66, 45, 45, 34",2026-08-02,"Image pack, Sitelinks, Reviews, Video, People also ask, Related searches",informational,Organic
shayari copy paste,22,22,2400,29,0.40,https://eknazariya.com/,3,0,1.00,0.02,121,"66, 66, 66, 66, 66, 83, 100, 83, 83, 83, 66, 66",2026-07-28,"Reviews, Video, People also ask, Related searches",commercial,Organic
unique shayari in hindi,4,4,320,43,0.00,https://eknazariya.com/,3,0,0.00,0.33,155,"82, 100, 100, 100, 100, 100, 100, 82, 82, 82, 67, 67",2026-08-06,"Reviews, Video, Ads top, Ads bottom, People also ask, Related searches, AI overview",informational,Organic
urdu lines in hindi,9,9,140,27,0.00,https://eknazariya.com/,3,0,0.00,0.33,144,"100, 100, 65, 65, 82, 65, 65, 65, 82, 82, 65, 65",2026-08-13,"Image pack, Reviews, Video, Image, People also ask, Related searches",informational,Organic
hindi gulzar shayari,10,10,260,17,0.00,https://eknazariya.com/gulzar-shayari-1,3,0,0.00,0,139,"100, 100, 67, 54, 54, 54, 35, 54, 54, 54, 44, 35",2026-07-22,"Image pack, Sitelinks, Reviews, Video, Related searches",informational,Organic
gulzar shayari on beauty,8,8,110,26,0.00,https://eknazariya.com/gulzar-shayari-1,3,0,0.00,0.33,154,"53, 65, 53, 82, 82, 65, 100, 53, 65, 53, 53, 29",2026-08-18,"Image pack, Reviews, Video, Image, People also ask, Related searches",informational,Organic
ek nazar shayari,7,7,110,10,0.00,https://eknazariya.com/,3,0,0.00,0.33,136,"53, 65, 53, 53, 53, 65, 82, 41, 65, 100, 82, 41",2026-07-29,"Image pack, Sitelinks, Reviews, Video, Related searches, AI overview",informational,Organic
interesting shayari in hindi,7,7,110,36,0.00,https://eknazariya.com/,3,0,0.00,0.33,152,"2, 44, 2, 100, 2, 12, 15, 2, 44, 2, 8, 2",2026-07-11,"Image pack, Reviews, Video, People also ask, Related searches",informational,Organic
shayari words,10,9,480,42,0.00,https://eknazariya.com/,3,0,0.00,0.33,148,"54, 67, 67, 67, 67, 82, 100, 67, 67, 44, 29, 29",2026-08-19,"Image pack, Reviews, Video, People also ask, Related searches, AI overview",informational,Organic
new shayari 2021,22,22,2400,27,0.00,https://eknazariya.com/,3,0,0.00,0,35100000,"55, 83, 83, 100, 100, 83, 83, 83, 66, 66, 66, 30",2026-07-28,"Image pack, Reviews, Video, Image, People also ask, Related searches",informational,Organic
official shayari in hindi,7,7,110,31,0.00,https://eknazariya.com/,3,0,0.00,0.33,152,"33, 33, 81, 43, 67, 100, 100, 81, 52, 24, 24, 33",2026-07-30,"Image pack, Reviews, Video, People also ask, Related searches","commercial, informational",Organic
mirza ghalib ki shayari in hindi,7,7,110,28,0.00,https://eknazariya.com/ghalib-shayari,3,0,0.00,0,146,"33, 24, 33, 52, 81, 100, 52, 67, 52, 67, 52, 81",2026-06-29,"Image pack, Sitelinks, Reviews, Video, Image, Ads bottom, People also ask, Related searches, AI overview",informational,Organic
shero shayari,1,1,12100,27,0.40,https://eknazariya.com/,3,0,1.00,0.33,145,"82, 82, 100, 82, 82, 82, 82, 67, 67, 67, 67, 55",2026-08-16,"Image pack, Reviews, Video, Video Carousel, People also ask, Related searches, AI overview",informational,AI overview
ghazal sher o shayari in hindi,6,6,140,23,0.00,https://eknazariya.com/,3,0,0.00,0.33,146,"9, 28, 66, 44, 53, 44, 81, 100, 81, 3, 3, 3",2026-08-13,"Reviews, Video, Featured snippet, Video Carousel, People also ask, Related searches",informational,Organic
most sad shayari,9,9,110,23,0.00,https://eknazariya.com/best-sad-shayari,3,0,0.00,0.33,113,"100, 82, 65, 65, 65, 65, 53, 53, 41, 65, 53, 41",2026-07-28,"Sitelinks, Reviews, Video, People also ask, Related searches",commercial,Organic
best moment shayari,7,7,110,30,0.00,https://eknazariya.com/,3,0,0.00,0.33,83,"65, 82, 53, 53, 53, 100, 100, 41, 53, 53, 41, 41",2026-07-25,"Image pack, Sitelinks, Reviews, People also ask, Related searches",commercial,Organic
ki shayari,10,10,1000,38,0.00,https://eknazariya.com/,3,0,0.00,0.33,143,"77, 77, 100, 77, 77, 68, 100, 100, 77, 77, 68, 77",2026-06-29,"Image pack, Reviews, Video, Video Carousel, People also ask, Related searches",informational,Organic
shayari sad shayari,15,15,1000,26,0.26,https://eknazariya.com/best-sad-shayari,3,0,0.00,0,121,"88, 100, 100, 100, 88, 100, 88, 100, 100, 88, 100, 100",2026-06-29,"Image pack, Sitelinks, Reviews, People also ask, Related searches",informational,Organic
two line urdu shayari in hindi,13,13,1000,23,0.00,https://eknazariya.com/,3,0,0.00,0.33,148,"77, 100, 77, 68, 68, 77, 100, 77, 68, 68, 68, 55",2026-08-06,"Reviews, Video, Image, Ads top, Ads bottom, Video Carousel, Related searches, AI overview",informational,Organic
shayri ki dayri in hindi,16,16,1000,28,0.00,https://eknazariya.com/,3,0,0.00,0.21,19,"3, 4, 5, 2, 3, 3, 4, 4, 3, 3, 4, 100",2026-07-17,"Image pack, Reviews, People also ask, Related searches, AI overview",informational,Organic
shayari hindi m,6,6,110,42,0.00,https://eknazariya.com/,3,0,0.00,0.33,151,"3, 3, 82, 3, 3, 100, 100, 28, 3, 3, 3, 5",2026-08-18,"Reviews, Video, Image, People also ask, Related searches, AI overview",informational,Organic
aaj ki shayari,6,6,390,28,0.00,https://eknazariya.com/,3,0,0.00,0.33,135,"39, 32, 39, 32, 26, 32, 39, 100, 72, 26, 26, 26",2026-07-23,"Image pack, Reviews, Video, Image, Video Carousel, People also ask, Related searches, AI overview",informational,Organic
hindi ki shayari,5,5,260,37,0.00,https://eknazariya.com/,3,0,0.00,0.33,152,"54, 54, 100, 54, 54, 67, 67, 54, 54, 54, 44, 44",2026-07-28,"Image pack, Reviews, Video, Video Carousel, People also ask, Related searches",informational,Organic
urdu poetry in hindi,15,15,1300,24,0.00,https://eknazariya.com/,3,0,0.00,0.33,173,"81, 100, 100, 81, 81, 81, 81, 81, 62, 62, 55, 55",2026-07-15,"Image pack, Reviews, Video, Image, People also ask, Related searches",informational,Organic
free shayari,9,9,140,46,0.00,https://eknazariya.com/,3,0,0.00,0.33,152,"82, 100, 100, 82, 65, 100, 82, 82, 82, 82, 65, 65",2026-07-25,"Image pack, Reviews, Video, People also ask, Related searches",informational,Organic
new shayri in hindi,5,5,590,49,0.00,https://eknazariya.com/,3,0,0.00,0.01,84,"36, 36, 55, 82, 67, 82, 100, 100, 44, 44, 67, 67",2026-07-25,"Image pack, Reviews, Video, Image, People also ask, Related searches, AI overview",informational,Organic
puri shayari,6,6,110,30,0.00,https://eknazariya.com/,3,0,0.00,0.09,150,"65, 65, 65, 65, 65, 53, 41, 53, 65, 29, 41, 100",2026-06-25,"Image pack, Reviews, Video, People also ask, Related searches, AI overview",informational,Organic
one word shayari in hindi,8,8,140,18,0.00,https://eknazariya.com/,3,0,0.00,0.33,136,"67, 67, 81, 67, 81, 100, 81, 67, 52, 33, 33, 33",2026-08-17,"Image pack, Reviews, Video, People also ask, Related searches, AI overview",informational,Organic
nice shayari,1,1,720,37,0.00,https://eknazariya.com/,3,0,0.00,0.33,142,"100, 82, 82, 82, 82, 100, 82, 82, 67, 67, 55, 55",2026-07-27,"Image pack, Reviews, Video, Image, Video Carousel, People also ask, Related searches, AI overview",informational,AI overview
sher ki shayari in hindi,7,7,110,18,0.00,https://eknazariya.com/,3,0,0.00,0.33,132,"1, 1, 1, 6, 100, 54, 1, 3, 3, 1, 4, 1",2026-08-13,"Image pack, Reviews, Video, Image, Ads top, Ads bottom, People also ask, Related searches",informational,Organic
shayari sunaiye,10,10,480,29,0.00,https://eknazariya.com/,3,0,0.00,0.01,124,"66, 66, 81, 81, 66, 66, 100, 81, 66, 81, 66, 66",2026-07-12,"Image pack, Reviews, Video, Image, People also ask, Related searches, AI overview",informational,Organic
best shayari of all time,7,7,260,27,0.00,https://eknazariya.com/,3,0,0.00,0.33,149,"82, 82, 82, 67, 67, 82, 100, 82, 67, 54, 67, 54",2026-07-28,"Image pack, Reviews, Video, Image, Video Carousel, Related searches, AI overview",commercial,Organic
urdu sher shayari,12,12,1900,43,0.00,https://eknazariya.com/,3,0,0.00,0.33,149,"79, 100, 100, 79, 79, 79, 79, 67, 54, 54, 54, 54",2026-06-22,"Knowledge panel, Sitelinks, Reviews, Video, Image, People also ask",navigational,Organic
shayari ideas,7,7,110,27,0.00,https://eknazariya.com/,3,0,0.00,0.33,146,"79, 100, 79, 64, 79, 100, 64, 79, 79, 50, 64, 36",2026-08-09,"Reviews, People also ask, Related searches, AI overview",informational,Organic
sher hindi me,5,5,110,30,0.00,https://eknazariya.com/,3,0,0.00,0,151,"41, 53, 82, 82, 100, 100, 82, 82, 82, 53, 24, 18",2026-06-20,"Image pack, Reviews, Video, Video Carousel, People also ask, Related searches, AI overview",informational,Organic
hindi shayari writers,8,8,110,25,0.00,https://eknazariya.com/,3,0,0.00,0,176,"82, 82, 65, 65, 100, 82, 53, 65, 53, 65, 82, 82",2026-07-29,"Reviews, Video, Featured snippet, Related searches",informational,Organic
dekhna shayari,9,16,140,11,0.00,https://eknazariya.com/,3,0,0.00,0.33,135,"100, 100, 82, 82, 100, 65, 82, 65, 65, 65, 53, 41",2026-08-20,"Image pack, Reviews, Video, People also ask, Related searches",informational,Organic
samjhane wali shayari,3,3,110,29,0.00,https://eknazariya.com/,3,0,0.00,0.33,152,"100, 67, 52, 52, 43, 52, 52, 52, 67, 67, 43, 43",2026-07-27,"Image pack, Reviews, Video, Image, Video Carousel, People also ask, Related searches",informational,Organic
waseem barelvi,29,29,3600,39,0.25,https://eknazariya.com/waseem-barelvi-1,2,0,0.00,0.33,113,"82, 82, 82, 82, 82, 100, 82, 82, 66, 55, 55, 55",2026-08-14,"Knowledge panel, Sitelinks, Reviews, Video, Image, People also ask, Related searches, Short videos",informational,Organic
shayari urdu shayari,9,9,260,36,0.00,https://eknazariya.com/,2,0,0.00,0,145,"67, 67, 54, 67, 82, 100, 100, 54, 44, 36, 36, 36",2026-08-03,"Knowledge panel, Reviews, Video, Image, Video Carousel, People also ask, Related searches",informational,Organic
hashtag for instagram shayari,2,2,110,18,0.00,https://eknazariya.com/hashtags-%23shayri,2,0,0.00,0.33,109,"100, 65, 82, 82, 100, 53, 65, 100, 65, 24, 24, 18",2026-06-16,"Sitelinks, Video, People also ask, Related searches",navigational,Organic
best urdu shayari in hindi,12,12,590,28,0.00,https://eknazariya.com/,2,0,0.00,0.33,151,"100, 100, 82, 100, 100, 100, 100, 82, 67, 67, 67, 54",2026-07-11,"Image pack, Reviews, Video, Image, People also ask, Related searches",commercial,Organic
shayari 2021,14,14,1900,30,0.00,https://eknazariya.com/,2,0,0.00,0,148,"2, 100, 44, 23, 23, 23, 20, 16, 16, 16, 16, 12",2026-07-31,"Image pack, Reviews, Video, Image, Video Carousel, People also ask, AI overview",informational,Organic
shayari short hindi,9,9,110,30,0.00,https://eknazariya.com/,2,0,0.00,0,139,"2, 2, 100, 36, 44, 24, 7, 2, 2, 2, 2, 2",2026-06-26,"Reviews, Video, People also ask, Related searches, AI overview","commercial, informational",Organic
shayari post,13,13,590,27,0.00,https://eknazariya.com/,2,0,0.00,0.33,134,"100, 100, 100, 82, 82, 82, 100, 82, 82, 82, 82, 67",2026-07-31,"Image pack, Sitelinks, Reviews, Video, Related searches",informational,Organic
shayari bataiye,13,13,720,41,0.00,https://eknazariya.com/,2,0,0.00,0.33,123,"67, 82, 100, 100, 82, 82, 100, 100, 82, 82, 67, 67",2026-07-12,"Image pack, Reviews, Video, People also ask, Related searches, AI overview",informational,Organic
h se shayari,8,8,110,19,0.00,https://eknazariya.com/,2,0,0.00,0.33,119,"65, 82, 65, 65, 65, 100, 82, 65, 65, 41, 65, 65",2026-08-18,"Image pack, Reviews, Video, People also ask, Related searches, AI overview",informational,Organic
gulzar ki shayari love,9,9,110,18,0.00,https://eknazariya.com/gulzar-shayari-1,2,0,0.00,0.33,140,"3, 5, 67, 10, 67, 44, 100, 8, 3, 18, 3, 3",2026-07-23,"Image pack, Reviews, Video, Image, People also ask, Related searches",informational,Organic
www shayari,11,11,720,37,0.30,https://eknazariya.com/,2,0,0.00,0.02,135,"67, 82, 100, 100, 67, 67, 82, 100, 67, 55, 55, 67",2026-07-07,"Reviews, Video, Video Carousel, Related searches, AI overview",informational,Organic
shyari quotes hindi,10,10,170,43,0.00,https://eknazariya.com/,2,0,0.00,0,149,"100, 81, 81, 54, 65, 54, 35, 42, 42, 54, 42, 100",2026-07-07,"Image pack, Reviews, Featured snippet, Image, Related searches",informational,Organic
one line shayari in urdu,14,14,590,29,0.00,https://eknazariya.com/,2,0,0.00,0.33,120,"82, 82, 82, 100, 82, 82, 100, 100, 82, 82, 82, 67",2026-06-27,"Image pack, Sitelinks, Reviews, Video, Image, Related searches",informational,Organic
sher hindi mein,8,8,720,29,0.00,https://eknazariya.com/,2,0,0.00,0.33,0,"44, 55, 82, 100, 100, 100, 100, 100, 100, 100, 30, 36",2026-07-04,"Instant answer, Image pack, Reviews, Video, Ads top, Video Carousel, Related searches, Ads middle, AI overview",informational,Organic
word shayari,8,8,170,25,0.00,https://eknazariya.com/,2,0,0.00,0.33,147,"35, 54, 54, 65, 54, 81, 100, 100, 100, 54, 81, 65",2026-07-24,"Image pack, Reviews, Video, People also ask, Related searches, AI overview",informational,Organic
ghazal shayari in hindi,8,8,480,22,0.00,https://eknazariya.com/,2,0,0.00,0.33,152,"100, 82, 82, 67, 67, 54, 54, 67, 54, 82, 100, 54",2026-07-31,"Knowledge panel, Image pack, Reviews, Video, Image, Video Carousel, People also ask, Related searches, AI overview",informational,Organic
shayari on expression,10,10,170,27,0.00,https://eknazariya.com/,2,0,0.00,0.33,157,"9, 44, 34, 34, 53, 66, 66, 53, 53, 81, 100, 100",2026-07-31,"Reviews, Video, People also ask, Related searches",informational,Organic
shayris,9,9,590,46,0.00,https://eknazariya.com/,2,0,0.00,0,130,"100, 100, 82, 100, 82, 100, 82, 82, 82, 82, 67, 67",2026-08-07,"Knowledge panel, Reviews, Video, Ads bottom, Video Carousel, People also ask, Related searches, AI overview",commercial,Organic
lines shayari,12,12,720,25,0.00,https://eknazariya.com/,2,0,0.00,0.33,132,"100, 100, 82, 82, 82, 67, 100, 82, 67, 67, 82, 67",2026-06-27,"Image pack, Sitelinks, Reviews, Video, Video Carousel, People also ask, Related searches",informational,Organic
shayri new,10,10,320,44,0.00,https://eknazariya.com/,2,0,0.00,0,151,"100, 67, 67, 100, 82, 82, 100, 82, 82, 82, 100, 100",2026-07-10,"Image pack, Reviews, Video, Related searches, AI overview",informational,Organic
top 10 shayari,9,9,590,24,0.40,https://eknazariya.com/,2,0,0.00,0.01,143,"67, 82, 82, 67, 82, 100, 82, 82, 67, 67, 55, 55",2026-07-30,"Image pack, Reviews, Video, Video Carousel, People also ask, Related searches, AI overview",informational,Organic
best short shayari,7,7,390,38,0.00,https://eknazariya.com/,2,0,0.00,0.33,149,"81, 100, 81, 67, 67, 81, 100, 81, 100, 67, 81, 67",2026-07-22,"Image pack, Reviews, Video, Video Carousel, People also ask, Related searches, AI overview",commercial,Organic
very very sad shayari,17,17,720,22,0.00,https://eknazariya.com/best-sad-shayari,2,0,0.00,0,116,"82, 100, 100, 100, 100, 82, 82, 82, 82, 67, 82, 100",2026-07-13,"Image pack, Sitelinks, Reviews, Video, Image, Related searches",informational,Organic
speech shayari,7,7,110,24,0.00,https://eknazariya.com/,2,0,0.00,0.33,84,"43, 81, 43, 52, 43, 52, 100, 67, 33, 52, 52, 33",2026-07-23,"Image pack, Reviews, Video Carousel, People also ask, Related searches",informational,Organic
some shayari,10,10,880,40,0.00,https://eknazariya.com/,2,0,0.00,0.33,144,"72, 88, 100, 100, 88, 88, 100, 88, 88, 72, 59, 59",2026-06-24,"Image pack, Reviews, Video, Ads bottom, Video Carousel, People also ask, Related searches, Ads middle",informational,Organic
poetry hashtags,24,24,1600,17,0.00,https://eknazariya.com/hashtags-%23shayri,2,0,0.00,0.33,115,"38, 53, 100, 100, 100, 100, 100, 84, 84, 84, 100, 100",2026-07-30,"Video, People also ask, Related searches, AI overview",commercial,Organic
gulzar ki shayari instagram,5,5,390,30,0.00,https://eknazariya.com/gulzar-shayari-1,2,0,0.00,0.33,120,"10, 15, 44, 82, 67, 67, 82, 100, 82, 82, 1, 1",2026-06-30,"Image pack, Reviews, Video, Image, Video Carousel, Related searches",informational,Organic
rat ki shayari,25,25,1600,18,0.00,https://eknazariya.com/,2,0,0.00,0.33,133,"81, 81, 100, 100, 100, 100, 100, 81, 81, 100, 100, 100",2026-07-24,"Image pack, Reviews, Video, Image, People also ask, Related searches",informational,Organic
gulzar quotes in hindi,23,23,1900,29,0.00,https://eknazariya.com/gulzar-shayari-1,2,0,0.00,0.33,146,"100, 100, 100, 83, 66, 66, 55, 55, 45, 45, 34, 17",2026-07-14,"Image pack, Sitelinks, Reviews, Video, Image, People also ask, Related searches",informational,Organic
one line shayari in hindi,23,23,1900,18,0.40,https://eknazariya.com/,2,0,0.00,0.33,140,"100, 100, 79, 79, 79, 79, 79, 100, 79, 79, 67, 67",2026-07-14,"Image pack, Sitelinks, Reviews, Video, Featured snippet, People also ask, Related searches",informational,Organic
sher and shayari in hindi,7,7,320,26,0.00,https://eknazariya.com/,2,0,0.00,0,143,"54, 67, 44, 67, 44, 54, 67, 67, 54, 54, 81, 100",2026-07-07,"Image pack, Reviews, Video, Image, Video Carousel, People also ask, Related searches, AI overview",informational,Organic
poetry lines in hindi,12,12,480,27,0.00,https://eknazariya.com/,2,0,0.00,0.33,157,"24, 29, 67, 100, 67, 82, 100, 100, 82, 82, 44, 36",2026-06-21,"Image pack, Reviews, Video, People also ask, Related searches",informational,Organic
sher shayari new,7,7,110,27,0.00,https://eknazariya.com/,2,0,0.00,0.33,141,"64, 79, 64, 79, 79, 100, 79, 50, 64, 64, 50, 100",2026-08-19,"Image pack, Reviews, Video, Image, People also ask, Related searches, AI overview",informational,Organic
love ghazal shayari,13,13,480,20,0.00,https://eknazariya.com/,2,0,0.00,0.33,133,"81, 81, 81, 100, 81, 100, 100, 100, 81, 81, 66, 66",2026-07-09,"Image pack, Reviews, Video, Image, Ads top, Ads bottom, People also ask, Related searches",informational,Organic
gulzar best shayari on life,13,13,590,24,0.00,https://eknazariya.com/gulzar-shayari-1,2,0,0.00,0.33,146,"82, 100, 82, 67, 36, 30, 67, 82, 44, 55, 55, 55",2026-06-23,"Image pack, Sitelinks, Reviews, Video, Image, People also ask, AI overview",informational,Organic
shayar shayari,7,7,260,35,0.00,https://eknazariya.com/,2,0,0.00,0,147,"82, 82, 67, 54, 67, 67, 67, 67, 67, 67, 54, 100",2026-07-09,"Image pack, Reviews, Video, Image, Ads bottom, Video Carousel, People also ask, Related searches, Ads middle",informational,Organic
achha achha shayari,10,10,390,28,0.00,https://eknazariya.com/,2,0,0.00,0.33,131,"81, 81, 81, 67, 54, 100, 81, 81, 67, 67, 81, 67",2026-08-19,"Image pack, Reviews, Video, People also ask, Related searches, AI overview",informational,Organic
shayari hindi mai,8,8,320,40,0.00,https://eknazariya.com/,2,0,0.00,0.33,149,"82, 82, 82, 82, 82, 100, 100, 82, 82, 67, 67, 67",2026-07-21,"Image pack, Reviews, Video, Video Carousel, People also ask, Related searches",informational,Organic
ek line ki shayari,13,13,590,23,0.00,https://eknazariya.com/,2,0,0.00,0.33,107,"82, 82, 82, 82, 67, 82, 100, 100, 82, 100, 100, 100",2026-07-08,"Image pack, Sitelinks, Reviews, Video, People also ask, Related searches",informational,Organic
aashiqui shayari,27,27,1600,20,0.10,https://eknazariya.com/,2,0,0.00,0.33,133,"84, 100, 100, 84, 84, 84, 84, 84, 68, 68, 68, 68",2026-07-16,"Image pack, Reviews, Video, Image, People also ask, Related searches",informational,Organic
long shayari in hindi,16,16,720,32,0.40,https://eknazariya.com/,2,0,0.00,0.33,148,"100, 82, 82, 100, 100, 82, 100, 100, 82, 100, 100, 55",2026-07-12,"Image pack, Reviews, Video, Image, People also ask, Related searches",informational,Organic
ghalib mirza shayari,10,10,320,28,0.00,https://eknazariya.com/ghalib-shayari,2,0,0.00,0.01,146,"10, 36, 100, 100, 44, 24, 29, 67, 54, 44, 36, 44",2026-07-18,"Image pack, Sitelinks, Reviews, Video, Image, People also ask, Related searches, AI overview",informational,Organic
vigo shayari,11,11,480,23,0.00,https://eknazariya.com/,2,0,0.00,0.33,7120000,"7, 39, 59, 72, 72, 72, 88, 88, 100, 7, 9, 14",2026-07-22,"Reviews, Video, Video Carousel, People also ask",informational,Organic
the shayari,6,6,170,40,0.00,https://eknazariya.com/,2,0,0.00,0.33,149,"100, 81, 100, 81, 81, 67, 81, 81, 67, 67, 67, 67",2026-08-17,"Knowledge panel, Reviews, Video, Video Carousel, People also ask, Related searches, AI overview",informational,Organic
shayari dikhaiye,14,14,720,29,0.00,https://eknazariya.com/,2,0,0.00,0.33,126,"55, 55, 68, 55, 55, 100, 55, 45, 45, 37, 45, 37",2026-07-20,"Image pack, Reviews, Video, People also ask, Related searches, AI overview","informational, transactional",Organic
shayari lyrics,16,16,1600,47,0.40,https://eknazariya.com/,2,0,0.00,0.33,149,"54, 79, 79, 100, 67, 67, 79, 79, 67, 54, 54, 54",2026-07-13,"Image pack, Reviews, Video, Image, Video Carousel, People also ask, Related searches",informational,Organic
shayari long,10,10,210,32,0.00,https://eknazariya.com/,2,0,0.00,0,142,"54, 81, 81, 100, 100, 81, 81, 81, 81, 65, 81, 81",2026-07-08,"Image pack, Reviews, Video, Related searches",informational,Organic
sariya hindi,9,9,260,42,0.00,https://eknazariya.com/,2,0,0.00,0.33,126,"53, 81, 81, 100, 100, 100, 100, 81, 81, 81, 66, 66",2026-07-06,"Image pack, Reviews, Video, People also ask, Related searches, AI overview",informational,Organic
kam shayari,9,9,170,29,0.00,https://eknazariya.com/,2,0,0.00,0.33,149,"100, 100, 100, 82, 82, 100, 100, 100, 82, 82, 82, 82",2026-08-03,"Image pack, Reviews, Video, People also ask, Related searches",informational,Organic
bad shayari,15,15,880,36,0.00,https://eknazariya.com/,2,0,0.00,0.33,139,"100, 100, 100, 100, 100, 100, 100, 100, 82, 82, 82, 67",2026-06-27,"Image pack, Reviews, Video, Image, People also ask, Related searches",informational,Organic
how to write shayari in hindi,6,6,320,25,0.00,https://eknazariya.com/,2,0,0.00,0.33,124,"24, 24, 30, 19, 24, 36, 36, 24, 30, 55, 55, 100",2026-08-02,"Image pack, Reviews, Video, Video Carousel, People also ask, Related searches, AI overview",informational,Organic
urdu shayari on zindagi in hindi,12,12,720,19,0.00,https://eknazariya.com/,2,0,0.00,0.33,137,"4, 6, 6, 6, 11, 20, 37, 62, 81, 100, 81, 81",2026-07-10,"Image pack, Reviews, Video, Image, Video Carousel, People also ask, Related searches",informational,Organic
hindi movie shayari,10,10,720,18,0.00,https://eknazariya.com/movie-shayari-1,2,0,0.00,0.33,131,"100, 42, 30, 25, 25, 25, 25, 20, 20, 16, 16, 16",2026-07-22,"Image pack, Reviews, Video, Image, Video Carousel, People also ask, Related searches, AI overview",informational,Organic
sher shayari wale status,7,7,170,26,0.00,https://eknazariya.com/,2,0,0.00,0.03,119,"16, 53, 81, 81, 81, 100, 66, 66, 66, 3, 3, 3",2026-07-20,"Sitelinks, Reviews, Video, Video Carousel, People also ask, Related searches",informational,Organic
gulzar poetry on life in hindi,15,15,1600,28,0.00,https://eknazariya.com/gulzar-shayari-1,2,0,0.00,0.33,169,"84, 84, 100, 46, 53, 100, 100, 84, 84, 68, 68, 68",2026-08-02,"Image pack, Sitelinks, Reviews, Video, Video Carousel, People also ask, Related searches",informational,Organic
easy shayari in hindi,8,8,110,36,0.00,https://eknazariya.com/,2,0,0.00,0.33,150,"41, 53, 65, 82, 82, 82, 82, 100, 65, 53, 53, 53",2026-06-27,"Image pack, Reviews, Video, People also ask, Related searches",informational,Organic
superhit shayari,8,8,320,32,0.00,https://eknazariya.com/,2,0,0.00,0.33,151,"67, 82, 82, 82, 82, 100, 100, 82, 82, 82, 67, 82",2026-08-09,"Image pack, Reviews, Video, Ads top, Ads bottom, Video Carousel, People also ask, Related searches",informational,Organic
love ghalib shayari,7,7,210,9,0.00,https://eknazariya.com/ghalib-shayari,2,0,0.00,0.33,3490000,"65, 81, 81, 65, 81, 81, 100, 100, 65, 65, 42, 54",2026-08-10,"Image pack, Reviews, Video, Ads top, Ads bottom, Video Carousel, Related searches, AI overview",informational,Organic
jordar shayari,6,6,170,35,0.00,https://eknazariya.com/,2,0,0.00,0.33,153,"81, 100, 100, 100, 81, 81, 100, 100, 67, 100, 81, 67",2026-07-27,"Image pack, Reviews, Video, Video Carousel, People also ask, Related searches",informational,Organic
koi achi si shayari,7,7,320,24,0.00,https://eknazariya.com/,2,0,0.00,0.33,135,"67, 67, 82, 82, 67, 54, 82, 100, 67, 100, 82, 67",2026-07-04,"Image pack, Sitelinks, Reviews, Video, Video Carousel, People also ask, Related searches, AI overview",informational,Organic
shayari urdu mein,14,14,880,33,0.00,https://eknazariya.com/,2,0,0.00,0,187,"37, 45, 45, 37, 37, 81, 100, 62, 55, 55, 62, 55",2026-06-30,"Image pack, Reviews, Video, Video Carousel, Related searches",informational,Organic
best ghalib shayari on life,1,1,170,26,0.00,https://eknazariya.com/ghalib-shayari,2,0,0.00,0.33,139,"3, 8, 23, 44, 36, 36, 44, 44, 54, 54, 100, 100",2026-06-25,"Image pack, Reviews, Video, Image, Ads bottom, Video Carousel, People also ask, Related searches, Ads middle, AI overview",commercial,AI overview
gajal hindi shayari,12,12,590,28,0.40,https://eknazariya.com/,2,0,0.00,0.33,142,"72, 32, 26, 39, 72, 100, 88, 72, 48, 39, 48, 59",2026-06-28,"Image pack, Reviews, Video, Image, People also ask, Related searches",informational,Organic
past shayari,7,7,170,20,0.00,https://eknazariya.com/,2,0,0.00,0.33,147,"65, 81, 100, 81, 65, 65, 100, 81, 65, 54, 54, 42",2026-07-13,"Image pack, Reviews, Video, People also ask, Related searches",informational,Organic
all in one sayari,8,8,110,31,0.00,https://eknazariya.com/,2,0,0.00,0.15,135,"66, 81, 100, 100, 6, 9, 6, 9, 28, 9, 9, 34",2026-07-27,"Reviews, Video, People also ask, Related searches, AI overview",informational,Organic
formal shayari,11,11,720,23,0.00,https://eknazariya.com/,2,0,0.00,0.33,150,"4, 7, 21, 38, 38, 46, 53, 68, 100, 84, 1, 3",2026-07-19,"Image pack, Reviews, Video, Video Carousel, Related searches",informational,Organic
hindi film shayari,11,11,720,18,0.00,https://eknazariya.com/movie-shayari-1,2,0,0.00,0.33,124,"20, 100, 42, 30, 25, 25, 25, 25, 20, 20, 16, 16",2026-07-11,"Image pack, Reviews, Video, Video Carousel, People also ask, Related searches, AI overview",informational,Organic
sharif shayari,12,12,480,12,0.00,https://eknazariya.com/,2,0,0.00,0.33,113,"100, 100, 82, 82, 82, 100, 82, 67, 54, 44, 44, 36",2026-07-23,"Image pack, Reviews, People also ask, Related searches",informational,Organic
favourite shayari,8,8,110,46,0.00,https://eknazariya.com/,2,0,0.00,0.33,154,"64, 79, 100, 50, 79, 79, 79, 100, 79, 64, 64, 50",2026-08-10,"Image pack, Reviews, Video, Ads top, Ads bottom, People also ask, Related searches",informational,Organic
2 line shayari by famous shayars,15,15,480,31,0.00,https://eknazariya.com/,2,0,0.00,0.33,50,"100, 81, 62, 30, 9, 9, 11, 9, 11, 9, 16, 11",2026-07-26,"Sitelinks, Reviews, Featured snippet, Related searches",informational,Organic
past shayari in hindi,8,8,110,25,0.00,https://eknazariya.com/,2,0,0.00,0.33,84,"100, 82, 65, 82, 65, 65, 53, 41, 82, 65, 53, 41",2026-07-22,"Image pack, Reviews, Video, Image, People also ask, Related searches",informational,Organic
h8ndi shayari,10,10,320,43,0.00,https://eknazariya.com/,2,0,0.00,0.33,84,"10, 19, 67, 100, 67, 67, 54, 54, 54, 54, 3, 1",2026-07-19,"Image pack, Reviews, Image, People also ask, Related searches, AI overview",informational,Organic
top 10 shayari in hindi,8,8,260,19,0.00,https://eknazariya.com/,2,0,0.00,0.33,146,"54, 54, 82, 67, 67, 82, 100, 82, 67, 67, 54, 54",2026-07-01,"Reviews, Video, Video Carousel, People also ask, Related searches, AI overview","commercial, informational",Organic
share shayari,8,8,320,21,0.00,https://eknazariya.com/,2,0,0.00,0.33,145,"100, 82, 100, 82, 82, 82, 100, 82, 67, 54, 67, 67",2026-06-25,"Image pack, Reviews, Video, Image, Video Carousel, People also ask, Related searches",informational,Organic
shy shayari,8,8,110,46,0.00,https://eknazariya.com/,2,0,0.00,0.33,150,"100, 82, 29, 41, 65, 82, 65, 100, 82, 65, 65, 65",2026-06-22,"Image pack, Reviews, Video, People also ask, Related searches",informational,Organic
filmi shayari,7,7,320,15,0.00,https://eknazariya.com/movie-shayari-1,2,0,0.00,0.33,140,"100, 100, 100, 67, 67, 100, 82, 67, 67, 54, 67, 54",2026-08-02,"Image pack, Reviews, Video, Image, Video Carousel, People also ask, Related searches, AI overview",informational,Organic
jaani shayari in hindi,8,8,210,13,0.00,https://eknazariya.com/,2,0,0.00,0.33,136,"35, 54, 44, 54, 81, 100, 54, 44, 44, 29, 23, 23",2026-07-29,"Image pack, Sitelinks, Reviews, Video, Image, Video Carousel, Related searches",informational,Organic
sayri ki dayri in hindi,17,17,1900,29,0.00,https://eknazariya.com/,2,0,0.00,0.18,146,"3, 5, 4, 3, 3, 3, 3, 3, 4, 4, 3, 100",2026-06-22,"Image pack, Reviews, Video, Image, People also ask, Related searches, AI overview",informational,Organic
best shayari lines,11,11,390,34,0.00,https://eknazariya.com/,2,0,0.00,0.01,131,"100, 81, 100, 81, 100, 81, 100, 81, 81, 67, 67, 81",2026-08-09,"Image pack, Reviews, Video, Ads top, Ads bottom, People also ask, Related searches",commercial,Organic
shayari meaning in hindi,19,19,1900,25,0.00,https://eknazariya.com/,2,0,0.00,0.33,144,"100, 83, 83, 66, 66, 83, 83, 66, 66, 55, 55, 55",2026-07-21,"Sitelinks, Reviews, Video, Video Carousel, People also ask, Related searches, AI overview",informational,Organic
shayari ghazal,10,10,590,23,0.00,https://eknazariya.com/,2,0,0.00,0.33,146,"67, 67, 67, 82, 67, 82, 100, 82, 67, 55, 44, 44",2026-08-03,"Knowledge panel, Reviews, Video, Video Carousel, People also ask, Related searches","informational, transactional",Organic
shayari thought,14,14,720,29,0.00,https://eknazariya.com/,2,0,0.00,0.33,139,"72, 59, 59, 72, 100, 100, 88, 72, 48, 48, 48, 39",2026-07-20,"Image pack, Reviews, Video, People also ask, Related searches",informational,Organic
behtarin shayari,10,10,480,18,0.00,https://eknazariya.com/,2,0,0.00,0.33,152,"66, 81, 81, 81, 81, 81, 100, 81, 81, 81, 81, 81",2026-08-11,"Image pack, Reviews, Video, Image, Video Carousel, People also ask, Related searches",informational,Organic
zakir khan poetry,11,11,720,26,0.00,https://eknazariya.com/zakir-khan-1,2,0,0.00,0.33,150,"48, 100, 100, 72, 72, 72, 72, 48, 72, 59, 39, 39",2026-07-31,"Image pack, Reviews, Video, Related searches, Short videos, AI overview",informational,Organic
most famous shayaris,13,13,480,28,0.00,https://eknazariya.com/,2,0,0.00,0.01,149,"66, 81, 81, 66, 66, 100, 100, 81, 81, 66, 66, 54",2026-07-27,"Image pack, Reviews, Video, People also ask, Related searches",informational,Organic
shandar shayari,8,8,320,22,0.00,https://eknazariya.com/,2,0,0.00,0.33,86,"67, 67, 67, 81, 67, 67, 100, 81, 67, 67, 67, 67",2026-07-06,"Image pack, Reviews, Video, Image, Video Carousel, People also ask, Related searches",informational,Organic
normal shayari,16,16,720,32,0.00,https://eknazariya.com/,2,0,0.00,0,110,"100, 100, 100, 82, 82, 82, 100, 100, 100, 82, 82, 82",2026-06-29,"Image pack, Reviews, Video, Image, Ads bottom, People also ask, Related searches, Ads middle",informational,Organic
life gulzar shayari,9,9,720,21,0.00,https://eknazariya.com/gulzar-shayari-1,2,0,0.00,0.33,140,"88, 88, 72, 39, 59, 88, 100, 72, 88, 72, 100, 88",2026-08-04,"Image pack, Sitelinks, Reviews, Video, Image, Video Carousel, People also ask, Related searches, AI overview",informational,Organic
feel the words shayari in hindi,20,20,1600,22,0.00,https://eknazariya.com/,2,0,0.00,0.33,140,"1, 4, 16, 30, 30, 30, 30, 30, 23, 36, 100, 100",2026-07-11,"Sitelinks, Reviews, Video, People also ask, Related searches",informational,Organic
best shayari for man,10,10,390,41,0.00,https://eknazariya.com/,2,0,0.00,0.33,119,"3, 8, 16, 30, 36, 44, 44, 36, 44, 55, 100, 82",2026-07-10,"Image pack, Reviews, Video, Featured snippet, Ads bottom, People also ask, Related searches, Ads middle",commercial,Organic
nazar par shayari in hindi,9,9,110,11,0.00,https://eknazariya.com/,2,0,0.00,0.33,130,"50, 79, 64, 64, 50, 100, 79, 100, 100, 79, 64, 64",2026-07-25,"Image pack, Sitelinks, Reviews, Video, Image, People also ask, Related searches",informational,Organic
motivational urdu shayari in hindi,10,9,260,20,0.00,https://eknazariya.com/,2,0,0.00,0.33,134,"81, 100, 100, 81, 81, 67, 54, 35, 23, 15, 19, 15",2026-08-20,"Image pack, Reviews, Video, Image, People also ask, Related searches",informational,Organic
hindi mein sher shayari,4,4,110,27,0.00,https://eknazariya.com/,2,0,0.00,0.33,146,"79, 79, 100, 79, 79, 64, 79, 79, 64, 50, 64, 50",2026-06-28,"Image pack, Reviews, Video, Image, Video Carousel, People also ask, Related searches",informational,Organic
special shayari,13,13,590,42,0.00,https://eknazariya.com/,2,0,0.00,0.33,144,"82, 100, 100, 82, 100, 67, 82, 82, 82, 82, 67, 36",2026-07-14,"Image pack, Reviews, Video, Image, Ads bottom, People also ask, Related searches, Ads middle",informational,Organic
full shayari in hindi,12,12,480,30,0.00,https://eknazariya.com/,2,0,0.00,0.33,146,"16, 24, 55, 100, 67, 67, 67, 82, 82, 67, 12, 12",2026-06-26,"Reviews, Video, People also ask, Related searches, AI overview",informational,Organic
love shayari in urdu hindi,9,9,110,29,0.00,https://eknazariya.com/,2,0,0.00,0.01,139,"79, 64, 64, 64, 79, 100, 100, 79, 64, 64, 64, 36",2026-07-28,"Image pack, Sitelinks, Reviews, Video, People also ask, Related searches","informational, transactional",Organic
shayari gulzar sahab,11,11,260,28,0.00,https://eknazariya.com/gulzar-shayari-1,1,0,0.00,0.33,147,"44, 100, 81, 54, 36, 66, 66, 44, 36, 19, 12, 12",2026-08-03,"Image pack, Reviews, Video, Image, People also ask, Related searches",informational,Organic
a shayari,10,10,390,46,0.00,https://eknazariya.com/,1,0,0.00,0.33,143,"54, 66, 81, 81, 66, 81, 100, 81, 66, 66, 66, 54",2026-07-07,"Reviews, Video, Video Carousel, People also ask, Related searches, AI overview",informational,Organic
sher quotes in hindi,10,10,210,22,0.00,https://eknazariya.com/,1,0,0.00,0.33,82,"100, 100, 81, 81, 81, 65, 81, 81, 65, 81, 81, 65",2026-07-10,"Image pack, Reviews, Video, People also ask, Related searches",informational,Organic
copy shayari,25,25,880,27,0.03,https://eknazariya.com/,1,0,0.00,0,127,"82, 82, 82, 100, 100, 100, 82, 100, 100, 100, 82, 100",2026-07-03,"Image pack, Reviews, Video, People also ask, Related searches",commercial,Organic
sàyari,9,9,110,26,0.00,https://eknazariya.com/,1,0,0.00,0,108,"82, 82, 100, 82, 65, 65, 65, 53, 41, 65, 53, 65",2026-08-10,"Image pack, Reviews, Related searches, AI overview",informational,Organic
shayari shayari shayari shayari,8,8,170,44,0.00,https://eknazariya.com/,1,0,0.00,0.33,125,"67, 67, 81, 81, 67, 67, 100, 100, 81, 67, 52, 67",2026-07-13,"Knowledge panel, Reviews, Video, Video Carousel, People also ask, Related searches, AI overview","informational, transactional",Organic
badhiya badhiya shayari,12,12,320,28,0.00,https://eknazariya.com/,1,0,0.00,0.33,122,"67, 67, 81, 81, 67, 54, 100, 81, 67, 67, 81, 67",2026-07-10,"Image pack, Reviews, Video, People also ask, Related searches",informational,Organic
helo shayari,18,18,720,28,0.00,https://eknazariya.com/,1,0,0.00,0.33,429000000,"7, 16, 45, 77, 68, 100, 68, 100, 77, 100, 3, 2",2026-07-13,"Reviews, Video, People also ask, Related searches",informational,Organic
shayari by gulzar on life,10,10,110,16,0.00,https://eknazariya.com/gulzar-shayari-1,1,0,0.00,0,82,"100, 79, 64, 79, 100, 100, 64, 79, 64, 100, 50, 64",2026-07-21,"Image pack, Sitelinks, Reviews, Video, Related searches",informational,Organic
one line shayri,15,15,260,4,0.00,https://eknazariya.com/,1,0,0.00,0,95,"100, 19, 19, 15, 15, 67, 24, 19, 67, 19, 24, 19",2026-06-26,"Image pack, Sitelinks, Reviews, Image, Related searches",informational,Organic
sher par shayari,9,9,210,23,0.00,https://eknazariya.com/,1,0,0.00,0.33,148,"81, 81, 81, 100, 53, 66, 66, 81, 66, 66, 44, 34",2026-07-13,"Image pack, Reviews, Video, Image, Video Carousel, People also ask, Related searches",informational,Organic
vip shayari,14,14,480,23,0.00,https://eknazariya.com/,1,0,0.00,0.33,109,"66, 66, 81, 66, 66, 81, 100, 81, 81, 66, 81, 81",2026-08-09,"Image pack, Reviews, Video, People also ask, Related searches",informational,Organic
love ghazal in hindi,19,19,720,18,0.08,https://eknazariya.com/,1,0,0.00,0,25200000,"72, 72, 72, 72, 88, 100, 88, 88, 72, 88, 59, 72",2026-07-14,"Image pack, Reviews, Video, Video Carousel, People also ask, Related searches",informational,Organic
rj rahul makin shayari,7,7,260,25,0.00,https://eknazariya.com/voice-of-rj-1,1,0,0.00,0,63,"3, 19, 29, 29, 100, 67, 67, 67, 54, 0, 0, 0",2026-07-20,"Image pack, Video, Video Carousel, Related searches, Short videos","informational, transactional",Organic
2 line ghazal in hindi,19,19,1300,20,0.00,https://eknazariya.com/,1,0,0.00,0.33,127,"100, 100, 100, 100, 55, 45, 62, 81, 62, 62, 62, 62",2026-06-28,"Reviews, Video, Image, People also ask, Related searches, AI overview",informational,Organic
best sad shayri,10,10,110,5,0.00,https://eknazariya.com/best-sad-shayari,1,0,0.00,0.01,119,"100, 82, 82, 82, 82, 65, 53, 65, 65, 65, 65, 53",2026-07-11,"Sitelinks, Reviews, Video, Related searches, AI overview",commercial,Organic
duniyadari shayari,23,23,880,22,0.00,https://eknazariya.com/,1,0,0.00,0.33,120,"100, 88, 88, 88, 72, 72, 88, 88, 88, 59, 59, 72",2026-06-29,"Image pack, Reviews, Video, Image, People also ask, Related searches",informational,Organic
zindagi gulzar hai shayari,15,15,260,25,0.00,https://eknazariya.com/gulzar-shayari-1,1,0,0.00,0.33,148,"100, 100, 82, 67, 82, 67, 67, 54, 54, 54, 54, 44",2026-07-14,"Image pack, Reviews, Video, Related searches",informational,Organic
building shayari,16,16,590,19,0.00,https://eknazariya.com/,1,0,0.00,0.33,65,"5, 14, 39, 59, 88, 88, 72, 100, 88, 100, 2, 2",2026-07-19,"Image pack, Reviews, Video, People also ask, Related searches",informational,Organic
swastika shayri,15,15,260,26,0.00,https://eknazariya.com/,1,0,0.00,0,130,"0, 0, 0, 0, 1, 29, 29, 82, 15, 82, 100, 82",2026-08-13,"Reviews, Video, AI overview",informational,Organic
shayari of the day,13,13,260,27,0.00,https://eknazariya.com/,1,0,0.00,0.33,124,"82, 82, 100, 82, 82, 67, 67, 54, 82, 44, 36, 67",2026-07-05,"Image pack, Reviews, Video, People also ask, Related searches, AI overview",informational,Organic
best hindi poetry lines,12,12,210,23,0.00,https://eknazariya.com/,1,0,0.00,0.33,152,"81, 81, 81, 65, 65, 81, 81, 65, 65, 81, 65, 100",2026-08-12,"Image pack, Reviews, Video, Image, People also ask, Related searches","commercial, informational",Organic
gulzar shayari on relationship,12,12,210,21,0.00,https://eknazariya.com/gulzar-shayari-1,1,0,0.00,0.33,142,"7, 8, 5, 7, 19, 44, 36, 44, 44, 66, 100, 66",2026-08-13,"Image pack, Sitelinks, Reviews, Video, Ads bottom, People also ask, Related searches",informational,Organic
hindi urdu shayri,8,8,210,25,0.00,https://eknazariya.com/,1,0,0.00,0,129,"100, 100, 81, 100, 100, 81, 100, 65, 65, 81, 65, 81",2026-07-03,"Image pack, Reviews, Video, Image, Ads top, Video Carousel, Related searches, Ads middle, AI overview",informational,Organic
shayari set,11,11,260,27,0.00,https://eknazariya.com/,1,0,0.00,0.33,143,"81, 66, 81, 81, 66, 81, 100, 100, 81, 81, 66, 66",2026-06-30,"Image pack, Reviews, Video, People also ask, Related searches",informational,Organic
mr shayari,10,10,260,23,0.00,https://eknazariya.com/,1,0,0.00,0.33,126,"67, 67, 54, 67, 44, 54, 54, 54, 54, 100, 67, 54",2026-08-07,"Reviews, Video, Video Carousel, People also ask, Related searches, AI overview",informational,Organic
choti shayari,14,14,390,21,0.00,https://eknazariya.com/,1,0,0.00,0.33,126,"82, 100, 82, 100, 100, 100, 100, 82, 82, 100, 100, 100",2026-08-09,"Image pack, Reviews, Video, People also ask, Related searches, AI overview",informational,Organic
love gazal hindi,21,21,720,18,0.00,https://eknazariya.com/,1,0,0.00,0,130,"59, 72, 59, 48, 72, 88, 100, 88, 88, 88, 72, 72",2026-08-11,"Reviews, Video, Ads top, Ads bottom, Video Carousel, Related searches, AI overview","informational, transactional",Organic
super shayari hindi,8,8,140,33,0.00,https://eknazariya.com/,1,0,0.00,0.01,153,"65, 100, 82, 53, 100, 100, 100, 53, 65, 53, 65, 82",2026-08-10,"Image pack, Reviews, Video, People also ask, Related searches, AI overview",informational,Organic
shayari gulzar hindi,12,12,210,21,0.00,https://eknazariya.com/gulzar-shayari-1,1,0,0.00,0,69,"28, 44, 53, 66, 66, 66, 66, 81, 100, 66, 66, 66",2026-07-26,"Image pack, Sitelinks, Reviews, Ads top, Related searches",informational,Organic
purani shayari,14,14,480,18,0.00,https://eknazariya.com/,1,0,0.00,0.33,77,"100, 81, 81, 81, 81, 100, 100, 81, 66, 66, 66, 66",2026-07-23,"Image pack, Reviews, Video, People also ask, Related searches, AI overview",informational,Organic
best shayari by famous shayars,2,2,480,27,0.00,https://eknazariya.com/,1,0,0.00,0.33,148,"82, 100, 82, 36, 24, 36, 44, 44, 36, 44, 67, 55",2026-08-11,"Image pack, Reviews, Video, Image, Ads top, Ads bottom, Video Carousel, People also ask, Related searches, AI overview",commercial,AI overview
mehfil shayari,24,24,1000,22,0.00,https://eknazariya.com/,1,0,0.00,0.33,139,"77, 77, 77, 68, 77, 100, 100, 77, 68, 68, 55, 45",2026-07-27,"Image pack, Reviews, Video, Image, Video Carousel, People also ask, Related searches",informational,Organic
shayari new 2021,22,22,720,34,0.00,https://eknazariya.com/,1,0,0.00,0,138,"39, 26, 39, 59, 72, 88, 88, 72, 88, 88, 72, 100",2026-08-02,"Image pack, Reviews, Video, Image, People also ask, Related searches, AI overview",informational,Organic
hindi sariya,8,8,390,41,0.00,https://eknazariya.com/,1,0,0.00,0.33,149,"81, 67, 81, 67, 81, 81, 100, 81, 81, 81, 81, 81",2026-07-06,"Image pack, Reviews, Video, Image, Video Carousel, People also ask, Related searches, AI overview",informational,Organic
raste quotes in hindi,11,11,320,17,0.00,https://eknazariya.com/,1,0,0.00,0.33,131,"100, 100, 100, 81, 67, 54, 54, 67, 44, 44, 35, 54",2026-06-22,"Image pack, Reviews, Video, Featured snippet, People also ask, Related searches",informational,Organic
urdu shayari love in hindi,14,14,320,28,0.00,https://eknazariya.com/,1,0,0.00,0,136,"44, 54, 54, 67, 67, 100, 82, 100, 100, 100, 82, 100",2026-07-12,"Image pack, Reviews, Video, Image, People also ask, Related searches",informational,Organic
buri nazar shayari,16,16,390,25,0.00,https://eknazariya.com/,1,0,0.00,0.33,123,"100, 100, 81, 81, 81, 81, 67, 67, 67, 54, 54, 54",2026-08-10,"Image pack, Sitelinks, Reviews, Video, People also ask, Related searches",informational,Organic
deep urdu shayari in hindi,10,10,210,23,0.00,https://eknazariya.com/,1,0,0.00,0.33,144,"66, 66, 66, 81, 81, 66, 66, 81, 53, 44, 66, 100",2026-07-06,"Image pack, Sitelinks, Reviews, Video, Image, People also ask, Related searches",informational,Organic
very very sad shayari,24,24,720,22,0.00,https://eknazariya.com/best-sad-shayari,1,0,0.00,0,116,"82, 100, 100, 100, 100, 82, 82, 82, 82, 67, 82, 100",2026-07-13,"Image pack, Sitelinks, Reviews, Video, Image, Related searches",informational,Organic
model shayari,12,12,210,28,0.00,https://eknazariya.com/,1,0,0.00,0.33,124,"81, 81, 81, 100, 81, 100, 81, 81, 81, 81, 42, 54",2026-07-02,"Image pack, Reviews, Video, People also ask, Related searches",informational,Organic
shayari type,1,1,480,28,0.00,https://eknazariya.com/,1,0,0.00,0.13,43,"24, 30, 30, 30, 30, 24, 24, 24, 24, 20, 20, 100",2026-07-26,"Reviews, Video, People also ask, Related searches, AI overview",informational,AI overview
typing shayari,12,12,390,33,0.00,https://eknazariya.com/,1,0,0.00,0.33,120,"15, 24, 54, 67, 82, 67, 82, 100, 82, 82, 10, 12",2026-06-23,"Image pack, Reviews, Video, People also ask, Related searches",informational,Organic
mini shayari in hindi,13,13,210,30,0.00,https://eknazariya.com/,1,0,0.00,0.33,19,"19, 29, 44, 35, 44, 67, 67, 81, 100, 15, 10, 10",2026-07-21,"Reviews, People also ask, Related searches, AI overview",informational,Organic
new sher shayari,7,7,140,29,0.00,https://eknazariya.com/,1,0,0.00,0.33,130,"65, 100, 82, 82, 65, 82, 100, 82, 53, 53, 65, 53",2026-07-09,"Image pack, Reviews, Video, Image, Video Carousel, People also ask, Related searches",informational,Organic
super hit shayari hindi,9,9,140,26,0.00,https://eknazariya.com/,1,0,0.00,0.01,157,"65, 100, 82, 53, 100, 100, 100, 53, 65, 53, 65, 82",2026-08-10,"Image pack, Reviews, Video, Related searches, AI overview",commercial,Organic
answer shayari,15,15,390,23,0.00,https://eknazariya.com/,1,0,0.00,0.33,146,"3, 10, 36, 67, 36, 100, 82, 82, 55, 67, 6, 5",2026-07-19,"Image pack, Reviews, Video, People also ask, Related searches, AI overview",informational,Organic
gulzar urdu shayari in hindi,13,13,590,15,0.00,https://eknazariya.com/gulzar-shayari-1,1,0,0.00,0.33,140,"55, 82, 82, 82, 82, 82, 100, 67, 67, 55, 55, 55",2026-07-24,"Image pack, Sitelinks, Reviews, Video, Video Carousel, Related searches",informational,Organic
shayari shows,10,10,140,30,0.00,https://eknazariya.com/,1,0,0.00,0.33,126,"41, 82, 82, 82, 82, 100, 82, 65, 82, 82, 53, 53",2026-07-07,"Image pack, Reviews, Video, People also ask",informational,Organic
give me shayari,1,1,140,44,0.00,https://eknazariya.com/,1,0,0.00,0.01,137,"41, 41, 53, 65, 82, 65, 65, 100, 100, 100, 100, 100",2026-06-26,"Image pack, Reviews, Video, Video Carousel, People also ask, Related searches, AI overview",informational,AI overview
give me shayari,6,6,140,44,0.00,https://eknazariya.com/,1,0,0.00,0.01,137,"41, 41, 53, 65, 82, 65, 65, 100, 100, 100, 100, 100",2026-06-26,"Image pack, Reviews, Video, Video Carousel, People also ask, Related searches, AI overview",informational,Organic
gulzar best shayari,24,24,880,26,0.20,https://eknazariya.com/gulzar-shayari-1,1,0,0.00,0,78,"100, 88, 72, 72, 100, 100, 88, 88, 72, 88, 72, 72",2026-07-11,"Image pack, Reviews, Video, Image, Video Carousel, Related searches",informational,Organic
shayari spelling,16,16,720,19,0.00,https://eknazariya.com/,1,0,0.00,0.33,119,"59, 72, 72, 88, 72, 72, 88, 88, 100, 88, 72, 59",2026-06-22,"Image pack, Sitelinks, Reviews, Video, Video Carousel, Related searches, AI overview",informational,Organic
google koi shayari sunao,10,10,210,30,0.00,https://eknazariya.com/,1,0,0.00,0.33,125,"100, 100, 100, 81, 65, 81, 81, 100, 81, 81, 81, 81",2026-07-17,"Reviews, Video, People also ask, Related searches, AI overview",informational,Organic
quotes in hindi shayari,12,12,260,49,0.00,https://eknazariya.com/,1,0,0.00,0.33,150,"100, 81, 81, 66, 100, 100, 100, 66, 53, 66, 44, 34",2026-07-21,"Image pack, Reviews, Featured snippet, Image, People also ask, Related searches",informational,Organic
ghalib sher in hindi,7,7,170,23,1.16,https://eknazariya.com/ghalib-shayari,1,0,1.00,0.01,143,"81, 100, 81, 81, 100, 81, 81, 52, 81, 67, 81, 100",2026-07-11,"Image pack, Reviews, Video, Image, Ads bottom, Video Carousel, People also ask, Related searches, AI overview",informational,Organic
gulzar status,10,10,210,25,0.00,https://eknazariya.com/gulzar-shayari-1,1,0,0.00,0.33,133,"44, 53, 53, 44, 100, 53, 66, 100, 53, 53, 66, 66",2026-07-08,"Image pack, Reviews, Video, Image, People also ask, Related searches",informational,Organic
full shayari,16,16,480,45,0.00,https://eknazariya.com/,1,0,0.00,0.33,149,"81, 81, 81, 81, 66, 81, 100, 100, 81, 66, 81, 81",2026-06-23,"Image pack, Reviews, Video, People also ask, Related searches, AI overview",informational,Organic
urdu shayari in hindi text,9,9,390,28,0.00,https://eknazariya.com/,1,0,0.00,0.33,147,"81, 81, 100, 100, 81, 81, 81, 81, 67, 54, 44, 67",2026-07-01,"Image pack, Reviews, Video, Image, Ads bottom, Video Carousel, People also ask, Related searches, Ads middle, AI overview",informational,Organic
winner shayari in hindi,17,17,390,23,0.00,https://eknazariya.com/,1,0,0.00,0.33,124,"36, 36, 44, 44, 81, 81, 100, 66, 100, 66, 54, 36",2026-07-26,"Image pack, Sitelinks, Reviews, Video, Image, People also ask, Related searches",informational,Organic
asim shayari,9,9,210,17,0.00,https://eknazariya.com/,1,0,0.00,0.33,137,"4, 10, 44, 54, 54, 54, 81, 81, 100, 81, 2, 2",2026-07-17,"Reviews, Video, Video Carousel, People also ask, AI overview",informational,Organic
priority shayari,14,14,210,26,0.00,https://eknazariya.com/,1,0,0.00,0.33,153,"66, 81, 66, 81, 81, 66, 81, 81, 100, 53, 53, 53",2026-08-05,"Image pack, Reviews, Video, Related searches",informational,Organic
apno ke liye shayari,20,20,1300,23,0.00,https://eknazariya.com/,1,0,0.00,0.33,135,"100, 100, 100, 100, 100, 100, 100, 100, 100, 77, 77, 77",2026-07-25,"Image pack, Sitelinks, Reviews, Video, People also ask, Related searches",informational,Organic
shayari likhi hui,9,9,480,43,0.00,https://eknazariya.com/,1,0,0.00,0.33,145,"81, 81, 81, 81, 81, 100, 100, 81, 66, 66, 66, 66",2026-08-08,"Image pack, Reviews, Video, Video Carousel, People also ask, Related searches, AI overview",informational,Organic
shayari co,12,12,260,39,0.00,https://eknazariya.com/,1,0,0.00,0.33,37,"15, 19, 19, 19, 24, 29, 24, 66, 66, 66, 100, 81",2026-07-20,"Reviews, Video, People also ask, Related searches",informational,Organic
gulzar ki shayari in hindi,16,14,390,24,0.00,https://eknazariya.com/gulzar-shayari-1,1,0,0.00,0.33,146,"81, 100, 81, 67, 54, 81, 81, 67, 67, 81, 67, 67",2026-08-19,"Image pack, Sitelinks, Reviews, Video, Image, People also ask, Related searches",informational,Organic
cast shayari,9,9,110,37,0.00,https://eknazariya.com/,1,0,0.00,0.33,146,"53, 53, 65, 65, 82, 82, 82, 100, 65, 53, 65, 53",2026-07-19,"Image pack, Reviews, Video, People also ask, Related searches",informational,Organic
badhiya shayari,14,14,880,30,0.00,https://eknazariya.com/,1,0,0.00,0.33,148,"72, 72, 88, 72, 72, 72, 88, 88, 88, 88, 88, 100",2026-07-07,"Image pack, Sitelinks, Reviews, Video, Image, Ads bottom, Video Carousel, People also ask, Related searches, Ads middle",informational,Organic
urdu shayari in urdu text,21,21,720,24,0.40,https://eknazariya.com/,1,0,0.00,0.01,135,"100, 77, 68, 68, 55, 68, 55, 45, 30, 37, 25, 20",2026-07-23,"Image pack, Related searches",informational,Organic
indian shayari,1,1,880,45,0.00,https://eknazariya.com/,1,0,0.00,0.33,139,"25, 30, 100, 30, 25, 25, 30, 79, 25, 30, 20, 20",2026-06-29,"Reviews, Video, Image, People also ask, Related searches, AI overview",informational,AI overview
naina shayari,15,15,390,25,0.00,https://eknazariya.com/,1,0,0.00,0.33,143,"81, 81, 66, 66, 66, 81, 100, 81, 66, 66, 54, 54",2026-07-20,"Image pack, Reviews, Video, Image, People also ask, Related searches, AI overview",informational,Organic
shayari on life in urdu,17,17,1000,25,0.00,https://eknazariya.com/,1,0,0.00,0,129,"68, 77, 68, 77, 77, 77, 77, 77, 77, 100, 55, 55",2026-06-29,"Image pack, Reviews, Video, Video Carousel, People also ask, Related searches",informational,Organic
saya shayari,12,12,260,28,0.00,https://eknazariya.com/,1,0,0.00,0.33,149,"81, 67, 54, 54, 54, 100, 67, 44, 29, 35, 35, 35",2026-08-09,"Image pack, Reviews, Video, Image, Ads top, Ads bottom, People also ask, Related searches",informational,Organic
best urdu shayari,15,15,4400,38,0.24,https://eknazariya.com/,1,0,0.00,0.33,130,"100, 100, 100, 100, 100, 100, 100, 100, 82, 82, 82, 82",2026-07-12,"Image pack, Reviews, Video, Image, Video Carousel, People also ask, Related searches","commercial, informational",Organic
nai shayari,10,10,390,14,0.00,https://eknazariya.com/,1,0,0.00,0.33,142,"66, 54, 81, 54, 66, 100, 81, 44, 66, 54, 54, 44",2026-08-13,"Image pack, Sitelinks, Reviews, Video, Video Carousel, People also ask, Related searches, AI overview",informational,Organic
acche acche shayari,12,12,390,28,0.00,https://eknazariya.com/,1,0,0.00,0,135,"44, 54, 54, 66, 66, 66, 66, 66, 66, 66, 100, 66",2026-07-29,"Image pack, Sitelinks, Reviews, Video, People also ask, Related searches",informational,Organic
shero shayari status,8,8,140,27,0.00,https://eknazariya.com/,1,0,0.00,0.07,144,"65, 100, 100, 82, 100, 82, 82, 65, 82, 82, 53, 65",2026-07-12,"Image pack, Reviews, Video, Video Carousel, People also ask, Related searches, Ads middle",informational,Organic
trending shayari in hindi,1,1,590,41,0.00,https://eknazariya.com/,1,0,0.00,0.33,136,"44, 55, 67, 55, 67, 100, 100, 82, 82, 67, 67, 67",2026-07-30,"Reviews, Video, Image, People also ask, Related searches, AI overview",informational,AI overview
sardari shayari in hindi,11,11,260,27,0.00,https://eknazariya.com/,1,0,0.00,0.33,37,"7, 24, 54, 44, 44, 66, 81, 66, 100, 2, 3, 2",2026-07-20,"Reviews, People also ask, Related searches, AI overview",informational,Organic
competition shayari,22,22,720,23,0.00,https://eknazariya.com/,1,0,0.00,0.33,140,"39, 59, 88, 88, 88, 100, 100, 100, 88, 26, 26, 26",2026-07-31,"Image pack, Reviews, Video, Image, Video Carousel, People also ask, Related searches",informational,Organic
hindi shayari competition,21,21,1300,19,0.00,https://eknazariya.com/,1,0,0.00,0.33,157,"2, 6, 25, 45, 55, 66, 83, 100, 100, 83, 0, 0",2026-07-11,"Image pack, Reviews, Video, Image, Video Carousel, Related searches, AI overview",informational,Organic
shayari world,8,8,110,17,0.00,https://eknazariya.com/,1,0,0.00,0.33,145,"79, 79, 100, 79, 64, 64, 100, 79, 79, 50, 50, 64",2026-07-04,"Image pack, Reviews, Video, Image, Video Carousel, Related searches",informational,Organic
beautiful lines hindi,17,17,590,34,0.00,https://eknazariya.com/,1,0,0.00,0.33,150,"100, 100, 82, 82, 82, 82, 82, 82, 67, 67, 67, 67",2026-06-27,"Image pack, Sitelinks, Reviews, Featured snippet, People also ask, Related searches",informational,Organic
short best shayari,13,13,390,39,0.00,https://eknazariya.com/,1,0,0.00,0.33,151,"100, 81, 100, 81, 67, 67, 81, 100, 81, 100, 67, 81",2026-07-08,"Image pack, Reviews, Video, Video Carousel, People also ask, Related searches",informational,Organic
shayari ki duniya,16,16,880,17,0.00,https://eknazariya.com/,1,0,0.00,0.33,124,"45, 62, 100, 55, 55, 55, 45, 55, 45, 37, 37, 30",2026-08-13,"Image pack, Reviews, Video, Video Carousel, People also ask, Related searches",informational,Organic
bedroom shayari,13,13,390,26,0.00,https://eknazariya.com/,1,0,0.00,0.33,146,"12, 19, 54, 82, 82, 100, 100, 100, 67, 67, 10, 10",2026-07-19,"Image pack, Reviews, Video, Related searches, AI overview",informational,Organic
sayati,9,9,140,43,0.00,https://eknazariya.com/,1,0,0.00,0,127,"100, 100, 82, 82, 82, 100, 100, 100, 82, 53, 12, 6",2026-08-01,"Knowledge panel, Reviews, Video, Image, People also ask, Related searches, AI overview",informational,Organic
nyu shayari,13,0,390,25,0.00,https://eknazariya.com/,1,0,0.00,0.33,141,"8, 36, 55, 55, 67, 67, 82, 82, 100, 1, 0, 1",2026-08-20,"Reviews, Video, People also ask, Related searches, AI overview",informational,Organic
best sad shayari in hindi,26,26,1000,22,0.40,https://eknazariya.com/best-sad-shayari,1,0,0.00,0.33,121,"62, 62, 55, 55, 55, 55, 62, 62, 45, 100, 81, 81",2026-06-27,"Sitelinks, Reviews, People also ask, Related searches, AI overview",commercial,Organic
read shayari,13,13,210,23,0.00,https://eknazariya.com/,1,0,0.00,0.33,154,"100, 100, 100, 81, 65, 65, 81, 81, 81, 54, 81, 42",2026-06-27,"Image pack, Reviews, Video, Image, Related searches",informational,Organic
mirza ghalib motivational shayari,7,7,140,18,0.00,https://eknazariya.com/ghalib-shayari,1,0,0.00,0.33,148,"10, 1, 1, 1, 1, 44, 44, 100, 1, 1, 1, 1",2026-08-06,"Image pack, Reviews, Video, Image, People also ask, Related searches, AI overview",informational,Organic
kam shayari,10,10,170,29,0.00,https://eknazariya.com/,1,0,0.00,0.33,149,"100, 100, 100, 82, 82, 100, 100, 100, 82, 82, 82, 82",2026-08-03,"Image pack, Reviews, Video, People also ask, Related searches",informational,Organic
sher and shayari,9,9,260,24,0.00,https://eknazariya.com/,1,0,0.00,0,139,"100, 66, 81, 53, 66, 81, 100, 100, 81, 81, 81, 81",2026-08-02,"Image pack, Reviews, Video, Video Carousel, People also ask, Related searches, AI overview",informational,Organic
gulzar shayari on eyes,21,21,1000,25,0.00,https://eknazariya.com/gulzar-shayari-1,1,0,0.00,0.33,146,"81, 81, 100, 81, 62, 62, 62, 81, 62, 55, 55, 55",2026-06-27,"Image pack, Reviews, Video, Image, People also ask, Related searches, AI overview",informational,Organic
2k shayari,9,9,140,17,0.00,https://eknazariya.com/,1,0,0.00,0.33,162,"6, 16, 34, 44, 44, 66, 100, 100, 81, 3, 0, 3",2026-08-11,"Image pack, Reviews, Video, Related searches, AI overview",informational,Organic
sad shayari sad shayari,13,13,390,26,0.40,https://eknazariya.com/best-sad-shayari,1,0,0.00,0.33,120,"100, 82, 100, 82, 82, 100, 100, 100, 100, 82, 100, 82",2026-07-28,"Image pack, Sitelinks, Reviews, Image, People also ask, Related searches",informational,Organic
bed shayari,14,14,390,32,0.00,https://eknazariya.com/,1,0,0.00,0.33,140,"12, 19, 54, 82, 82, 100, 100, 100, 67, 67, 10, 10",2026-07-03,"Image pack, Reviews, Video, Image, People also ask, Related searches",informational,Organic
sundar shayari,17,17,1000,26,0.00,https://eknazariya.com/,1,0,0.00,0.33,126,"77, 77, 100, 77, 77, 77, 77, 100, 77, 77, 77, 77",2026-06-29,"Image pack, Reviews, Video, Image, Video Carousel, People also ask, Related searches",informational,Organic
sundar shayari,21,21,1000,26,0.00,https://eknazariya.com/,1,0,0.00,0.33,126,"77, 77, 100, 77, 77, 77, 77, 100, 77, 77, 77, 77",2026-06-29,"Image pack, Reviews, Video, Image, Video Carousel, People also ask, Related searches",informational,Organic
shayari new shayari 2019,10,10,390,47,0.00,https://eknazariya.com/,1,0,0.00,0,144,"1, 2, 13, 30, 30, 25, 37, 77, 100, 68, 0, 0",2026-06-30,"Reviews, Video, Video Carousel, People also ask, Related searches",informational,Organic
nazar par shayari,12,12,390,17,0.00,https://eknazariya.com/,1,0,0.00,0.33,142,"100, 100, 100, 81, 81, 81, 100, 100, 100, 81, 81, 35",2026-08-12,"Image pack, Sitelinks, Reviews, Video, People also ask, Related searches",informational,Organic
new urdu shayari,9,9,390,31,0.00,https://eknazariya.com/,1,0,0.00,0.33,128,"100, 81, 81, 81, 81, 81, 81, 66, 54, 54, 54, 54",2026-08-11,"Image pack, Reviews, Video, Image, Video Carousel, Related searches",informational,Organic
mann shayari,8,8,260,20,0.00,https://eknazariya.com/,1,0,0.00,0.33,154,"100, 100, 100, 100, 81, 100, 100, 81, 81, 81, 53, 66",2026-07-06,"Image pack, Sitelinks, Reviews, Video, Image, Ads bottom, Video Carousel, People also ask, Related searches, Ads middle",informational,Organic
gehri shayari,10,10,140,17,0.00,https://eknazariya.com/,1,0,0.00,0.01,184,"100, 100, 82, 82, 82, 65, 100, 100, 53, 65, 53, 53",2026-06-30,"Image pack, Reviews, Video, People also ask, Related searches",informational,Organic
question shayari,13,13,320,25,0.00,https://eknazariya.com/,1,0,0.00,0.33,128,"67, 82, 100, 67, 67, 100, 82, 82, 82, 67, 54, 67",2026-07-31,"Image pack, Reviews, Video, Image, People also ask, Related searches",informational,Organic
shayari duniya,15,15,390,21,0.00,https://eknazariya.com/,1,0,0.00,0.33,119,"100, 81, 81, 100, 81, 67, 100, 81, 67, 67, 67, 67",2026-07-10,"Image pack, Reviews, Video, Image, People also ask, Related searches",informational,Organic
likha hua shayari,13,8,260,36,0.00,https://eknazariya.com/,1,0,0.00,0.33,149,"81, 100, 100, 81, 66, 100, 100, 81, 81, 66, 66, 81",2026-08-19,"Image pack, Reviews, Video, People also ask, Related searches",informational,Organic
urdu ghazal shayari,13,13,480,23,0.00,https://eknazariya.com/,1,0,0.00,0.33,150,"100, 81, 81, 66, 81, 100, 100, 66, 54, 66, 66, 44",2026-08-10,"Knowledge panel, Reviews, Video, Video Carousel, Related searches",informational,Organic
bollywood shayari,14,14,720,17,0.00,https://eknazariya.com/movie-shayari-1,1,0,0.00,0.33,142,"20, 100, 42, 30, 25, 25, 25, 25, 20, 20, 16, 16",2026-07-14,"Image pack, Reviews, Video, Image, Video Carousel, Related searches, AI overview",informational,Organic
hindi shayari in hindi language,10,10,210,45,0.00,https://eknazariya.com/,1,0,0.00,0.33,152,"19, 36, 100, 19, 24, 29, 29, 36, 29, 29, 44, 36",2026-07-24,"Reviews, Video, People also ask, Related searches",commercial,Organic
veri sad shayari,25,25,720,17,0.07,https://eknazariya.com/best-sad-shayari,1,0,0.00,0.01,126,"100, 82, 100, 82, 82, 67, 82, 82, 82, 67, 67, 55",2026-06-24,"Reviews, Image, People also ask, Related searches, AI overview",informational,Organic
nazar pe shayari,10,10,210,13,0.00,https://eknazariya.com/,1,0,0.00,0.33,143,"100, 100, 81, 81, 65, 81, 100, 81, 65, 65, 54, 65",2026-08-13,"Image pack, Sitelinks, Reviews, Video, Image, People also ask, Related searches",informational,Organic
new best shayari,7,7,210,37,0.00,https://eknazariya.com/,1,0,0.00,0.33,124,"100, 81, 81, 81, 81, 100, 81, 65, 81, 54, 81, 81",2026-08-01,"Image pack, Reviews, Video, Video Carousel, People also ask, Related searches, AI overview",commercial,Organic
long sad shayari,12,12,320,29,0.00,https://eknazariya.com/best-sad-shayari,1,0,0.00,0.33,115,"82, 100, 82, 100, 100, 67, 82, 100, 67, 67, 67, 67",2026-07-06,"Image pack, Sitelinks, Reviews, Image, People also ask, Related searches, AI overview",informational,Organic
do lafz shayari,7,7,140,24,0.00,https://eknazariya.com/do-lafz-1,1,0,0.00,0.33,131,"100, 82, 82, 100, 82, 82, 82, 53, 53, 53, 65, 65",2026-07-23,"Image pack, Reviews, Video, Image, Video Carousel, People also ask, Related searches",informational,Organic
urdu shayari in hindi 2 lines,12,12,480,30,0.00,https://eknazariya.com/,1,0,0.00,0,145,"81, 81, 100, 100, 100, 100, 81, 100, 100, 100, 100, 81",2026-07-03,"Image pack, Reviews, Video, Image, Video Carousel, People also ask, Related searches",informational,Organic
shayari bolo,10,10,170,24,0.00,https://eknazariya.com/,1,0,0.00,0.33,81,"81, 100, 67, 67, 81, 81, 81, 81, 81, 81, 100, 100",2026-07-23,"Image pack, Reviews, Video, People also ask, Related searches, AI overview",informational,Organic
mashhur shayar,9,10,210,26,0.00,https://eknazariya.com/,1,0,0.00,0.33,128,"35, 54, 44, 44, 44, 54, 100, 67, 44, 29, 35, 35",2026-08-20,"Image pack, Reviews, Video, Video Carousel, Related searches, AI overview",informational,Organic
krantikari shayri,11,11,260,18,0.00,https://eknazariya.com/,1,0,0.00,0.33,124,"44, 54, 100, 67, 54, 54, 44, 81, 44, 44, 44, 44",2026-07-12,"Image pack, Reviews, Video, Video Carousel, People also ask, Related searches",informational,Organic
shayari zakir khan,7,7,170,7,0.00,https://eknazariya.com/zakir-khan-1,1,0,0.00,0.33,148,"52, 81, 100, 81, 81, 81, 81, 81, 100, 81, 52, 52",2026-08-02,"Image pack, Reviews, Video, Image, Video Carousel, People also ask, Related searches",informational,Organic
best sher shayari,7,7,170,19,0.00,https://eknazariya.com/,1,0,0.00,0.33,143,"67, 81, 100, 100, 100, 67, 81, 100, 67, 67, 81, 52",2026-07-03,"Image pack, Reviews, Video, Image, Ads bottom, Video Carousel, People also ask, Related searches",informational,Organic
mirror shayari in hindi,23,23,720,19,0.00,https://eknazariya.com/,1,0,0.00,0.33,124,"100, 100, 88, 88, 72, 72, 72, 72, 59, 59, 72, 48",2026-06-27,"Image pack, Sitelinks, Reviews, Video, Image, People also ask, Related searches",informational,Organic
new trending shayari,11,11,390,33,0.00,https://eknazariya.com/,1,0,0.00,0.33,114,"66, 66, 66, 81, 54, 66, 100, 100, 66, 66, 66, 66",2026-07-02,"Reviews, Video, People also ask, Related searches, AI overview",commercial,Organic
zakir khan quotes,17,17,1000,29,0.00,https://eknazariya.com/zakir-khan-1,1,0,0.00,0.33,124,"25, 100, 68, 46, 53, 46, 68, 53, 53, 46, 31, 31",2026-07-28,"Image pack, Reviews, Video, Image, People also ask, Related searches, AI overview",informational,Organic
zakir khan quotes,19,19,1000,29,0.00,https://eknazariya.com/zakir-khan-1,1,0,0.00,0.33,124,"25, 100, 68, 46, 53, 46, 68, 53, 53, 46, 31, 31",2026-07-28,"Image pack, Reviews, Video, Image, People also ask, Related searches, AI overview",informational,Organic
classic shayari,10,10,210,23,0.00,https://eknazariya.com/,1,0,0.00,0.33,148,"81, 65, 65, 65, 65, 100, 81, 81, 100, 100, 65, 65",2026-07-26,"Image pack, Reviews, Video, Image, Video Carousel, Related searches, AI overview",informational,Organic
shayari acchi acchi,10,12,590,28,0.00,https://eknazariya.com/,1,0,0.00,0.33,136,"59, 72, 72, 59, 59, 100, 72, 59, 48, 48, 48, 48",2026-08-19,"Image pack, Reviews, Video, Image, Video Carousel, People also ask, Related searches",informational,Organic
shayari achi si,13,13,320,25,0.00,https://eknazariya.com/,1,0,0.00,0,115,"67, 82, 54, 54, 67, 100, 82, 82, 100, 82, 67, 67",2026-07-30,"Image pack, Sitelinks, Reviews, Video, Image, People also ask, Related searches",informational,Organic
important shayari,12,12,590,37,0.00,https://eknazariya.com/,1,0,0.00,0.33,155,"100, 82, 82, 67, 82, 55, 67, 67, 55, 67, 55, 67",2026-06-30,"Image pack, Reviews, Video, People also ask, Related searches",informational,Organic
best sher,14,14,390,32,0.00,https://eknazariya.com/,1,0,0.00,0.01,132,"100, 100, 81, 81, 81, 100, 100, 100, 81, 67, 67, 67",2026-07-07,"Image pack, Reviews, Video, Ads top, Ads bottom, People also ask, Related searches",commercial,Organic
zakir khan shayari on life,9,9,320,5,0.00,https://eknazariya.com/zakir-khan-1,1,0,0.00,0.33,141,"24, 29, 100, 100, 66, 66, 66, 66, 54, 54, 44, 24",2026-07-05,"Image pack, Sitelinks, Reviews, Video, Image, Video Carousel, People also ask, Related searches",informational,Organic
easy shayari,13,13,320,35,0.00,https://eknazariya.com/,1,0,0.00,0,131,"67, 82, 100, 82, 100, 82, 100, 82, 82, 54, 67, 67",2026-07-08,"Image pack, Reviews, Video, People also ask, Related searches",informational,Organic
shayri in hindi language,13,13,210,42,0.00,https://eknazariya.com/,1,0,0.00,0.33,152,"19, 19, 36, 100, 19, 24, 29, 29, 36, 29, 29, 44",2026-07-05,"Reviews, Video, Image, People also ask, Related searches, AI overview",informational,Organic
best latest shayari,12,12,320,34,0.00,https://eknazariya.com/,1,0,0.00,0.33,120,"7, 15, 54, 81, 100, 81, 81, 81, 81, 81, 2, 2",2026-07-19,"Reviews, Video, Image, Video Carousel, People also ask, Related searches",commercial,Organic
1 line shayari,18,18,880,29,0.00,https://eknazariya.com/,1,0,0.00,0,134,"59, 88, 100, 88, 100, 100, 100, 100, 88, 88, 72, 72",2026-07-08,"Image pack, Sitelinks, Reviews, Video, Image, People also ask, Related searches",informational,Organic
zindagi urdu shayari in hindi,11,11,720,20,0.00,https://eknazariya.com/,1,0,0.00,0.33,147,"100, 100, 88, 59, 48, 72, 88, 59, 48, 48, 39, 39",2026-08-04,"Image pack, Sitelinks, Reviews, Video, Image, Video Carousel, People also ask, Related searches, AI overview",informational,Organic
nice shayari for status,14,14,210,33,0.00,https://eknazariya.com/,1,0,0.00,0.33,141,"2, 4, 19, 29, 29, 23, 35, 44, 54, 54, 100, 100",2026-06-29,"Reviews, Video, People also ask, Related searches",commercial,Organic
sad poetry in hindi,40,40,3600,26,0.00,https://eknazariya.com/best-sad-shayari,1,0,0.00,0.33,166,"100, 100, 100, 82, 82, 82, 82, 82, 55, 66, 55, 55",2026-06-26,"Image pack, Sitelinks, Reviews, Video, People also ask, Related searches",informational,Organic
importance shayari in hindi,14,14,390,25,0.00,https://eknazariya.com/,1,0,0.00,0.33,145,"81, 100, 100, 81, 66, 66, 81, 54, 54, 29, 29, 19",2026-07-28,"Image pack, Reviews, Video, Ads top, Ads bottom, People also ask, Related searches",informational,Organic
sher sunao,10,10,140,28,0.00,https://eknazariya.com/,1,0,0.00,0.33,107,"81, 81, 100, 81, 67, 67, 81, 67, 43, 43, 67, 52",2026-06-29,"Image pack, Reviews, Video, People also ask, Related searches",informational,Organic
hello google shayari,8,8,110,38,0.00,https://eknazariya.com/,1,0,0.00,0.33,64,"50, 64, 79, 64, 79, 79, 79, 100, 79, 64, 64, 64",2026-07-23,"Image pack, Reviews, Video, People also ask, Related searches, AI overview",informational,Organic
urdu shayari in urdu,11,11,320,33,0.00,https://eknazariya.com/,1,0,0.00,0.33,134,"82, 82, 82, 100, 82, 82, 100, 100, 67, 67, 82, 82",2026-07-09,"Knowledge panel, Reviews, Video, Video Carousel, Related searches",informational,Organic
sabse acchi shayari,8,8,140,24,0.00,https://eknazariya.com/,1,0,0.00,0.33,146,"100, 100, 82, 82, 65, 82, 82, 82, 100, 82, 82, 82",2026-08-06,"Sitelinks, Reviews, Video, Video Carousel, People also ask, Related searches, AI overview",informational,Organic
piyush mishra shayari,14,14,320,26,0.00,https://eknazariya.com/piyush-mishra-1,1,0,0.00,0.33,140,"100, 82, 82, 67, 82, 100, 100, 82, 54, 67, 54, 36",2026-08-14,"Image pack, Reviews, Video, Image, People also ask, Related searches",informational,Organic
gulzar shayari on sadgi,16,16,480,28,0.00,https://eknazariya.com/gulzar-shayari-1,1,0,0.00,0.33,149,"100, 100, 100, 66, 54, 66, 81, 81, 81, 66, 66, 66",2026-08-08,"Image pack, Reviews, Video, Image, People also ask, Related searches, AI overview",informational,Organic
real shayari,13,13,210,23,0.00,https://eknazariya.com/,1,0,0.00,0.33,131,"81, 81, 65, 81, 81, 100, 100, 81, 81, 65, 65, 81",2026-08-19,"Image pack, Reviews, Video, People also ask, Related searches",informational,Organic
awesome poetry in hindi,11,11,210,20,0.00,https://eknazariya.com/,1,0,0.00,0.33,178,"8, 23, 54, 36, 36, 54, 54, 54, 44, 82, 100, 67",2026-08-11,"Reviews, Video, People also ask, Related searches, AI overview","commercial, informational",Organic
last shayari,9,9,110,36,0.00,https://eknazariya.com/,1,0,0.00,0.33,134,"34, 34, 28, 28, 28, 44, 34, 44, 100, 34, 28, 28",2026-08-17,"Image pack, Reviews, Video, Image, People also ask, Related searches",informational,Organic
sad shayari poetry,10,10,140,17,0.00,https://eknazariya.com/best-sad-shayari,1,0,0.00,0.33,133,"100, 100, 100, 82, 82, 82, 82, 100, 41, 53, 41, 82",2026-06-27,"Image pack, Sitelinks, Reviews, Video, Image, Related searches",informational,Organic
sad wali shayari,13,13,320,30,0.00,https://eknazariya.com/best-sad-shayari,1,0,0.00,0.33,122,"81, 100, 100, 67, 67, 81, 67, 67, 67, 67, 54, 54",2026-08-11,"Image pack, Sitelinks, Reviews, Video, Image, People also ask, Related searches",informational,Organic
gulzar sahab ki shayari,15,15,880,31,0.00,https://eknazariya.com/gulzar-shayari-1,1,0,0.00,0.33,145,"55, 68, 100, 77, 68, 68, 68, 77, 68, 68, 68, 55",2026-07-13,"Image pack, Reviews, Video, Image, Video Carousel, People also ask, Related searches",informational,Organic
shayari list,8,8,170,47,0.00,https://eknazariya.com/,1,0,0.00,0.33,157,"54, 54, 54, 54, 65, 100, 65, 100, 65, 42, 42, 35",2026-07-24,"Image pack, Reviews, Video, Image, Ads top, Video Carousel, People also ask, Related searches",informational,Organic
hindi shayari sms,17,17,480,30,0.00,https://eknazariya.com/,1,0,0.00,0.33,129,"44, 44, 54, 67, 67, 67, 100, 100, 67, 67, 36, 36",2026-07-12,"Reviews, Video, People also ask, Related searches",commercial,Organic
urdu me shayari,14,14,1000,22,0.00,https://eknazariya.com/,1,0,0.00,0.33,148,"68, 77, 100, 100, 77, 77, 100, 100, 100, 77, 77, 77",2026-06-29,"Image pack, Reviews, Video, Video Carousel, People also ask, Related searches",informational,Organic
shayari acchi,10,10,390,25,0.00,https://eknazariya.com/,1,0,0.00,0.33,137,"67, 100, 81, 67, 81, 100, 100, 67, 81, 67, 67, 67",2026-07-26,"Image pack, Sitelinks, Reviews, Video, Video Carousel, People also ask, Related searches, AI overview",informational,Organic
ke liye shayari,13,13,880,37,0.00,https://eknazariya.com/,1,0,0.00,0.33,150,"88, 88, 100, 100, 72, 72, 100, 100, 100, 88, 88, 100",2026-06-30,"Image pack, Reviews, Video, Image, Video Carousel, People also ask, Related searches",informational,Organic
acchi acchi shayariyan,13,13,390,28,0.00,https://eknazariya.com/,1,0,0.00,0.09,104,"36, 12, 24, 29, 54, 81, 66, 81, 100, 81, 66, 100",2026-07-07,"Image pack, Sitelinks, Reviews, Video, Image, People also ask, Related searches, AI overview","informational, transactional",Organic
nice shayari in hindi,7,7,260,58,0.00,https://eknazariya.com/,1,0,0.00,0.33,150,"81, 66, 81, 81, 81, 100, 100, 100, 100, 100, 81, 66",2026-08-15,"Reviews, Video, Image, People also ask, Related searches, AI overview",informational,Organic
shayari by zakir khan,11,11,260,24,0.40,https://eknazariya.com/zakir-khan-1,1,0,0.00,0.33,139,"24, 24, 29, 66, 100, 66, 54, 44, 36, 36, 44, 8",2026-07-10,"Image pack, Reviews, Video, Image, Ads top, Ads bottom, Video Carousel, Related searches",informational,Organic
shayari thought in hindi,13,13,480,23,0.00,https://eknazariya.com/,1,0,0.00,0.33,151,"82, 100, 100, 82, 67, 82, 82, 67, 54, 44, 44, 44",2026-06-21,"Image pack, Reviews, Video, Image, People also ask, Related searches",informational,Organic
m shayari,10,10,140,37,0.00,https://eknazariya.com/,1,0,0.00,0.07,80,"35, 42, 65, 54, 54, 42, 35, 100, 54, 35, 27, 42",2026-07-23,"Image pack, Reviews, Video, People also ask, Related searches",informational,Organic
nida fazli on love,15,15,1300,23,0.00,https://eknazariya.com/nida-fazli-1,1,0,0.00,0.33,123,"5, 20, 67, 100, 79, 79, 100, 100, 67, 54, 0, 0",2026-06-28,"Image pack, Reviews, Video, Image, Video Carousel, People also ask, Related searches, AI overview",informational,Organic
shayari in hindi short,15,15,480,41,0.00,https://eknazariya.com/,1,0,0.00,0,149,"81, 66, 66, 54, 54, 66, 66, 81, 100, 81, 100, 100",2026-07-12,"Image pack, Reviews, Video, Featured snippet, People also ask, Related searches",informational,Organic
simple shayari in hindi,16,16,590,30,0.40,https://eknazariya.com/,1,0,0.00,0.33,92,"44, 44, 55, 55, 67, 82, 100, 100, 82, 82, 67, 82",2026-07-19,"Image pack, Sitelinks, Reviews, Video, People also ask, Related searches, AI overview",informational,Organic
top 10 shayari in hindi,9,9,260,19,0.00,https://eknazariya.com/,1,0,0.00,0.33,146,"54, 54, 82, 67, 67, 82, 100, 82, 67, 67, 54, 54",2026-07-01,"Reviews, Video, Video Carousel, People also ask, Related searches, AI overview","commercial, informational",Organic
share shayari,9,9,320,21,0.00,https://eknazariya.com/,1,0,0.00,0.33,145,"100, 82, 100, 82, 82, 82, 100, 82, 67, 54, 67, 67",2026-06-25,"Image pack, Reviews, Video, Image, Video Carousel, People also ask, Related searches",informational,Organic
duniya shayari,27,27,1000,17,0.00,https://eknazariya.com/,1,0,0.00,0.33,126,"100, 81, 62, 81, 62, 62, 62, 62, 55, 55, 55, 55",2026-06-23,"Image pack, Reviews, Video, Image, People also ask, Related searches",informational,Organic
aashiq shayari,14,14,590,18,0.00,https://eknazariya.com/ishq-shayari,1,0,0.00,0.33,140,"82, 100, 82, 67, 82, 100, 82, 67, 67, 67, 54, 54",2026-07-23,"Image pack, Reviews, Video, Image, People also ask, Related searches, AI overview",informational,Organic
sad shayris,16,16,390,20,0.00,https://eknazariya.com/best-sad-shayari,1,0,0.00,0,120,"81, 81, 81, 81, 67, 100, 100, 81, 67, 67, 81, 67",2026-07-01,"Image pack, Sitelinks, Reviews, Video, Image, People also ask, Related searches",informational,Organic
tahzeeb hafi,21,21,1000,38,0.25,https://eknazariya.com/tahzeeb-hafi,1,0,0.00,0.33,105,"62, 81, 81, 62, 81, 100, 81, 62, 55, 55, 55, 55",2026-08-12,"Knowledge panel, Reviews, Video, Image, Video Carousel, People also ask, Related searches",informational,Organic
shayari likha hua,13,13,480,42,0.00,https://eknazariya.com/,1,0,0.00,0.33,152,"81, 81, 81, 81, 81, 100, 100, 81, 81, 66, 66, 66",2026-08-03,"Image pack, Reviews, Video, Image, Video Carousel, People also ask, Related searches",informational,Organic
jaani shayari in hindi,9,9,210,13,0.00,https://eknazariya.com/,1,0,0.00,0.33,136,"35, 54, 44, 54, 81, 100, 54, 44, 44, 29, 23, 23",2026-07-29,"Image pack, Sitelinks, Reviews, Video, Image, Video Carousel, Related searches",informational,Organic
one word shayari,10,10,210,16,0.00,https://eknazariya.com/,1,0,0.00,0.33,147,"54, 65, 81, 100, 100, 100, 100, 100, 100, 65, 54, 54",2026-07-02,"Image pack, Reviews, Video, Image, Video Carousel, People also ask, Related searches",informational,Organic
shayri logo,12,12,320,28,0.00,https://eknazariya.com/,1,0,0.00,0,122,"82, 100, 100, 82, 100, 100, 82, 100, 82, 67, 82, 82",2026-06-20,"Image pack, Reviews, Video, Image, People also ask, Related searches",informational,Organic
hindi shayari lines,15,15,590,32,0.00,https://eknazariya.com/,1,0,0.00,0.33,108,"82, 100, 67, 82, 67, 82, 100, 100, 67, 82, 54, 82",2026-07-10,"Sitelinks, Reviews, Video, Image, Video Carousel, People also ask, Related searches","commercial, informational",Organic
shayari sad wala,10,10,170,21,0.00,https://eknazariya.com/best-sad-shayari,1,0,0.00,0.33,119,"81, 81, 81, 81, 81, 100, 100, 81, 81, 81, 67, 100",2026-07-21,"Image pack, Sitelinks, Reviews, Image, People also ask, Related searches",informational,Organic
nazar quotes in hindi,14,14,480,16,0.00,https://eknazariya.com/,1,0,0.00,0.33,132,"100, 100, 81, 100, 81, 81, 100, 81, 81, 81, 66, 44",2026-07-12,"Image pack, Sitelinks, Reviews, Video, Featured snippet, People also ask, Related searches",informational,Organic
positive shayari,18,18,880,27,0.00,https://eknazariya.com/,1,0,0.00,0.33,133,"72, 88, 88, 88, 72, 72, 88, 100, 72, 72, 72, 88",2026-07-15,"Image pack, Sitelinks, Reviews, Video, People also ask, Related searches",informational,Organic
online shayari,14,14,480,47,0.00,https://eknazariya.com/,1,0,0.00,0.01,136,"100, 100, 100, 100, 100, 81, 81, 81, 81, 81, 66, 66",2026-07-09,"Reviews, Video, People also ask, Related searches, AI overview",informational,Organic
best small shayari in hindi,11,11,260,34,0.00,https://eknazariya.com/,1,0,0.00,0.33,148,"8, 15, 24, 24, 24, 36, 44, 36, 54, 66, 100, 81",2026-08-11,"Reviews, Video, People also ask, Related searches, AI overview",commercial,Organic
urdu shairi,13,13,480,28,0.00,https://eknazariya.com/,1,0,0.00,0,149,"66, 66, 81, 54, 66, 81, 100, 100, 81, 100, 100, 81",2026-07-22,"Knowledge panel, Reviews, Video, Image, Video Carousel, People also ask, Related searches",informational,Organic
best shayar,16,16,1300,36,0.00,https://eknazariya.com/,1,0,0.00,0.33,131,"100, 100, 100, 100, 81, 81, 100, 100, 81, 81, 62, 62",2026-07-17,"Image pack, Reviews, Video, Video Carousel, People also ask, Related searches, AI overview",informational,Organic
city shayari in hindi,19,19,720,25,0.00,https://eknazariya.com/,1,0,0.00,0.33,148,"13, 16, 37, 68, 77, 100, 100, 100, 100, 100, 4, 4",2026-07-03,"Image pack, Reviews, Video, Image, People also ask, Related searches",informational,Organic
hashtag for poetry,29,29,1600,21,0.00,https://eknazariya.com/hashtags-%23shayri,1,0,0.00,0.33,103,"38, 53, 100, 100, 100, 100, 100, 84, 84, 84, 100, 100",2026-08-12,"Video, People also ask, Related searches, AI overview",informational,Organic
power shayari,18,18,590,30,0.00,https://eknazariya.com/,1,0,0.00,0.33,122,"100, 100, 82, 82, 82, 67, 82, 82, 67, 54, 67, 54",2026-07-21,"Image pack, Reviews, Video, Related searches",informational,Organic
zakir khan best shayari,6,6,210,14,0.00,https://eknazariya.com/zakir-khan-1,1,0,0.00,0.33,146,"34, 100, 81, 66, 66, 66, 81, 66, 100, 66, 53, 44",2026-08-03,"Image pack, Reviews, Video, Image, Video Carousel, People also ask, Related searches",commercial,Organic
rahgir shayari,11,11,170,24,0.00,https://eknazariya.com/rahgir,1,0,0.00,0.33,136,"100, 81, 81, 65, 65, 65, 65, 65, 54, 35, 27, 27",2026-08-05,"Image pack, Reviews, Video, Image, People also ask, Related searches",informational,Organic
party shayari in hindi,14,14,720,12,0.00,https://eknazariya.com/,1,0,0.00,0.33,145,"25, 30, 45, 68, 68, 68, 77, 100, 68, 77, 20, 16",2026-07-07,"Image pack, Reviews, Video, Video Carousel, People also ask, Related searches",informational,Organic
ghazal shayari lyrics,14,14,210,27,0.00,https://eknazariya.com/,1,0,0.00,0.33,148,"13, 36, 82, 82, 67, 82, 100, 67, 82, 3, 3, 5",2026-08-11,"Reviews, Video, People also ask, Related searches",informational,Organic
gulzar poetry in hindi,23,23,1000,23,0.00,https://eknazariya.com/gulzar-shayari-1,1,0,0.00,0.33,168,"62, 81, 100, 62, 62, 62, 81, 62, 55, 81, 62, 55",2026-07-27,"Image pack, Reviews, Video, Video Carousel, Related searches",informational,Organic
jhantu shayari,26,26,720,27,0.00,https://eknazariya.com/,1,0,0.00,0.33,111,"45, 55, 77, 68, 77, 77, 100, 77, 77, 20, 20, 20",2026-08-06,"Reviews, Related searches",commercial,Organic
zindagi gulzar shayari,11,11,480,18,0.00,https://eknazariya.com/gulzar-shayari-1,1,0,0.00,0.33,145,"82, 82, 67, 54, 67, 82, 100, 67, 67, 67, 67, 67",2026-07-26,"Image pack, Sitelinks, Reviews, Video, Image, Video Carousel, Related searches, AI overview",informational,Organic
sad shayari long,13,13,390,30,0.00,https://eknazariya.com/best-sad-shayari,1,0,0.00,0.33,116,"54, 44, 54, 54, 66, 100, 66, 54, 44, 44, 44, 100",2026-07-13,"Image pack, Sitelinks, Reviews, Video, People also ask, Related searches",informational,Organic
mehfil shayari in hindi,17,17,480,20,0.00,https://eknazariya.com/mehfil-shayari,1,0,0.00,0.33,142,"67, 54, 54, 82, 82, 82, 100, 67, 54, 54, 44, 36",2026-08-11,"Image pack, Reviews, Video, People also ask, Related searches",informational,Organic
raat shayari gulzar,15,15,720,28,0.00,https://eknazariya.com/gulzar-shayari-1,1,0,0.00,0.33,142,"100, 100, 100, 100, 67, 82, 82, 82, 67, 82, 82, 82",2026-07-07,"Image pack, Reviews, Video, Video Carousel, People also ask, Related searches",informational,Organic
galib shayari on friendship,12,12,320,27,0.00,https://eknazariya.com/ghalib-shayari,1,0,0.00,0,134,"54, 44, 66, 100, 66, 44, 54, 66, 66, 54, 44, 54",2026-08-12,"Image pack, Reviews, Video, Image, People also ask, Related searches, AI overview",informational,Organic
tu shayari,8,8,260,6,0.00,https://eknazariya.com/,1,0,0.00,0.33,140,"81, 81, 81, 66, 66, 66, 81, 81, 81, 81, 100, 100",2026-07-07,"Image pack, Reviews, Video, Video Carousel, Related searches, AI overview","informational, navigational",Organic
shayari of,1,1,170,28,0.00,https://eknazariya.com/,0,0,0.00,0.33,150,"67, 100, 81, 67, 81, 81, 100, 81, 67, 52, 81, 43",2026-08-13,"Knowledge panel, Reviews, Video, Image, People also ask, Related searches, AI overview",informational,AI overview
amazing poetry in hindi,15,15,260,16,0.00,https://eknazariya.com/,0,0,0.00,0.33,178,"1, 2, 8, 11, 7, 8, 11, 13, 25, 13, 45, 100",2026-06-24,"Reviews, Video, Video Carousel, Related searches",commercial,Organic
shayari in urdu in hindi,12,12,210,29,0.00,https://eknazariya.com/,0,0,0.00,0.33,149,"100, 100, 100, 100, 81, 65, 100, 100, 81, 65, 54, 42",2026-07-03,"Knowledge panel, Image pack, Reviews, Video, Image, Video Carousel, People also ask, Related searches, AI overview",informational,Organic
one line poem in hindi,25,25,390,17,0.00,https://eknazariya.com/,0,0,0.00,0.33,150,"5, 12, 36, 66, 54, 81, 100, 100, 100, 81, 66, 100",2026-07-08,"Image pack, Reviews, Video, Video Carousel, People also ask, Related searches, AI overview",informational,Organic
meri shayari,12,12,320,28,0.00,https://eknazariya.com/,0,0,0.00,0.33,140,"100, 100, 100, 100, 100, 100, 100, 100, 66, 81, 66, 100",2026-07-07,"Image pack, Reviews, Video, Video Carousel, People also ask, Related searches, AI overview",informational,Organic
love at first sight shayari,30,30,210,22,0.00,https://eknazariya.com/,0,0,0.00,0.33,127,"65, 100, 81, 100, 81, 81, 81, 81, 65, 65, 54, 42",2026-08-10,"Image pack, Sitelinks, Reviews, Video, Image, Related searches, AI overview",informational,Organic
shayari short line,21,21,140,10,0.00,https://eknazariya.com/,0,0,0.00,0.01,112,"81, 81, 81, 52, 81, 52, 81, 67, 52, 81, 67, 100",2026-06-20,"Sitelinks, Reviews, Video, Image, Ads bottom, Video Carousel, People also ask, Related searches, Ads middle, AI overview",commercial,Organic
duniya dari shayari in hindi,23,23,210,8,0.00,https://eknazariya.com/,0,0,0.00,0.33,118,"65, 81, 65, 65, 81, 81, 54, 54, 81, 100, 100, 81",2026-08-19,"Image pack, Reviews, Video, Image, Video Carousel, People also ask, Related searches",informational,Organic
mashhoor shayar,9,9,140,30,0.00,https://eknazariya.com/,0,0,0.00,0.33,129,"82, 100, 100, 100, 82, 65, 100, 82, 65, 82, 53, 53",2026-07-19,"Image pack, Reviews, Video, Video Carousel, People also ask, Related searches, AI overview",informational,Organic
achi baat shayari,17,17,110,17,0.00,https://eknazariya.com/,0,0,0.00,0.33,136,"65, 100, 82, 65, 82, 65, 65, 53, 53, 53, 41, 29",2026-06-27,"Image pack, Sitelinks, Reviews, Video, Video Carousel, People also ask, Related searches",informational,Organic
shayari do,13,13,170,30,0.00,https://eknazariya.com/,0,0,0.00,0.33,130,"65, 65, 65, 65, 65, 81, 81, 81, 65, 54, 100, 81",2026-08-16,"Image pack, Sitelinks, Reviews, Video, People also ask, Related searches",informational,Organic
ehsaan shayari in hindi,29,29,210,19,0.00,https://eknazariya.com/,0,0,0.00,0.33,124,"3, 1, 2, 1, 67, 2, 30, 1, 1, 1, 100, 100",2026-07-09,"Image pack, Reviews, Video, People also ask, Related searches",informational,Organic
jeet ke liye shayari,19,19,110,25,0.00,https://eknazariya.com/,0,0,0.00,0.33,88,"65, 53, 100, 65, 100, 82, 82, 53, 65, 65, 82, 41",2026-07-25,"Image pack, Reviews, Video, Image, People also ask, Related searches","informational, transactional",Organic
shayari on khubsurti by gulzar,17,17,140,18,0.00,https://eknazariya.com/gulzar-shayari-1,0,0,0.00,0.33,144,"100, 65, 65, 81, 42, 27, 54, 54, 54, 54, 42, 27",2026-06-27,"Image pack, Reviews, Video, Image, People also ask, Related searches",informational,Organic
shreya shayari,18,18,110,27,0.00,https://eknazariya.com/,0,0,0.00,0.33,147,"100, 15, 8, 2, 2, 2, 44, 8, 2, 2, 67, 4",2026-07-07,"Image pack, Reviews, Video, People also ask",informational,Organic
shayari hindi mein likhi hui,8,8,140,41,0.00,https://eknazariya.com/,0,0,0.00,0.01,96,"1, 100, 16, 1, 3, 1, 1, 5, 1, 1, 8, 44",2026-06-22,"Image pack, Reviews, Video, Video Carousel, People also ask, Related searches",informational,Organic
shayari message,19,19,260,41,0.00,https://eknazariya.com/,0,0,0.00,0.33,112,"100, 82, 82, 82, 82, 67, 67, 54, 67, 54, 54, 54",2026-07-20,"Image pack, Reviews, Video, Image, People also ask, Related searches",informational,Organic
shayari message,22,22,260,41,0.00,https://eknazariya.com/,0,0,0.00,0.33,112,"100, 82, 82, 82, 82, 67, 67, 54, 67, 54, 54, 54",2026-07-20,"Image pack, Reviews, Video, Image, People also ask, Related searches",informational,Organic
ishq word in hindi,36,36,1300,33,0.00,https://eknazariya.com/ishq-shayari,0,0,0.00,0.33,2560000000,"5, 16, 54, 100, 79, 79, 100, 100, 100, 79, 1, 1",2026-06-28,"Instant answer, Sitelinks, Reviews, Video, People also ask, Related searches, AI overview",informational,Organic
ishq word in hindi,45,45,1300,33,0.00,https://eknazariya.com/ishq-shayari,0,0,0.00,0.33,2560000000,"5, 16, 54, 100, 79, 79, 100, 100, 100, 79, 1, 1",2026-06-28,"Instant answer, Sitelinks, Reviews, Video, People also ask, Related searches, AI overview",informational,Organic
premier shayari,10,10,110,26,0.00,https://eknazariya.com/,0,0,0.00,0,230000000,"15, 54, 29, 2, 100, 23, 2, 2, 23, 2, 4, 2",2026-06-25,"Reviews, Video, Video Carousel, People also ask, Related searches, AI overview",informational,Organic
mast shayari in hindi,14,12,1000,37,0.00,https://eknazariya.com/,0,0,0.00,0.33,104,"77, 77, 77, 68, 68, 100, 77, 68, 68, 68, 68, 68",2026-08-20,"Reviews, Video, Image, People also ask, Related searches, AI overview",informational,Organic
help shayari in hindi,19,19,170,18,0.00,https://eknazariya.com/,0,0,0.00,0.33,129,"54, 81, 81, 81, 81, 100, 100, 54, 42, 65, 54, 54",2026-08-02,"Image pack, Reviews, Video, Image, People also ask, Related searches",informational,Organic
hindi kavita shayari,11,11,110,29,0.00,https://eknazariya.com/,0,0,0.00,0,80,"1, 12, 1, 1, 5, 2, 100, 19, 1, 1, 12, 1",2026-06-24,"Knowledge panel, Reviews, Video, Video Carousel, People also ask, Related searches",informational,Organic
jagna shayari,11,11,140,17,0.00,https://eknazariya.com/,0,0,0.00,0.06,50200000,"12, 54, 100, 100, 81, 81, 81, 65, 81, 4, 4, 4",2026-07-30,"Image pack, Reviews, Video, Related searches, AI overview",informational,Organic
shayari ka,9,9,210,41,0.00,https://eknazariya.com/,0,0,0.00,0.33,138,"36, 54, 54, 44, 44, 36, 54, 54, 100, 44, 44, 36",2026-06-21,"Image pack, Reviews, Video, Video Carousel, People also ask, Related searches, AI overview",informational,Organic
sapne hindi shayari,40,40,170,14,0.00,https://eknazariya.com/,0,0,0.00,0.33,141,"81, 65, 65, 81, 65, 81, 100, 100, 65, 42, 42, 42",2026-06-27,"Image pack, Reviews, Video, Image, Video Carousel, People also ask, Related searches",informational,Organic
shayari short hindi,11,11,110,30,0.00,https://eknazariya.com/,0,0,0.00,0,139,"2, 2, 100, 36, 44, 24, 7, 2, 2, 2, 2, 2",2026-06-26,"Reviews, Video, People also ask, Related searches, AI overview","commercial, informational",Organic
shayari acha,12,12,210,25,0.00,https://eknazariya.com/,0,0,0.00,0.33,147,"65, 100, 81, 81, 81, 100, 81, 81, 81, 65, 81, 100",2026-07-24,"Image pack, Sitelinks, Reviews, Video, Video Carousel, People also ask, Related searches",informational,Organic
ghalib ki ghazal in hindi,46,46,320,25,0.00,https://eknazariya.com/ghalib-shayari,0,0,0.00,0.33,132,"19, 19, 36, 66, 66, 81, 100, 66, 66, 54, 12, 12",2026-07-07,"Image pack, Reviews, Video, Video Carousel, People also ask, Related searches, AI overview",informational,Organic
talk shayari,11,11,140,24,0.00,https://eknazariya.com/,0,0,0.00,0,127,"81, 100, 81, 81, 81, 81, 52, 67, 52, 43, 43, 52",2026-07-13,"Reviews, Video, Image, People also ask, Related searches, AI overview",informational,Organic
ghalib in hindi,26,26,210,24,0.00,https://eknazariya.com/ghalib-shayari,0,0,0.00,0.01,148,"100, 65, 65, 100, 65, 81, 81, 81, 81, 81, 54, 54",2026-07-06,"Image pack, Reviews, Video, Image, Video Carousel, People also ask, Related searches, AI overview",informational,Organic
famous lines in hindi,18,18,110,23,0.00,https://eknazariya.com/,0,0,0.00,0.33,149,"79, 50, 79, 64, 79, 79, 100, 79, 64, 100, 79, 79",2026-07-29,"Image pack, Reviews, Video, Featured snippet, People also ask, Related searches",informational,Organic
shayari short in hindi,11,11,210,35,0.00,https://eknazariya.com/,0,0,0.00,0.33,147,"65, 54, 65, 65, 54, 65, 81, 81, 100, 81, 100, 65",2026-06-20,"Image pack, Reviews, Video, Video Carousel, People also ask, Related searches",informational,Organic
sad shayaries,16,16,170,25,0.00,https://eknazariya.com/best-sad-shayari,0,0,0.00,0,118,"100, 100, 82, 100, 100, 82, 100, 82, 82, 100, 82, 82",2026-07-05,"Image pack, Sitelinks, Reviews, Image, Ads top, Ads bottom, People also ask, Related searches",informational,Organic
shayari aashiqui,24,24,140,13,0.00,https://eknazariya.com/,0,0,0.00,0,136,"65, 54, 42, 65, 65, 54, 65, 42, 42, 42, 65, 100",2026-06-21,"Image pack, Reviews, Video, Image, Video Carousel, People also ask, Related searches",informational,Organic
shayari aashiqui,37,37,140,13,0.00,https://eknazariya.com/ishq-shayari,0,0,0.00,0,136,"65, 54, 42, 65, 65, 54, 65, 42, 42, 42, 65, 100",2026-06-21,"Image pack, Reviews, Video, Image, Video Carousel, People also ask, Related searches",informational,Organic
shayari aashiqui,42,42,140,13,0.00,https://eknazariya.com/ishq-shayari,0,0,0.00,0,136,"65, 54, 42, 65, 65, 54, 65, 42, 42, 42, 65, 100",2026-06-21,"Image pack, Reviews, Video, Image, Video Carousel, People also ask, Related searches",informational,Organic
jane wale ke liye shayari,11,11,170,23,0.00,https://eknazariya.com/,0,0,0.00,0.33,120,"65, 54, 65, 65, 81, 100, 81, 42, 42, 42, 54, 65",2026-08-05,"Image pack, Reviews, Video, Video Carousel, People also ask, Related searches",informational,Organic
shero shayari in hindi on life,13,13,170,16,0.00,https://eknazariya.com/,0,0,0.00,0.33,138,"54, 54, 65, 65, 65, 100, 100, 65, 42, 54, 42, 42",2026-07-14,"Image pack, Reviews, Video, Ads top, Ads bottom, People also ask, Related searches",informational,Organic
hindi shayari copy paste,22,22,390,31,0.00,https://eknazariya.com/,0,0,0.00,0.33,101,"67, 67, 81, 81, 81, 81, 81, 100, 67, 81, 67, 67",2026-07-05,"Reviews, Video, Related searches",commercial,Organic
shayari sad wali,12,12,140,17,0.00,https://eknazariya.com/best-sad-shayari,0,0,0.00,0.33,122,"65, 65, 65, 100, 65, 100, 100, 82, 82, 65, 82, 65",2026-08-03,"Image pack, Sitelinks, Reviews, Video, Ads top, Ads bottom, Video Carousel, People also ask, Related searches",informational,Organic
deewana shayari,19,19,320,23,0.00,https://eknazariya.com/,0,0,0.00,0.33,113,"100, 82, 82, 82, 82, 82, 82, 82, 82, 82, 82, 67",2026-08-10,"Image pack, Reviews, Video, Image, People also ask, Related searches, AI overview",informational,Organic
instagram poetry hashtags,20,20,320,16,0.00,https://eknazariya.com/hashtags-%23shayri,0,0,0.00,0.33,108,"23, 35, 54, 100, 100, 81, 54, 44, 44, 81, 67, 44",2026-08-13,"Video, People also ask, Related searches, AI overview",commercial,Organic
shayari watch,15,15,320,26,0.00,https://eknazariya.com/,0,0,0.00,0.33,118,"7, 15, 29, 44, 44, 44, 36, 81, 54, 66, 81, 100",2026-07-13,"Image pack, Reviews, Video, Video Carousel, Related searches","informational, transactional",Organic
ada jafri shayari,30,30,110,23,0.00,https://eknazariya.com/,0,0,0.00,0.33,133,"100, 100, 100, 67, 52, 67, 67, 24, 19, 19, 10, 14",2026-07-04,"Knowledge panel, Reviews, Video, Image, People also ask, Related searches","informational, transactional",Organic
ghazal shayari on life,12,12,110,21,0.00,https://eknazariya.com/,0,0,0.00,0.33,152,"12, 12, 18, 65, 82, 100, 100, 82, 100, 82, 82, 82",2026-08-14,"Reviews, Video, People also ask, Related searches, AI overview",commercial,Organic
shayari point,11,11,110,35,0.00,https://eknazariya.com/,0,0,0.00,0.33,106,"41, 100, 53, 65, 53, 53, 53, 82, 65, 65, 82, 82",2026-06-29,"Image pack, Sitelinks, Reviews, Video, People also ask, Related searches","informational, navigational",Organic
love sayari com,24,24,110,34,0.00,https://eknazariya.com/best-love-shayari,0,0,0.00,0.04,129,"42, 42, 19, 27, 27, 27, 19, 35, 35, 35, 65, 100",2026-07-05,"Sitelinks, Reviews, Video, Video Carousel, Related searches",informational,Organic
teri awaz shayari,33,33,110,13,0.00,https://eknazariya.com/,0,0,0.00,0.33,128,"100, 82, 65, 53, 53, 65, 65, 41, 65, 53, 41, 29",2026-08-07,"Image pack, Reviews, Video, Image, Video Carousel, People also ask, Related searches, AI overview",informational,Organic
saya shayari in hindi,18,18,260,27,0.00,https://eknazariya.com/,0,0,0.00,0.33,146,"67, 35, 10, 29, 54, 67, 100, 100, 81, 29, 15, 8",2026-06-23,"Image pack, Reviews, Video, People also ask, Related searches",informational,Organic
shayari album,13,13,110,27,0.00,https://eknazariya.com/,0,0,0.00,0.33,38500000,"50, 79, 79, 79, 79, 79, 79, 100, 79, 64, 79, 64",2026-06-27,"Image pack, Sitelinks, Reviews, Video, Image, Video Carousel, People also ask, Related searches",informational,Organic
ek shayari likhi hai,17,17,590,28,0.00,https://eknazariya.com/,0,0,0.00,0,120,"67, 55, 100, 100, 82, 67, 67, 67, 55, 36, 30, 19",2026-08-12,"Image pack, Sitelinks, Reviews, Video, Video Carousel, People also ask, Related searches",informational,Organic
special shayari in hindi,10,10,110,46,0.00,https://eknazariya.com/,0,0,0.00,0.33,152,"81, 81, 67, 52, 52, 52, 100, 67, 33, 24, 43, 33",2026-07-09,"Image pack, Reviews, Video, Image, Ads top, Ads bottom, Video Carousel, People also ask, Related searches",informational,Organic
2 line rooh shayari,36,36,140,18,0.00,https://eknazariya.com/,0,0,0.00,0.33,126,"100, 100, 100, 82, 65, 82, 82, 65, 100, 65, 82, 53",2026-08-07,"Reviews, Video, People also ask, Related searches, AI overview",informational,Organic
shayro,8,8,110,45,0.00,https://eknazariya.com/,0,0,0.00,0,131,"100, 79, 79, 79, 100, 79, 64, 79, 79, 79, 100, 79",2026-07-07,"Knowledge panel, Reviews, Video, Video Carousel, People also ask, Related searches",informational,Organic
rj rahul makin shayari,18,18,260,25,0.00,https://eknazariya.com/voice-of-rj-2,0,0,0.00,0,63,"3, 19, 29, 29, 100, 67, 67, 67, 54, 0, 0, 0",2026-07-20,"Image pack, Video, Video Carousel, Related searches, Short videos","informational, transactional",Organic
gulzar heart touching shayari,13,13,140,18,0.00,https://eknazariya.com/gulzar-shayari-1,0,0,0.00,0.33,133,"44, 2, 1, 1, 1, 1, 16, 6, 100, 1, 2, 3",2026-08-19,"Image pack, Sitelinks, Reviews, Video, Image, People also ask, Related searches",informational,Organic
award winning shayari in hindi,15,15,210,30,0.00,https://eknazariya.com/,0,0,0.00,0.33,151,"65, 100, 100, 100, 54, 65, 100, 100, 81, 100, 54, 42",2026-07-05,"Image pack, Reviews, Video, Featured snippet, People also ask, Related searches",informational,Organic
shayar in india,24,24,260,32,0.00,https://eknazariya.com/,0,0,0.00,0.33,127,"23, 29, 54, 67, 81, 81, 100, 100, 67, 67, 23, 15",2026-06-30,"Image pack, Sitelinks, Reviews, Video, Video Carousel, People also ask, Related searches, AI overview",informational,Organic
special person ke liye shayari,16,16,170,26,0.00,https://eknazariya.com/,0,0,0.00,0.33,140,"81, 100, 100, 81, 67, 81, 100, 81, 67, 81, 67, 67",2026-07-06,"Image pack, Reviews, Video, Ads bottom, People also ask, Related searches",informational,Organic
shayaro,27,27,140,21,0.00,https://eknazariya.com/,0,0,0.00,0,44600,"53, 44, 44, 44, 44, 44, 44, 44, 34, 34, 44, 100",2026-07-10,"Image pack, Reviews, Video",informational,Organic
aur shayari,7,7,110,30,0.00,https://eknazariya.com/,0,0,0.00,0.33,149,"65, 65, 65, 65, 53, 82, 65, 65, 65, 82, 100, 65",2026-07-25,"Image pack, Reviews, Video, Image, Video Carousel, People also ask, Related searches, AI overview",informational,Organic
space shayari,13,13,110,30,0.00,https://eknazariya.com/,0,0,0.00,0.33,112,"3, 1, 4, 36, 7, 24, 3, 1, 7, 100, 4, 1",2026-07-02,"Reviews, Image, People also ask, Related searches",informational,Organic
piyush mishra poetry,21,21,390,23,0.25,https://eknazariya.com/piyush-mishra-1,0,0,0.00,0.01,128,"67, 81, 81, 100, 67, 81, 100, 100, 67, 67, 67, 54",2026-07-22,"Image pack, Reviews, Video, Video Carousel, People also ask, Related searches","informational, transactional",Organic
zakir khan famous shayari,9,9,140,13,0.00,https://eknazariya.com/zakir-khan-1,0,0,0.00,0.33,140,"27, 65, 65, 35, 35, 54, 54, 54, 100, 65, 54, 54",2026-08-16,"Image pack, Reviews, Video, Image, Video Carousel, People also ask, Related searches, AI overview","commercial, informational",Organic
shayari simple,13,13,320,27,0.00,https://eknazariya.com/,0,0,0.00,0.33,104,"100, 82, 82, 82, 82, 82, 100, 82, 82, 67, 67, 67",2026-08-08,"Image pack, Reviews, Video, People also ask, Related searches",informational,Organic
urdu shayari in hindi on life,14,14,480,26,0.00,https://eknazariya.com/,0,0,0.00,0.33,149,"54, 54, 54, 67, 82, 100, 100, 82, 67, 67, 67, 54",2026-08-03,"Image pack, Sitelinks, Reviews, Video, Image, Video Carousel, People also ask, Related searches, AI overview",informational,Organic
raghupati sahay firaq,39,39,140,29,0.00,https://eknazariya.com/firaq-gorakhpuri-1,0,0,0.00,0.33,101,"81, 81, 100, 67, 81, 67, 67, 67, 43, 43, 43, 67",2026-07-13,"Knowledge panel, Video, Image, Video Carousel, People also ask, Related searches, Short videos, Ads middle","informational, transactional",Organic
rang shayari,25,25,210,20,0.00,https://eknazariya.com/,0,0,0.00,0.33,127,"14, 14, 26, 14, 11, 11, 11, 26, 100, 7, 9, 7",2026-07-30,"Image pack, Reviews, Video, Image, People also ask, Related searches",informational,Organic
ishq in hindi,39,39,2400,33,0.00,https://eknazariya.com/ishq-shayari,0,0,0.00,0.33,129,"83, 83, 83, 83, 83, 83, 100, 83, 83, 66, 66, 55",2026-07-21,"Instant answer, Reviews, Video, Related searches, AI overview",informational,Organic
ishq in hindi,40,40,2400,33,0.00,https://eknazariya.com/ishq-shayari,0,0,0.00,0.33,129,"83, 83, 83, 83, 83, 83, 100, 83, 83, 66, 66, 55",2026-07-21,"Instant answer, Reviews, Video, Related searches, AI overview",informational,Organic
gulzar poetry in urdu,32,32,170,18,0.00,https://eknazariya.com/gulzar-shayari-1,0,0,0.00,0.33,156,"100, 100, 100, 81, 65, 81, 65, 54, 42, 35, 54, 42",2026-08-13,"Image pack, Reviews, Video, Video Carousel, People also ask, Related searches",informational,Organic
mirza ghalib ka shayar,29,29,140,26,0.00,https://eknazariya.com/ghalib-shayari,0,0,0.00,0.33,146,"24, 52, 67, 81, 81, 67, 100, 100, 81, 43, 24, 24",2026-06-25,"Image pack, Reviews, Video, Image, Ads bottom, Video Carousel, People also ask, Related searches, Ads middle, AI overview",informational,Organic
ghazal shayari love hindi,16,16,170,19,0.00,https://eknazariya.com/,0,0,0.00,0.33,143,"3, 16, 53, 81, 81, 100, 100, 100, 66, 100, 3, 3",2026-07-17,"Image pack, Reviews, Video, Image, Video Carousel, People also ask, Related searches, AI overview",informational,Organic
top shayar,16,16,390,32,0.00,https://eknazariya.com/,0,0,0.00,0,132,"67, 67, 54, 54, 81, 100, 100, 100, 81, 81, 67, 81",2026-07-14,"Image pack, Sitelinks, Reviews, Video, Video Carousel, People also ask, Related searches, AI overview",informational,Organic
shayari on city life,21,21,590,25,0.00,https://eknazariya.com/,0,0,0.00,0.33,136,"1, 3, 13, 24, 24, 24, 24, 24, 30, 37, 100, 100",2026-07-08,"Image pack, Reviews, Video, People also ask, Related searches",informational,Organic
mere liye shayari,21,21,110,27,0.00,https://eknazariya.com/,0,0,0.00,0.33,148,"100, 65, 82, 65, 53, 65, 82, 82, 65, 82, 65, 65",2026-07-11,"Image pack, Reviews, Video, Ads bottom, People also ask, Related searches, AI overview",informational,Organic
shay in hindi,12,12,210,48,0.00,https://eknazariya.com/,0,0,0.00,0.33,142,"67, 100, 81, 81, 81, 100, 100, 100, 100, 81, 100, 100",2026-07-08,"Instant answer, Reviews, Video, Video Carousel, People also ask, Related searches, AI overview",informational,Organic
chhoti shayariyan,17,17,590,29,0.00,https://eknazariya.com/,0,0,0.00,0.33,65,"82, 100, 82, 82, 82, 82, 100, 100, 82, 82, 67, 82",2026-07-17,"Reviews, Video, People also ask, Related searches",informational,Organic
sad ghazal shayari,9,9,170,19,0.00,https://eknazariya.com/,0,0,0.00,0.33,125,"67, 81, 81, 81, 100, 81, 100, 100, 81, 67, 52, 43",2026-07-20,"Image pack, Reviews, Video, Image, Video Carousel, People also ask, Related searches, AI overview",informational,Organic
mushaira shayari,15,15,320,28,0.00,https://eknazariya.com/,0,0,0.00,0.33,129,"67, 82, 82, 100, 100, 100, 100, 82, 82, 67, 44, 36",2026-07-10,"Image pack, Reviews, Video, Image, Ads bottom, Video Carousel, People also ask, Related searches, Ads middle","informational, transactional",Organic
hindi poem of gulzar,42,42,320,22,0.00,https://eknazariya.com/gulzar-shayari-1,0,0,0.00,0.33,108,"7, 12, 54, 100, 81, 66, 100, 100, 81, 100, 3, 5",2026-07-19,"Image pack, Reviews, Video, Video Carousel, Related searches",informational,Organic
some lines in hindi,21,21,210,34,0.00,https://eknazariya.com/,0,0,0.00,0.33,151,"100, 81, 81, 81, 66, 53, 53, 53, 53, 53, 81, 53",2026-07-09,"Image pack, Reviews, Video, Featured snippet, People also ask, Related searches",informational,Organic
do shabd in hindi,21,21,140,23,0.00,https://eknazariya.com/,0,0,0.00,0.33,113,"67, 52, 67, 67, 67, 67, 100, 81, 43, 43, 67, 81",2026-07-01,"Instant answer, Reviews, Video, Video Carousel, People also ask, Related searches, AI overview",informational,Organic
attractive shayari in hindi,22,22,170,42,0.00,https://eknazariya.com/,0,0,0.00,0.33,140,"65, 65, 54, 81, 65, 81, 81, 100, 65, 65, 65, 81",2026-08-03,"Reviews, Image, Ads top, People also ask, Related searches, AI overview",informational,Organic
favorite shayari,12,12,110,30,0.00,https://eknazariya.com/,0,0,0.00,0.33,124,"64, 79, 100, 50, 79, 79, 79, 100, 79, 64, 64, 50",2026-08-10,"Reviews, Video, People also ask, Related searches",commercial,Organic
sher shayari sher shayari,10,10,210,22,0.00,https://eknazariya.com/,0,0,0.00,0,145,"100, 81, 81, 81, 100, 100, 81, 81, 81, 81, 65, 81",2026-07-06,"Image pack, Reviews, Video, Image, Video Carousel, People also ask, Related searches",informational,Organic
sitara shayari,24,24,110,23,0.00,https://eknazariya.com/,0,0,0.00,0,118,"4, 1, 3, 4, 10, 1, 1, 7, 29, 100, 6, 3",2026-06-26,"Image pack, Reviews, Video, Image, People also ask, Related searches",informational,Organic
roj shayari,12,12,140,24,0.00,https://eknazariya.com/,0,0,0.00,0,149,"3, 1, 1, 1, 100, 67, 29, 3, 4, 1, 1, 1",2026-07-11,"Image pack, Reviews, Video, People also ask, Related searches, AI overview",informational,Organic
mahfil e shayari,21,21,170,24,0.00,https://eknazariya.com/mehfil-shayari,0,0,0.00,0.33,142,"65, 100, 81, 65, 81, 100, 65, 54, 65, 65, 42, 27",2026-08-12,"Image pack, Reviews, Video, Image, People also ask, Related searches",informational,Organic
sigal shayari,26,26,590,6,0.00,https://eknazariya.com/,0,0,0.00,0,111,"2, 9, 48, 72, 88, 88, 100, 100, 100, 88, 1, 0",2026-07-14,"Image pack, Sitelinks, Reviews, Video, People also ask, Related searches",informational,Organic
firaq,49,49,590,29,0.00,https://eknazariya.com/firaq-gorakhpuri-1,0,0,0.00,0.01,132,"82, 82, 67, 100, 82, 100, 82, 82, 82, 67, 100, 67",2026-08-14,"Knowledge panel, Sitelinks, Reviews, Video, Image, Video Carousel, People also ask, Related searches, Short videos",informational,Organic
chhoti chhoti shayari,18,18,260,24,0.00,https://eknazariya.com/,0,0,0.00,0.33,104,"44, 54, 67, 67, 67, 54, 100, 100, 67, 54, 44, 54",2026-07-05,"Image pack, Reviews, Video, Video Carousel, People also ask, Related searches","informational, transactional",Organic
fm shayari,15,15,170,21,0.00,https://eknazariya.com/,0,0,0.00,0.33,123,"6, 28, 53, 81, 81, 66, 81, 100, 81, 0, 3, 3",2026-07-29,"Reviews, Video, Related searches, AI overview",informational,Organic
kavita shayari in hindi,17,17,210,17,0.00,https://eknazariya.com/,0,0,0.00,0.01,146,"44, 54, 82, 44, 67, 82, 100, 67, 54, 18, 28, 23",2026-07-20,"Image pack, Reviews, Video, People also ask, Related searches",informational,Organic
bahut acchi shayari,8,8,110,21,0.00,https://eknazariya.com/,0,0,0.00,0.33,143,"64, 79, 79, 64, 79, 100, 79, 100, 100, 79, 79, 79",2026-08-11,"Image pack, Sitelinks, Reviews, Video, Image, Video Carousel, People also ask, Related searches",informational,Organic
shaam shayari gulzar,12,12,320,22,0.00,https://eknazariya.com/gulzar-shayari-1,0,0,0.00,0.33,149,"100, 100, 82, 82, 82, 67, 82, 82, 82, 82, 82, 82",2026-06-22,"Image pack, Reviews, Video, Video Carousel, People also ask, Related searches",informational,Organic
quotes on festivals in hindi,36,36,140,20,0.00,https://eknazariya.com/best-festival-shayari,0,0,0.00,0.33,120,"23, 35, 44, 100, 23, 19, 23, 15, 35, 19, 19, 19",2026-08-18,"Image pack, Video, People also ask, Related searches",informational,Organic
acchi wali shayari,12,12,320,38,0.00,https://eknazariya.com/,0,0,0.00,0.33,99,"82, 82, 82, 100, 82, 82, 100, 67, 82, 67, 67, 100",2026-07-09,"Image pack, Sitelinks, Reviews, Video, Image, Ads bottom, Video Carousel, People also ask, Related searches, Ads middle",informational,Organic
bachpan shayari gulzar,34,34,480,28,0.00,https://eknazariya.com/gulzar-shayari-1,0,0,0.00,0.33,123,"82, 100, 82, 67, 44, 67, 44, 36, 36, 36, 36, 44",2026-07-13,"Image pack, Reviews, Video, Image, Video Carousel, People also ask, Related searches",informational,Organic
vafadari shayari,28,28,140,28,0.00,https://eknazariya.com/,0,0,0.00,0.33,124,"67, 100, 81, 81, 81, 81, 81, 52, 33, 67, 81, 52",2026-07-18,"Image pack, Reviews, Video, People also ask, Related searches, AI overview",informational,Organic
shayari bhejiye,12,12,140,43,0.00,https://eknazariya.com/,0,0,0.00,0.33,123,"54, 65, 81, 81, 54, 54, 100, 54, 35, 42, 42, 35",2026-07-13,"Image pack, Reviews, Video, Video Carousel, People also ask, Related searches",informational,Organic
national shayari,16,16,210,19,0.00,https://eknazariya.com/,0,0,0.00,0.33,113,"23, 29, 100, 35, 29, 29, 35, 100, 35, 29, 19, 19",2026-07-14,"Image pack, Reviews, Video, Image, Video Carousel, People also ask, Related searches",informational,Organic
top urdu shayari,15,15,110,33,0.00,https://eknazariya.com/,0,0,0.00,0.33,144,"79, 79, 64, 64, 79, 100, 79, 79, 79, 64, 64, 79",2026-08-01,"Image pack, Sitelinks, Reviews, Video, Image, Video Carousel, Related searches, AI overview",informational,Organic
badalne par shayari,20,20,110,21,0.00,https://eknazariya.com/,0,0,0.00,0.33,127,"10, 2, 100, 10, 2, 4, 15, 100, 2, 23, 2, 2",2026-07-18,"Image pack, Reviews, Video, Video Carousel, People also ask, Related searches",informational,Organic
jahar shayari,25,25,110,18,0.00,https://eknazariya.com/,0,0,0.00,0.33,143,"100, 100, 100, 82, 53, 53, 53, 65, 41, 65, 41, 53",2026-07-04,"Image pack, Reviews, Video, People also ask, Related searches",informational,Organic
dil shayari in hindi,23,23,590,11,0.00,https://eknazariya.com/,0,0,0.00,0,133,"67, 82, 67, 55, 55, 55, 55, 67, 67, 82, 82, 100",2026-07-12,"Sitelinks, Reviews, Video, Image, Video Carousel, People also ask, Related searches, AI overview",informational,Organic
my shayari,15,15,210,40,0.00,https://eknazariya.com/,0,0,0.00,0.33,142,"100, 81, 81, 100, 65, 65, 81, 100, 65, 81, 54, 81",2026-07-09,"Image pack, Reviews, Video, Image, Video Carousel, People also ask, Related searches",informational,Organic
shayari bhejo,14,14,170,35,0.00,https://eknazariya.com/,0,0,0.00,0.33,128,"81, 81, 81, 67, 67, 81, 67, 67, 81, 100, 67, 52",2026-08-02,"Image pack, Reviews, Video, Image, People also ask, Related searches",informational,Organic
shayari on mukammal,19,19,260,28,0.00,https://eknazariya.com/,0,0,0.00,0.33,137,"1, 6, 15, 36, 44, 44, 100, 67, 44, 36, 1, 1",2026-07-08,"Image pack, Reviews, Video, Image, People also ask, Related searches",informational,Organic
shayari ka matlab,33,33,260,26,0.00,https://eknazariya.com/,0,0,0.00,0.33,122,"53, 100, 81, 66, 66, 66, 81, 100, 81, 81, 53, 53",2026-06-30,"Sitelinks, Video, People also ask, Related searches, AI overview",informational,Organic
shayari dictionary,21,21,320,21,0.00,https://eknazariya.com/,0,0,0.00,0.01,124,"5, 8, 36, 66, 81, 66, 100, 100, 81, 81, 2, 2",2026-07-08,"Reviews, Video, Video Carousel, Related searches, AI overview",informational,Organic
best line shayari,20,20,390,35,0.00,https://eknazariya.com/,0,0,0.00,0.33,118,"100, 100, 81, 100, 81, 100, 81, 100, 81, 81, 67, 67",2026-07-05,"Sitelinks, Reviews, Video, Video Carousel, People also ask, Related searches, AI overview",commercial,Organic
shayari on hindi language,16,16,210,30,0.00,https://eknazariya.com/,0,0,0.00,0.33,148,"19, 19, 36, 100, 19, 24, 29, 29, 36, 29, 29, 44",2026-07-13,"Image pack, Reviews, Video, Image, Video Carousel, People also ask, Related searches",informational,Organic
sar ke liye shayari,10,10,110,23,0.00,https://eknazariya.com/,0,0,0.00,0.33,142,"34, 34, 100, 22, 34, 66, 28, 44, 22, 34, 28, 16",2026-07-23,"Image pack, Reviews, Video, Image, Video Carousel, People also ask, Related searches",informational,Organic
laal rang shayari,35,35,320,25,0.00,https://eknazariya.com/,0,0,0.00,0.33,111,"15, 12, 44, 54, 54, 36, 67, 67, 67, 100, 6, 6",2026-06-24,"Image pack, Reviews, Video, People also ask, Related searches",informational,Organic
sayr,9,9,110,43,0.00,https://eknazariya.com/,0,0,0.00,0.2,132,"36, 100, 3, 2, 2, 2, 15, 5, 2, 2, 8, 44",2026-07-04,"Knowledge panel, Reviews, Video, Ads top, Video Carousel, People also ask, Related searches, Ads middle",informational,Organic
accounts shayari,28,28,110,12,0.00,https://eknazariya.com/,0,0,0.00,0,90800000,"50, 100, 64, 64, 79, 64, 100, 100, 79, 64, 50, 79",2026-07-12,"Video, Video Carousel, People also ask",informational,Organic
accounts shayari,29,29,110,12,0.00,https://eknazariya.com/,0,0,0.00,0,90800000,"50, 100, 64, 64, 79, 64, 100, 100, 79, 64, 50, 79",2026-07-12,"Video, Video Carousel, People also ask",informational,Organic
shayari of gulzar sahab,16,16,110,26,0.00,https://eknazariya.com/gulzar-shayari-1,0,0,0.00,0,146,"27, 42, 54, 35, 35, 42, 19, 15, 54, 65, 65, 100",2026-07-01,"Image pack, Reviews, Video, Image, Video Carousel, People also ask, Related searches",informational,Organic
shayari ki dayari,17,17,140,24,0.00,https://eknazariya.com/,0,0,0.00,0.33,149,"52, 52, 67, 81, 43, 81, 67, 81, 52, 100, 43, 24",2026-07-12,"Image pack, Reviews, Video, Image, People also ask, Related searches",informational,Organic
shayari box,19,19,320,28,0.00,https://eknazariya.com/,0,0,0.00,0.33,118,"7, 15, 36, 81, 66, 81, 66, 81, 100, 100, 5, 3",2026-07-08,"Image pack, Reviews, Video, People also ask, Related searches",informational,Organic
tere liye shayari,21,21,170,27,0.00,https://eknazariya.com/,0,0,0.00,0.33,142,"100, 81, 81, 81, 81, 100, 100, 81, 81, 81, 67, 67",2026-07-08,"Image pack, Reviews, Video, Image, Video Carousel, People also ask, Related searches, AI overview",informational,Organic
traditional shayari,8,8,140,28,0.00,https://eknazariya.com/,0,0,0.00,0.33,149,"52, 67, 67, 81, 52, 67, 100, 100, 81, 52, 33, 33",2026-08-10,"Image pack, Reviews, Image, Ads top, Ads bottom, Video Carousel, People also ask, Related searches, AI overview",informational,Organic
shair o shari,12,12,110,24,0.00,https://eknazariya.com/,0,0,0.00,0.33,127,"64, 100, 100, 100, 79, 79, 79, 79, 100, 50, 64, 50",2026-07-06,"Image pack, Video, Image, Video Carousel, Related searches, AI overview",informational,Organic
gulzar ji ki shayari,9,9,140,21,0.00,https://eknazariya.com/gulzar-shayari-1,0,0,0.00,0.33,138,"67, 81, 100, 100, 67, 81, 67, 67, 67, 43, 43, 43",2026-07-08,"Image pack, Sitelinks, Reviews, Video, Video Carousel, People also ask, Related searches",informational,Organic
popular hashtags in hindi,20,20,140,23,0.00,https://eknazariya.com/hashtags-%23shayri,0,0,0.00,0.33,122,"67, 44, 54, 100, 2, 19, 6, 2, 2, 15, 6, 2",2026-08-14,"Reviews, Video, People also ask, Related searches, AI overview",informational,Organic
12 class shayari,18,14,210,27,0.00,https://eknazariya.com/,0,0,0.00,0,133,"15, 12, 7, 15, 12, 19, 15, 10, 36, 54, 100, 24",2026-08-20,"Image pack, Reviews, Video, Video Carousel, People also ask, Related searches",informational,Organic
lajawab shayari,23,23,590,24,0.00,https://eknazariya.com/,0,0,0.00,0.33,128,"81, 100, 100, 100, 100, 66, 100, 100, 100, 81, 81, 81",2026-07-18,"Image pack, Reviews, Video, Image, Video Carousel, People also ask, Related searches",informational,Organic
gulzar life quotes in hindi,12,12,110,21,0.00,https://eknazariya.com/gulzar-shayari-1,0,0,0.00,0.33,149,"100, 100, 100, 64, 50, 64, 100, 50, 50, 64, 79, 50",2026-08-09,"Image pack, Sitelinks, Reviews, Video, Featured snippet, Image, Related searches",informational,Organic
shayari likhne wala,17,17,110,27,0.00,https://eknazariya.com/,0,0,0.00,0.33,128,"52, 43, 52, 52, 43, 52, 67, 100, 81, 67, 52, 43",2026-07-02,"Image pack, Reviews, Video, Image, Video Carousel, People also ask, Related searches",informational,Organic
reply shayari in hindi,15,15,110,19,0.00,https://eknazariya.com/,0,0,0.00,0.33,136,"65, 24, 41, 53, 82, 65, 53, 65, 82, 82, 100, 29",2026-06-18,"Image pack, Sitelinks, Reviews, Video, Video Carousel, People also ask, Related searches, AI overview",informational,Organic
best shayari writer,10,10,110,31,0.00,https://eknazariya.com/,0,0,0.00,0.01,166,"50, 50, 64, 50, 64, 79, 100, 100, 100, 79, 100, 79",2026-08-13,"Image pack, Reviews, Video, People also ask, Related searches, AI overview",commercial,Organic
jharna shayari,21,21,140,17,0.00,https://eknazariya.com/,0,0,0.00,0.33,144,"81, 100, 65, 65, 54, 42, 54, 35, 42, 15, 15, 27",2026-08-05,"Image pack, Reviews, Video, Image, Video Carousel, People also ask, Related searches",informational,Organic
awaaz shayari,38,38,210,20,0.00,https://eknazariya.com/,0,0,0.00,0.33,137,"100, 100, 81, 81, 81, 81, 66, 66, 53, 66, 53, 44",2026-07-06,"Image pack, Reviews, Video, Image, People also ask, Related searches",informational,Organic
mirza galib shayari,24,24,390,30,0.00,https://eknazariya.com/ghalib-shayari,0,0,0.00,0,151,"100, 100, 81, 81, 81, 81, 81, 81, 81, 54, 54, 54",2026-07-10,"Knowledge panel, Reviews, Video, Video Carousel, People also ask, Related searches",informational,Organic
india shayari project,42,42,390,26,0.00,https://eknazariya.com/,0,0,0.00,0,117,"0, 0, 0, 0, 0, 0, 0, 0, 0, 100, 17, 34",2026-07-09,"Knowledge panel, Reviews, Video, Image, People also ask, Related searches, AI overview","informational, transactional",Organic
gulzar in hindi,52,52,590,36,0.00,https://eknazariya.com/gulzar-shayari-1,0,0,0.00,0.33,142,"67, 100, 82, 82, 82, 82, 82, 67, 55, 44, 44, 44",2026-08-15,"Knowledge panel, Reviews, Video, Image, People also ask, Related searches, AI overview",informational,Organic
upper syari,43,43,170,27,0.00,https://eknazariya.com/,0,0,0.00,0.01,218000,"100, 100, 100, 67, 67, 67, 52, 81, 52, 52, 67, 81",2026-07-11,"Knowledge panel, Sitelinks, Reviews, Video, Related searches, AI overview",informational,Organic
latest shayari in hindi,10,10,720,51,0.00,https://eknazariya.com/,0,0,0.00,0.33,150,"82, 82, 82, 100, 100, 82, 100, 100, 82, 82, 82, 82",2026-07-11,"Reviews, Video, Image, Video Carousel, People also ask, Related searches, AI overview","commercial, informational",Organic
sad shayari written,21,21,210,30,0.00,https://eknazariya.com/best-sad-shayari,0,0,0.00,0.33,119,"66, 66, 66, 81, 66, 100, 100, 81, 81, 53, 53, 44",2026-08-17,"Image pack, Sitelinks, Reviews, Video, Image, People also ask, Related searches, AI overview",informational,Organic
hindi shayari copy,21,21,480,29,0.00,https://eknazariya.com/,0,0,0.00,0.33,133,"82, 67, 67, 44, 44, 67, 67, 67, 54, 54, 67, 100",2026-07-31,"Image pack, Sitelinks, Reviews, Video, Image, People also ask, Related searches",commercial,Organic
gajab shayari,31,31,210,17,0.00,https://eknazariya.com/,0,0,0.00,0.33,126,"100, 100, 100, 100, 81, 81, 100, 100, 81, 81, 81, 54",2026-07-15,"Image pack, Reviews, Video, People also ask, Related searches",informational,Organic
galib ka sher,12,12,170,27,0.00,https://eknazariya.com/ghalib-shayari,0,0,0.00,0.01,144,"12, 19, 54, 54, 100, 19, 24, 19, 15, 15, 24, 15",2026-07-11,"Image pack, Reviews, Video, Image, Video Carousel, People also ask, Related searches, Ads middle, AI overview",informational,Organic
short line shayari,20,20,110,17,0.00,https://eknazariya.com/,0,0,0.00,0.33,121,"65, 65, 65, 65, 65, 65, 100, 82, 82, 82, 65, 65",2026-06-27,"Image pack, Sitelinks, Reviews, Video, Featured snippet, People also ask, Related searches",informational,Organic
muskurati raho shayari,39,39,170,19,0.00,https://eknazariya.com/,0,0,0.00,0,143,"81, 65, 81, 42, 27, 54, 54, 100, 81, 81, 81, 81",2026-08-09,"Image pack, Reviews, Video, Related searches, AI overview",informational,Organic
gulzar sahab hindi shayari,15,15,260,25,0.00,https://eknazariya.com/gulzar-shayari-1,0,0,0.00,0.02,150,"5, 15, 44, 54, 100, 81, 81, 66, 54, 81, 2, 2",2026-07-19,"Image pack, Sitelinks, Reviews, Video, Image, Video Carousel, Related searches",informational,Organic
shayari d,10,10,110,41,0.00,https://eknazariya.com/,0,0,0.00,0.33,145,"64, 79, 64, 79, 64, 64, 100, 100, 79, 79, 64, 64",2026-07-07,"Reviews, Video, Ads bottom, Video Carousel, People also ask, Related searches, Ads middle, AI overview",informational,Organic
shayari in hindi copy,14,14,390,43,0.00,https://eknazariya.com/,0,0,0.00,0.33,118,"81, 81, 66, 100, 81, 81, 66, 44, 36, 29, 29, 36",2026-08-06,"Reviews, Related searches",commercial,Organic
shayari bazar,18,18,1600,14,0.00,https://eknazariya.com/,0,0,0.00,0.33,0,"79, 79, 100, 79, 79, 67, 79, 67, 54, 54, 54, 54",2026-07-18,"Image pack, Sitelinks, Reviews, Video, Image, Related searches",navigational,Organic
shayari in hindi 4 line,32,32,210,3,0.00,https://eknazariya.com/,0,0,0.00,0.33,143,"65, 65, 65, 65, 65, 100, 100, 81, 100, 81, 81, 65",2026-06-26,"Image pack, Reviews, Video, Related searches",commercial,Organic
deewana shayari hindi,18,18,140,12,0.00,https://eknazariya.com/,0,0,0.00,0.33,17,"1, 1, 1, 1, 67, 100, 1, 1, 1, 2, 1, 5",2026-07-19,"Image pack, Reviews, Video, Image, People also ask, Related searches, AI overview",informational,Organic
shayari free download,31,31,140,26,0.00,https://eknazariya.com/,0,0,0.00,0.01,79300000,"100, 82, 100, 65, 82, 82, 100, 100, 82, 82, 65, 65",2026-06-27,"Reviews, People also ask, Related searches, AI overview",informational,Organic
kashti shayari,34,34,170,15,0.00,https://eknazariya.com/,0,0,0.00,0.33,124,"65, 81, 65, 54, 65, 100, 81, 100, 65, 27, 27, 35",2026-08-08,"Image pack, Reviews, Video, Image, People also ask, Related searches",informational,Organic
twitter shayari in hindi,16,16,720,31,0.00,https://eknazariya.com/,0,0,0.00,0.33,124,"7, 16, 55, 77, 100, 77, 100, 100, 77, 77, 1, 1",2026-07-12,"Image pack, Reviews, Related searches, AI overview",navigational,Organic
sad new shayari 2018,19,19,590,25,0.00,https://eknazariya.com/best-sad-shayari,0,0,0.00,0.33,151,"5, 17, 72, 100, 100, 100, 88, 88, 72, 72, 4, 7",2026-07-18,"Sitelinks, Reviews, Video, Video Carousel, Related searches, AI overview",informational,Organic
short shayari in urdu,14,14,170,32,0.00,https://eknazariya.com/,0,0,0.00,0.33,134,"54, 54, 81, 100, 65, 65, 81, 65, 54, 54, 27, 27",2026-07-06,"Image pack, Reviews, Video, Video Carousel, People also ask, Related searches",informational,Organic
janaza shayari,22,22,480,21,0.00,https://eknazariya.com/,0,0,0.00,0.33,144,"82, 82, 82, 82, 67, 67, 82, 100, 67, 67, 54, 44",2026-07-18,"Image pack, Reviews, Video, People also ask, Related searches",informational,Organic
ghalib ka sher,22,22,260,28,0.00,https://eknazariya.com/ghalib-shayari,0,0,0.00,0.33,145,"67, 44, 35, 35, 81, 81, 100, 54, 44, 67, 44, 44",2026-08-01,"Image pack, Reviews, Video, Image, Video Carousel, People also ask, Related searches, AI overview",informational,Organic
jeet par shayari,20,20,170,23,0.00,https://eknazariya.com/,0,0,0.00,0.33,117,"100, 67, 67, 81, 81, 100, 67, 81, 81, 100, 43, 52",2026-07-11,"Image pack, Reviews, Video, Image, Video Carousel, People also ask, Related searches",informational,Organic
star shayari in hindi,9,9,110,31,0.00,https://eknazariya.com/,0,0,0.00,0.01,147,"19, 52, 67, 81, 67, 67, 52, 100, 81, 24, 24, 24",2026-07-31,"Image pack, Reviews, Video, People also ask, Related searches, AI overview",informational,Organic
4 line shayari,36,36,880,5,0.00,https://eknazariya.com/,0,0,0.00,0.33,144,"88, 88, 88, 88, 88, 88, 100, 100, 88, 88, 72, 59",2026-06-29,"Reviews, Video, People also ask, Related searches, AI overview",informational,Organic
apne liye shayari in hindi,11,11,110,29,0.00,https://eknazariya.com/,0,0,0.00,0.33,117,"64, 64, 64, 64, 79, 100, 100, 79, 79, 79, 100, 100",2026-07-27,"Image pack, Reviews, Video, Image, People also ask, Related searches",informational,Organic
all hindi shayari,13,13,140,37,0.00,https://eknazariya.com/,0,0,0.00,0.33,155,"65, 65, 100, 82, 82, 82, 82, 82, 100, 82, 53, 53",2026-07-13,"Image pack, Reviews, Video, Image, Video Carousel, Related searches, AI overview",informational,Organic
delhi shayri,21,21,110,23,0.00,https://eknazariya.com/,0,0,0.00,0.33,147,"1, 3, 100, 29, 15, 10, 1, 1, 4, 1, 1, 1",2026-07-19,"Image pack, Reviews, Video, Image, Video Carousel, People also ask, Related searches",informational,Organic
nazar na lage shayari in hindi,34,34,140,18,0.00,https://eknazariya.com/,0,0,0.00,0.33,140,"67, 52, 67, 67, 52, 81, 67, 100, 81, 67, 33, 24",2026-06-25,"Image pack, Sitelinks, Reviews, Video, Image, People also ask, Related searches",informational,Organic
time sad shayari,32,32,590,10,0.00,https://eknazariya.com/best-sad-shayari,0,0,0.00,0.33,140,"55, 55, 44, 55, 55, 67, 100, 100, 55, 55, 55, 44",2026-06-22,"Image pack, Sitelinks, Reviews, Video, People also ask, Related searches",informational,Organic
apno ki shayari,18,18,260,20,0.00,https://eknazariya.com/,0,0,0.00,0.33,128,"100, 82, 67, 54, 67, 54, 67, 67, 67, 67, 67, 67",2026-07-01,"Image pack, Sitelinks, Reviews, Video, Image, People also ask, Related searches",informational,Organic
milna shayari,14,14,210,21,0.00,https://eknazariya.com/,0,0,0.00,0.33,134,"100, 67, 82, 67, 54, 54, 54, 67, 44, 54, 36, 18",2026-06-26,"Image pack, Reviews, Video, Image, Video Carousel, People also ask, Related searches",informational,Organic
famous shayar of india in hindi,20,20,110,17,0.00,https://eknazariya.com/,0,0,0.00,0.33,137,"81, 100, 100, 65, 54, 19, 15, 15, 15, 8, 4, 12",2026-07-07,"Image pack, Reviews, Video, People also ask, Related searches, AI overview",informational,Organic
not shayari,18,18,260,12,0.00,https://eknazariya.com/,0,0,0.00,0.33,141,"81, 100, 81, 81, 81, 81, 81, 100, 100, 100, 81, 81",2026-06-25,"Image pack, Sitelinks, Video, Image, People also ask, Related searches",informational,Organic
words for shayari,12,12,140,26,0.00,https://eknazariya.com/,0,0,0.00,0.33,154,"100, 82, 100, 100, 82, 82, 82, 82, 82, 53, 100, 65",2026-06-27,"Reviews, Video, People also ask, Related searches, AI overview",informational,Organic
unique lines in hindi,16,16,140,26,0.00,https://eknazariya.com/,0,0,0.00,0.33,153,"1, 1, 6, 1, 67, 100, 19, 1, 1, 15, 1, 6",2026-07-24,"Image pack, Reviews, People also ask, Related searches",informational,Organic
dogri shayari,21,21,110,24,0.00,https://eknazariya.com/,0,0,0.00,0.33,124,"2, 4, 2, 100, 4, 2, 81, 54, 2, 2, 6, 2",2026-06-21,"Image pack, Reviews, Video, Video Carousel, People also ask, Related searches",informational,Organic
wafadari quotes in hindi,25,25,170,17,0.00,https://eknazariya.com/,0,0,0.00,0.33,130,"81, 100, 100, 81, 100, 81, 67, 67, 67, 67, 67, 67",2026-06-22,"Image pack, Reviews, Video, Image, Related searches",informational,Organic
fakiri shayari,21,21,110,19,0.00,https://eknazariya.com/,0,0,0.00,0.33,128,"65, 82, 100, 82, 82, 65, 82, 65, 65, 65, 41, 53",2026-07-10,"Image pack, Reviews, Video, Image, Video Carousel, People also ask, Related searches, AI overview",informational,Organic
gulzar best shayari in hindi,14,14,170,23,0.00,https://eknazariya.com/gulzar-shayari-1,0,0,0.00,0.33,142,"81, 100, 65, 42, 27, 35, 54, 42, 65, 65, 100, 65",2026-08-02,"Image pack, Sitelinks, Reviews, Video, Image, People also ask, Related searches",informational,Organic
shayar ke naam,19,19,110,17,0.00,https://eknazariya.com/,0,0,0.00,0.33,148,"79, 64, 79, 79, 50, 79, 100, 79, 79, 50, 64, 64",2026-07-07,"Image pack, Reviews, Video, Video Carousel, People also ask, Related searches, AI overview",informational,Organic
poetry thoughts in hindi,1,1,140,23,0.00,https://eknazariya.com/,0,0,0.00,0.33,156,"12, 27, 42, 42, 42, 35, 35, 54, 35, 100, 100, 100",2026-08-19,"Image pack, Sitelinks, Reviews, Video, People also ask, Related searches, AI overview",informational,AI overview
ek line shayari,17,17,390,13,0.00,https://eknazariya.com/,0,0,0.00,0.33,127,"81, 81, 81, 81, 81, 81, 100, 100, 67, 67, 81, 67",2026-07-07,"Image pack, Sitelinks, Reviews, Video, Image, Ads bottom, People also ask, Related searches, Ads middle",informational,Organic
ek line shayari,42,42,390,13,0.00,https://eknazariya.com/,0,0,0.00,0.33,127,"81, 81, 81, 81, 81, 81, 100, 100, 67, 67, 81, 67",2026-07-07,"Image pack, Sitelinks, Reviews, Video, Image, Ads bottom, People also ask, Related searches, Ads middle",informational,Organic
r sayri,17,17,140,22,0.00,https://eknazariya.com/,0,0,0.00,0.33,141,"27, 42, 54, 35, 42, 65, 100, 81, 100, 35, 35, 27",2026-07-31,"Image pack, Sitelinks, Reviews, Video, Image, Video Carousel, People also ask, Related searches, AI overview",informational,Organic
mast wali shayari,19,19,260,23,0.00,https://eknazariya.com/,0,0,0.00,0.33,103,"66, 81, 81, 100, 81, 81, 81, 100, 81, 81, 66, 81",2026-07-09,"Image pack, Reviews, Video, Ads bottom, People also ask, Related searches, Ads middle",informational,Organic
shayari text copy,29,29,1000,33,0.00,https://eknazariya.com/,0,0,0.00,0.01,85,"6, 9, 20, 30, 30, 34, 45, 45, 55, 100, 7, 9",2026-07-07,"Reviews, Ads top, Ads bottom, Related searches",commercial,Organic
sitare shayari,18,18,110,22,0.00,https://eknazariya.com/,0,0,0.00,0,142,"1, 1, 6, 1, 1, 4, 24, 24, 7, 19, 100, 4",2026-06-26,"Image pack, Reviews, Video, People also ask, Related searches, AI overview",informational,Organic
mast si shayari,17,17,110,28,0.00,https://eknazariya.com/,0,0,0.00,0.33,139,"64, 79, 79, 100, 79, 64, 100, 100, 100, 100, 79, 100",2026-07-14,"Image pack, Reviews, Video, Image, Video Carousel, People also ask, Related searches, AI overview",informational,Organic
top 10 shayari in urdu,14,14,110,25,0.00,https://eknazariya.com/,0,0,0.00,0,131,"100, 64, 79, 64, 79, 79, 79, 79, 64, 64, 79, 79",2026-06-25,"Reviews, Video, Video Carousel, Related searches, Short videos",commercial,Organic
yaaro ki mehfil shayari,20,20,170,19,0.00,https://eknazariya.com/mehfil-shayari,0,0,0.00,0.33,125,"100, 100, 100, 67, 67, 81, 81, 81, 81, 67, 52, 52",2026-07-27,"Image pack, Reviews, Video, Image, Video Carousel, People also ask, Related searches, AI overview",informational,Organic
yaaro ki mehfil shayari,44,44,170,19,0.00,https://eknazariya.com/,0,0,0.00,0.33,125,"100, 100, 100, 67, 67, 81, 81, 81, 81, 67, 52, 52",2026-07-27,"Image pack, Reviews, Video, Image, Video Carousel, People also ask, Related searches, AI overview",informational,Organic
star shayari,11,11,210,28,0.00,https://eknazariya.com/,0,0,0.00,0.33,83,"34, 44, 44, 66, 81, 81, 81, 100, 81, 81, 28, 34",2026-07-13,"Image pack, Reviews, Video, People also ask, Related searches",informational,Organic
shayari hindi copy paste,27,27,110,32,0.00,https://eknazariya.com/,0,0,0.00,0.33,90,"53, 65, 65, 65, 65, 65, 82, 100, 41, 41, 53, 53",2026-07-13,"Reviews, Video, Related searches",commercial,Organic
gay shayari,19,19,260,17,0.00,https://eknazariya.com/,0,0,0.00,0.33,122,"11, 16, 16, 13, 13, 16, 11, 16, 13, 100, 13, 13",2026-07-02,"Image pack, Reviews, Video, Video Carousel, People also ask, Related searches",informational,Organic
sad shayari likhi hui,16,16,170,36,0.00,https://eknazariya.com/best-sad-shayari,0,0,0.00,0.33,79,"81, 81, 81, 81, 67, 100, 81, 52, 81, 67, 81, 67",2026-07-23,"Image pack, Sitelinks, Reviews, Video, Featured snippet, Image, People also ask, Related searches",informational,Organic
zeher shayari,26,26,170,23,0.00,https://eknazariya.com/,0,0,0.00,0.33,150,"35, 42, 65, 100, 100, 100, 100, 100, 100, 81, 15, 19",2026-07-18,"Image pack, Reviews, Video, Related searches",informational,Organic
nida fazli best lines,21,21,480,21,0.00,https://eknazariya.com/nida-fazli-1,0,0,0.00,0.33,174,"54, 67, 67, 67, 82, 82, 100, 82, 82, 67, 54, 82",2026-06-21,"Image pack, Reviews, Video, Image, Video Carousel, People also ask, Related searches, Discussions and forums",informational,Organic
hindi mein sher,10,10,210,19,0.00,https://eknazariya.com/,0,0,0.00,0.33,129,"81, 100, 100, 100, 81, 81, 81, 81, 81, 65, 65, 65",2026-07-10,"Image pack, Reviews, Video, Video Carousel, People also ask, Related searches, AI overview",informational,Organic
buri nazar quotes in hindi,18,18,260,14,0.00,https://eknazariya.com/,0,0,0.00,0.33,121,"100, 100, 100, 100, 66, 81, 81, 66, 53, 66, 53, 53",2026-06-24,"Image pack, Sitelinks, Reviews, Video, Image, People also ask, Related searches",informational,Organic
normal shayari in hindi,19,19,320,26,0.00,https://eknazariya.com/,0,0,0.00,0.33,108,"44, 67, 67, 82, 100, 100, 82, 67, 82, 82, 67, 67",2026-08-09,"Image pack, Sitelinks, Reviews, Video, People also ask, Related searches",informational,Organic
shyari ki dyari,9,9,140,17,0.00,https://eknazariya.com/,0,0,0.00,0.33,146,"52, 52, 67, 81, 43, 81, 67, 81, 52, 100, 43, 24",2026-07-01,"Knowledge panel, Image pack, Reviews, Video, Video Carousel, People also ask, Related searches, AI overview",informational,Organic
jhandu shayari,16,16,320,28,0.00,https://eknazariya.com/,0,0,0.00,0.33,113,"100, 100, 100, 82, 82, 100, 82, 67, 67, 67, 67, 54",2026-07-24,"Image pack, Reviews, Video, Video Carousel, People also ask, Related searches, AI overview",informational,Organic
apne ke liye shayari,17,17,170,27,0.00,https://eknazariya.com/,0,0,0.00,0.33,119,"81, 81, 100, 100, 81, 81, 81, 100, 100, 81, 81, 100",2026-06-30,"Sitelinks, Reviews, Video, Ads bottom, Video Carousel, People also ask, Related searches, Ads middle, AI overview",informational,Organic
kisi ke liye shayari,14,14,140,30,0.00,https://eknazariya.com/,0,0,0.00,0.33,149,"100, 100, 100, 82, 65, 82, 100, 82, 82, 53, 65, 82",2026-07-24,"Image pack, Reviews, Video, People also ask, Related searches",informational,Organic
kisi ke liye shayari,22,22,140,30,0.00,https://eknazariya.com/,0,0,0.00,0.33,149,"100, 100, 100, 82, 65, 82, 100, 82, 82, 53, 65, 82",2026-07-24,"Image pack, Reviews, Video, People also ask, Related searches",informational,Organic
gazal ki shayari,11,11,170,24,0.00,https://eknazariya.com/,0,0,0.00,0,147,"81, 67, 100, 100, 52, 100, 100, 81, 43, 52, 100, 67",2026-07-13,"Image pack, Reviews, Video, Image, Video Carousel, People also ask, Related searches, Ads middle",informational,Organic
wasim bareilly,31,31,260,31,0.00,https://eknazariya.com/waseem-barelvi-1,0,0,0.00,0.33,109,"16, 12, 16, 19, 19, 24, 24, 24, 30, 24, 55, 100",2026-06-22,"Knowledge panel, Reviews, Video, Image, Video Carousel, People also ask","informational, transactional",Organic
aghori shayari,20,20,140,24,0.00,https://eknazariya.com/,0,0,0.00,0.33,69800,"100, 100, 100, 82, 100, 65, 53, 65, 82, 82, 53, 65",2026-06-27,"Image pack, Reviews, Video, People also ask, Related searches",informational,Organic
best shayari mirza ghalib,15,15,320,30,0.00,https://eknazariya.com/ghalib-shayari,0,0,0.00,0.33,148,"19, 29, 29, 29, 44, 54, 54, 44, 54, 100, 81, 81",2026-08-10,"Image pack, Reviews, Video, Ads top, Ads bottom, Video Carousel, People also ask, Related searches",commercial,Organic
shayari on awaz,46,46,210,19,0.00,https://eknazariya.com/,0,0,0.00,0.33,119,"100, 81, 81, 81, 81, 66, 66, 53, 66, 53, 44, 44",2026-08-01,"Image pack, Reviews, Video, Image, People also ask, Related searches",informational,Organic
gulzar shayari on ghar,23,23,320,26,0.00,https://eknazariya.com/gulzar-shayari-1,0,0,0.00,0.33,144,"81, 100, 81, 66, 66, 29, 36, 44, 29, 36, 54, 44",2026-06-23,"Image pack, Reviews, Video, Image, Video Carousel, People also ask",informational,Organic
sabse best shayari,16,16,170,27,0.00,https://eknazariya.com/,0,0,0.00,0.33,148,"81, 81, 81, 81, 100, 81, 100, 100, 100, 100, 81, 81",2026-07-08,"Image pack, Reviews, Video, Ads top, Video Carousel, People also ask, Related searches, Ads middle",informational,Organic
very sad poetry in hindi,33,33,170,29,0.00,https://eknazariya.com/best-sad-shayari,0,0,0.00,0.33,161,"33, 52, 100, 100, 81, 100, 100, 81, 100, 81, 81, 81",2026-08-09,"Sitelinks, Reviews, Video, People also ask, Related searches, AI overview",informational,Organic
best shayari by zakir khan,9,9,210,3,0.00,https://eknazariya.com/zakir-khan-1,0,0,0.00,0.33,141,"34, 100, 81, 66, 66, 66, 81, 66, 100, 66, 53, 44",2026-08-10,"Sitelinks, Reviews, Video, Video Carousel, People also ask, Related searches, Short videos, AI overview",commercial,Organic
gulzar sahab shayari in hindi,17,17,110,18,0.00,https://eknazariya.com/gulzar-shayari-1,0,0,0.00,0.01,142,"14, 50, 79, 64, 64, 100, 100, 100, 100, 64, 79, 64",2026-07-14,"Image pack, Sitelinks, Reviews, Video, Image, Ads top, Video Carousel, People also ask, Related searches, Ads middle, AI overview",informational,Organic
gulzar sahab shayari in hindi,18,18,110,18,0.00,https://eknazariya.com/gulzar-shayari-1,0,0,0.00,0.01,142,"14, 50, 79, 64, 64, 100, 100, 100, 100, 64, 79, 64",2026-07-14,"Image pack, Sitelinks, Reviews, Video, Image, Ads top, Video Carousel, People also ask, Related searches, Ads middle, AI overview",informational,Organic
numberi shayari,13,13,110,22,0.00,https://eknazariya.com/,0,0,0.00,0,139,"1, 1, 24, 1, 1, 3, 1, 1, 1, 1, 100, 36",2026-06-25,"Reviews, Video, People also ask, Related searches",informational,Organic
sad shero shayari in hindi,23,23,110,27,0.00,https://eknazariya.com/best-sad-shayari,0,0,0.00,0.33,118,"65, 82, 100, 100, 65, 65, 65, 53, 53, 41, 41, 29",2026-08-13,"Image pack, Sitelinks, Reviews, Video, Image, Ads top, Ads bottom, People also ask, Related searches",informational,Organic
sher shayari in urdu,17,17,320,29,0.00,https://eknazariya.com/,0,0,0.00,0,128,"100, 81, 81, 81, 67, 81, 81, 81, 54, 54, 44, 67",2026-08-11,"Image pack, Reviews, Video, Image, Ads top, Ads bottom, Video Carousel, People also ask, Related searches",informational,Organic
shayari duniyadari,19,19,140,20,0.00,https://eknazariya.com/,0,0,0.00,0.33,119,"100, 82, 100, 82, 82, 100, 82, 82, 100, 82, 41, 41",2026-07-23,"Image pack, Reviews, Video, Image, People also ask, Related searches",informational,Organic
shayar ke liye shayari,11,11,140,31,0.00,https://eknazariya.com/,0,0,0.00,0.33,139,"82, 100, 100, 100, 82, 82, 100, 100, 82, 53, 53, 53",2026-07-13,"Image pack, Reviews, Video, Image, Video Carousel, People also ask, Related searches",informational,Organic
shayri urdu in hindi,9,9,110,27,0.00,https://eknazariya.com/,0,0,0.00,0,149,"64, 64, 64, 100, 100, 79, 100, 79, 100, 64, 79, 79",2026-07-07,"Knowledge panel, Image pack, Reviews, Video, Image, Ads top, Ads bottom, Video Carousel, People also ask, Related searches, AI overview",informational,Organic
good shayari for girl,25,25,110,19,0.00,https://eknazariya.com/,0,0,0.00,0,134,"1, 1, 1, 1, 1, 4, 4, 3, 100, 36, 19, 6",2026-06-24,"Sitelinks, Reviews, Video, Video Carousel, People also ask, Related searches",informational,Organic
sad sher shayari,22,22,390,20,0.00,https://eknazariya.com/best-sad-shayari,0,0,0.00,0.33,120,"81, 100, 81, 66, 66, 66, 66, 66, 36, 44, 54, 54",2026-07-05,"Image pack, Sitelinks, Reviews, Image, Related searches",informational,Organic
sufi ishq shayari,29,29,140,19,0.00,https://eknazariya.com/ishq-shayari,0,0,0.00,0.33,147,"82, 100, 82, 100, 65, 82, 82, 65, 82, 65, 53, 65",2026-07-08,"Image pack, Reviews, Video, People also ask, Related searches",informational,Organic
mirror shayari,26,26,480,23,0.00,https://eknazariya.com/,0,0,0.00,0.33,90,"100, 100, 100, 81, 100, 81, 100, 100, 81, 81, 81, 81",2026-07-13,"Image pack, Reviews, Image, People also ask, Related searches",informational,Organic
qawwali shayari,31,31,320,26,0.00,https://eknazariya.com/,0,0,0.00,0.33,122,"100, 82, 100, 100, 82, 100, 100, 100, 82, 82, 67, 54",2026-06-21,"Image pack, Reviews, Video, Related searches",informational,Organic
shayari hai,10,10,140,42,0.00,https://eknazariya.com/,0,0,0.00,0.33,142,"52, 67, 67, 52, 52, 81, 100, 100, 67, 81, 81, 81",2026-07-23,"Image pack, Reviews, Video, Image, Video Carousel, People also ask, Related searches, AI overview",informational,Organic
choti si shayari,16,16,140,27,0.00,https://eknazariya.com/,0,0,0.00,0.33,131,"52, 52, 67, 52, 52, 52, 81, 81, 100, 81, 100, 100",2026-06-26,"Image pack, Sitelinks, Reviews, Video, People also ask, Related searches",informational,Organic
purana shayari,11,11,110,22,0.00,https://eknazariya.com/,0,0,0.00,0.33,143,"53, 65, 65, 100, 82, 65, 65, 82, 53, 53, 65, 65",2026-07-10,"Image pack, Reviews, Video, Video Carousel, People also ask, Related searches",informational,Organic
sahar shayari,16,16,110,24,0.00,https://eknazariya.com/,0,0,0.00,0.33,155,"100, 100, 65, 65, 53, 65, 82, 100, 65, 53, 53, 65",2026-06-26,"Image pack, Reviews, Video, Image, People also ask, Related searches",informational,Organic
pyas shayari,15,15,170,23,0.00,https://eknazariya.com/,0,0,0.00,0.33,140,"9, 22, 53, 66, 66, 100, 66, 81, 53, 81, 12, 6",2026-07-16,"Image pack, Reviews, Video, People also ask, Related searches",informational,Organic
shayari for caption,20,20,170,27,0.00,https://eknazariya.com/,0,0,0.00,0.33,146,"100, 81, 100, 81, 81, 67, 81, 100, 67, 81, 67, 81",2026-06-27,"Image pack, People also ask, Related searches",informational,Organic
raste shayari in hindi,16,16,210,19,0.00,https://eknazariya.com/,0,0,0.00,0.33,130,"34, 53, 66, 34, 44, 66, 81, 100, 81, 66, 66, 44",2026-07-10,"Image pack, Reviews, Video, Image, People also ask, Related searches",informational,Organic
jigar shayari 2 line,31,31,140,9,0.00,https://eknazariya.com/,0,0,0.00,0.33,122,"81, 100, 81, 81, 81, 67, 81, 52, 67, 52, 52, 33",2026-08-10,"Reviews, Video, People also ask, Related searches, AI overview",informational,Organic
good shayari on life in hindi,18,18,140,18,0.00,https://eknazariya.com/,0,0,0.00,0,132,"16, 22, 28, 28, 28, 34, 34, 44, 44, 81, 100, 100",2026-07-13,"Image pack, Reviews, Video, Video Carousel, People also ask, Related searches",informational,Organic
shayari for special one,18,18,170,37,0.00,https://eknazariya.com/,0,0,0.00,0.33,140,"81, 100, 81, 100, 67, 100, 81, 81, 67, 81, 67, 52",2026-07-13,"Image pack, Reviews, Video, Image, Ads top, Ads bottom, People also ask, Related searches",informational,Organic
zakir khan poetry in hindi,12,12,140,10,0.00,https://eknazariya.com/zakir-khan-1,0,0,0.00,0.33,164,"52, 100, 100, 81, 67, 81, 81, 67, 67, 52, 33, 33",2026-07-24,"Image pack, Sitelinks, Reviews, Video, Image, Video Carousel, Related searches, AI overview","commercial, informational",Organic
purane jamane ki shayari,13,13,140,18,0.00,https://eknazariya.com/,0,0,0.00,0.33,87,"82, 82, 100, 65, 65, 100, 100, 65, 53, 65, 65, 65",2026-07-20,"Image pack, Reviews, Video, Image, Video Carousel, People also ask, Related searches",informational,Organic
khafa shayari,35,35,260,15,0.00,https://eknazariya.com/,0,0,0.00,0.33,142,"100, 67, 67, 54, 54, 44, 54, 44, 35, 35, 29, 35",2026-08-11,"Image pack, Reviews, Video, Image, People also ask, Related searches",informational,Organic
wali shayari,17,17,480,41,0.00,https://eknazariya.com/,0,0,0.00,0.33,127,"81, 81, 81, 100, 81, 100, 81, 81, 81, 81, 81, 81",2026-08-11,"Image pack, Reviews, Video, Video Carousel, People also ask, Related searches, AI overview",informational,Organic
rahgir songs,39,39,1300,33,0.00,https://eknazariya.com/rahgir,0,0,0.00,0.33,129,"81, 62, 81, 100, 62, 81, 100, 62, 62, 62, 55, 55",2026-07-14,"Reviews, Video, Featured snippet, Video Carousel, People also ask, Related searches","informational, transactional",Organic
shayar kaise bane,31,31,260,28,0.00,https://eknazariya.com/,0,0,0.00,0.33,65,"66, 81, 100, 81, 81, 66, 81, 81, 66, 66, 66, 66",2026-06-28,"Image pack, Video, People also ask, Related searches",informational,Organic
shayari on baatein,13,13,110,15,0.00,https://eknazariya.com/,0,0,0.00,0.33,134,"100, 100, 64, 79, 79, 64, 79, 64, 64, 64, 50, 50",2026-07-15,"Image pack, Reviews, Video, Related searches",informational,Organic
light shayari,15,15,320,28,0.00,https://eknazariya.com/,0,0,0.00,0.33,136,"24, 19, 30, 36, 100, 44, 55, 36, 44, 36, 10, 12",2026-07-11,"Image pack, Reviews, Video, People also ask, Related searches, AI overview",informational,Organic
shayari for singles,46,46,110,4,0.00,https://eknazariya.com/,0,0,0.00,0,144,"52, 43, 33, 24, 33, 43, 33, 43, 67, 81, 100, 43",2026-07-01,"Image pack, Sitelinks, Reviews, Video, Image, People also ask, Related searches",informational,Organic
sher dil shayari,15,15,110,19,0.00,https://eknazariya.com/,0,0,0.00,0.01,131,"100, 100, 100, 100, 79, 79, 79, 100, 64, 79, 64, 50",2026-07-13,"Image pack, Sitelinks, Reviews, Video, Video Carousel, People also ask, Related searches",informational,Organic
one line sher,15,15,320,23,0.00,https://eknazariya.com/,0,0,0.00,0.33,137,"5, 7, 29, 54, 54, 54, 81, 66, 66, 54, 81, 100",2026-07-12,"Image pack, Sitelinks, Reviews, Video, Ads bottom, People also ask, Related searches",informational,Organic
kisi ke jane par shayari,10,10,110,21,0.00,https://eknazariya.com/,0,0,0.00,0.33,145,"65, 29, 29, 41, 65, 65, 65, 82, 65, 65, 65, 100",2026-07-13,"Image pack, Reviews, Video, Image, Video Carousel, People also ask, Related searches",informational,Organic
february shayari in hindi,48,48,210,27,0.00,https://eknazariya.com/,0,0,0.00,0.33,123,"1, 2, 7, 14, 11, 14, 21, 59, 100, 21, 1, 1",2026-07-19,"Image pack, Reviews, Video, Image, Video Carousel, People also ask, Related searches",informational,Organic
shayari apno ke liye,18,18,170,27,0.00,https://eknazariya.com/,0,0,0.00,0.33,125,"67, 67, 67, 81, 81, 81, 100, 52, 67, 81, 81, 67",2026-08-07,"Image pack, Reviews, Video, Video Carousel, People also ask, Related searches",informational,Organic
dhoop quotes in hindi,35,35,140,18,0.00,https://eknazariya.com/,0,0,0.00,0.33,132,"2, 2, 2, 2, 81, 35, 100, 4, 4, 100, 2, 2",2026-08-02,"Image pack, Reviews, Video, Image, People also ask, Related searches",informational,Organic
feeling shayari hindi,33,33,140,16,0.00,https://eknazariya.com/,0,0,0.00,0.33,137,"81, 67, 100, 100, 67, 52, 81, 81, 67, 67, 67, 52",2026-07-04,"Image pack, Sitelinks, Reviews, Video, Video Carousel, Related searches",informational,Organic
best 1 line shayari in hindi,22,22,140,,0.00,https://eknazariya.com/,0,0,0.00,0.33,143,"15, 27, 35, 42, 35, 42, 100, 54, 54, 65, 100, 65",2026-07-22,"Sitelinks, Video, People also ask, Related searches",commercial,Organic
kisiki nazar na lage shayari,20,20,140,20,0.00,https://eknazariya.com/,0,0,0.00,0.33,122,"54, 65, 54, 54, 42, 65, 100, 65, 81, 42, 35, 35",2026-08-05,"Sitelinks, Reviews, Video, Image, Video Carousel, People also ask, Related searches, AI overview",informational,Organic
today shayari in hindi,8,8,140,41,0.00,https://eknazariya.com/,0,0,0.00,0.33,135,"52, 67, 67, 52, 67, 81, 100, 100, 33, 43, 33, 33",2026-08-01,"Image pack, Reviews, Video, People also ask, Related searches",informational,Organic
shayari hi shayari,12,12,140,37,0.00,https://eknazariya.com/,0,0,0.00,0.33,138,"65, 82, 82, 65, 82, 82, 100, 82, 65, 65, 65, 53",2026-08-14,"Image pack, Reviews, Video, Image, People also ask, Related searches",informational,Organic
sonchiriya dialogues,50,50,110,32,0.00,https://eknazariya.com/movie-shayari-1,0,0,0.00,0,106,"3, 28, 34, 28, 28, 44, 100, 53, 66, 0, 0, 0",2026-07-31,"Image pack, Reviews, Video, Image, Video Carousel, People also ask, Related searches, AI overview",informational,Organic
shortcut shayari,13,13,110,29,0.00,https://eknazariya.com/,0,0,0.00,0,131,"33, 43, 67, 81, 67, 67, 43, 52, 43, 43, 43, 100",2026-07-02,"Image pack, Reviews, Video, People also ask, Related searches",informational,Organic
rone par shayari,25,25,170,28,0.00,https://eknazariya.com/,0,0,0.00,0.33,136,"100, 54, 54, 65, 65, 65, 54, 81, 65, 42, 35, 35",2026-07-23,"Image pack, Sitelinks, Reviews, Video, Featured snippet, Image, People also ask, Related searches",informational,Organic
mirza ghalib sher,30,30,210,17,0.20,https://eknazariya.com/ghalib-shayari,0,0,0.00,0.01,121,"44, 29, 100, 44, 29, 44, 81, 44, 23, 23, 67, 35",2026-07-07,"Image pack, Reviews, Video, Image, Ads top, Ads bottom, People also ask, Related searches",informational,Organic
hasna shayari,22,22,140,18,0.00,https://eknazariya.com/,0,0,0.00,0.33,149,"81, 100, 81, 67, 81, 67, 81, 100, 52, 52, 52, 43",2026-07-11,"Image pack, Reviews, Video, Image, People also ask, Related searches",informational,Organic
best hashtags for poetry on instagram,27,27,110,19,0.00,https://eknazariya.com/hashtags-%23shayri,0,0,0.00,0,110,"1, 1, 54, 1, 100, 4, 19, 3, 1, 1, 1, 3",2026-06-23,"Sitelinks, Video, People also ask, Related searches, AI overview",commercial,Organic
all new shayari,11,11,110,43,0.00,https://eknazariya.com/,0,0,0.00,0,104,"43, 33, 43, 67, 52, 100, 52, 52, 43, 67, 33, 52",2026-07-10,"Image pack, Reviews, Ads bottom, Video Carousel, People also ask, Related searches, Ads middle",informational,Organic
hindi shayari in written,10,10,110,38,0.00,https://eknazariya.com/,0,0,0.00,0.33,152,"19, 43, 81, 81, 81, 81, 81, 100, 67, 14, 14, 10",2026-08-13,"Reviews, Video, People also ask, Related searches, AI overview",informational,Organic
1 line shayri,17,17,170,3,0.00,https://eknazariya.com/,0,0,0.00,0,139,"81, 100, 81, 81, 65, 65, 65, 65, 65, 35, 12, 15",2026-07-10,"Image pack, Sitelinks, Reviews, Video, Related searches",informational,Organic
ishq shayari english,34,34,260,23,0.00,https://eknazariya.com/ishq-shayari,0,0,0.00,0.33,115,"29, 35, 44, 54, 67, 67, 100, 67, 81, 44, 54, 44",2026-08-10,"Image pack, Video, Image, Ads top, Ads bottom, People also ask, Related searches",informational,Organic
apne aap par shayari,16,16,260,11,0.00,https://eknazariya.com/,0,0,0.00,0.33,107,"81, 100, 100, 100, 100, 81, 100, 100, 100, 100, 81, 81",2026-06-23,"Sitelinks, Reviews, Video, Ads bottom, People also ask, Related searches, AI overview",informational,Organic
shayarilovers,24,24,590,33,0.00,https://eknazariya.com/,0,0,0.00,0.33,598000,"55, 67, 82, 82, 82, 82, 82, 100, 82, 67, 55, 55",2026-06-22,"Sitelinks, Reviews, Video, Related searches",navigational,Organic
shayarilovers,30,30,590,33,0.00,https://eknazariya.com/,0,0,0.00,0.33,598000,"55, 67, 82, 82, 82, 82, 82, 100, 82, 67, 55, 55",2026-06-22,"Sitelinks, Reviews, Video, Related searches",navigational,Organic
shero shayari status,10,10,140,27,0.00,https://eknazariya.com/,0,0,0.00,0.07,144,"65, 100, 100, 82, 100, 82, 82, 65, 82, 82, 53, 65",2026-07-12,"Image pack, Reviews, Video, Video Carousel, People also ask, Related searches, Ads middle",informational,Organic
light shayari in hindi,19,19,170,19,0.00,https://eknazariya.com/,0,0,0.00,0.33,128,"36, 36, 23, 44, 100, 54, 36, 28, 23, 36, 36, 54",2026-07-11,"Image pack, Reviews, Video, People also ask, Related searches, AI overview",informational,Organic
modern shayari,14,14,110,43,0.00,https://eknazariya.com/,0,0,0.00,0.33,109,"100, 100, 79, 79, 79, 79, 79, 64, 79, 50, 64, 64",2026-08-13,"Image pack, Reviews, Video, Image, Ads top, Ads bottom, People also ask, Related searches",informational,Organic
naina shayari in hindi,16,16,140,23,0.00,https://eknazariya.com/,0,0,0.00,0.33,131,"67, 67, 67, 67, 52, 81, 67, 52, 43, 100, 52, 24",2026-07-11,"Image pack, Reviews, Video, Image, People also ask, Related searches, AI overview",informational,Organic
2023 shayari,17,17,390,30,0.33,https://eknazariya.com/,0,0,0.00,0,126,"0, 0, 0, 0, 0, 0, 0, 0, 0, 0, 0, 100",2026-08-02,"Knowledge panel, Image pack, Reviews, Video, Video Carousel, People also ask, AI overview",informational,Organic
competition shayari in hindi,18,18,110,24,0.00,https://eknazariya.com/,0,0,0.00,0.33,128,"41, 65, 100, 82, 53, 65, 82, 82, 65, 65, 65, 53",2026-06-24,"Image pack, Reviews, Video, Image, Video Carousel, People also ask, Related searches",informational,Organic
pagalpan shayari,27,27,170,9,0.00,https://eknazariya.com/,0,0,0.00,0.33,125,"67, 81, 81, 81, 67, 100, 81, 81, 100, 52, 43, 52",2026-08-09,"Image pack, Reviews, Video, Video Carousel, Related searches",informational,Organic
nazar wali shayari,14,14,210,19,0.00,https://eknazariya.com/,0,0,0.00,0.33,147,"81, 65, 81, 65, 65, 100, 100, 81, 81, 54, 65, 54",2026-08-01,"Image pack, Sitelinks, Reviews, Video, Image, People also ask, Related searches",informational,Organic
special person shayari,18,18,260,37,0.00,https://eknazariya.com/,0,0,0.00,0.33,144,"67, 100, 82, 67, 82, 82, 82, 54, 67, 44, 44, 44",2026-07-14,"Image pack, Sitelinks, Reviews, Video, Image, People also ask, Related searches",informational,Organic
best shayari status,18,18,210,38,0.00,https://eknazariya.com/,0,0,0.00,0.33,131,"100, 100, 81, 81, 54, 81, 81, 81, 65, 65, 65, 65",2026-07-04,"Image pack, Reviews, Video, Featured snippet, People also ask, Related searches",commercial,Organic
badalna shayari,17,17,260,18,0.00,https://eknazariya.com/,0,0,0.00,0.33,130,"100, 100, 100, 82, 67, 54, 67, 82, 54, 54, 54, 54",2026-07-13,"Image pack, Reviews, Video, Video Carousel, People also ask, Related searches",informational,Organic
gulzar shayari on flowers,29,29,260,24,0.00,https://eknazariya.com/gulzar-shayari-1,0,0,0.00,0.33,142,"3, 5, 29, 54, 66, 66, 66, 44, 29, 29, 54, 100",2026-07-11,"Image pack, Reviews, Video, Image, Ads top, Ads bottom, Video Carousel, People also ask, AI overview",informational,Organic
aashiqui shayari,49,49,1600,20,0.10,https://eknazariya.com/ishq-shayari,0,0,0.00,0.33,133,"84, 100, 100, 84, 84, 84, 84, 84, 68, 68, 68, 68",2026-07-16,"Image pack, Reviews, Video, Image, People also ask, Related searches",informational,Organic
diya shayari,10,10,110,29,0.00,https://eknazariya.com/,0,0,0.00,0.33,152,"12, 2, 81, 100, 36, 2, 2, 2, 2, 2, 2, 8",2026-07-21,"Image pack, Reviews, Video, Video Carousel, People also ask, Related searches",informational,Organic
whatsapp about shayari in hindi,19,19,260,30,0.00,https://eknazariya.com/,0,0,0.00,0.33,145,"6, 19, 54, 67, 67, 67, 100, 100, 81, 81, 35, 29",2026-07-09,"Reviews, Video, People also ask, Related searches","commercial, informational",Organic
nawaz ki shayari,25,25,590,21,0.00,https://eknazariya.com/,0,0,0.00,0.33,121,"4, 11, 48, 88, 88, 72, 100, 100, 100, 100, 1, 1",2026-07-19,"Image pack, Reviews, Video, Image, Video Carousel, People also ask, Related searches",informational,Organic
gulzar ke sher,10,10,110,21,0.00,https://eknazariya.com/gulzar-shayari-1,0,0,0.00,0.01,133,"79, 100, 64, 79, 79, 79, 100, 79, 64, 50, 64, 50",2026-08-05,"Knowledge panel, Reviews, Video, Image, Ads top, Ads bottom, Video Carousel, People also ask, Related searches","informational, transactional",Organic
faltu shayari in hindi,11,11,140,26,0.00,https://eknazariya.com/,0,0,0.00,0.33,88,"24, 24, 67, 81, 81, 81, 100, 100, 100, 81, 24, 14",2026-07-19,"Image pack, Reviews, Video, People also ask, Related searches",informational,Organic
serious shayari,13,13,170,25,0.00,https://eknazariya.com/,0,0,0.00,0.01,145,"81, 100, 81, 81, 65, 65, 81, 65, 65, 65, 54, 65",2026-07-10,"Image pack, Reviews, Video, People also ask, Related searches",informational,Organic
hindi shayari pdf,21,21,110,22,0.00,https://eknazariya.com/,0,0,0.00,0.01,122,"28, 9, 66, 3, 100, 53, 81, 9, 6, 3, 28, 22",2026-06-24,"Image pack, Reviews, Related searches",commercial,Organic
jarurat shayari,18,18,590,21,0.00,https://eknazariya.com/,0,0,0.00,0.33,147,"100, 100, 82, 100, 82, 67, 67, 67, 54, 67, 54, 54",2026-07-10,"Image pack, Reviews, Video, People also ask, Related searches",informational,Organic
new sad shayri in hindi,26,26,390,26,0.00,https://eknazariya.com/best-sad-shayari,0,0,0.00,0.33,120,"54, 36, 44, 29, 36, 54, 44, 29, 67, 100, 82, 82",2026-08-10,"Sitelinks, Reviews, Video, Video Carousel, People also ask, Related searches, AI overview",informational,Organic
top sms in hindi,18,18,170,25,0.00,https://eknazariya.com/,0,0,0.00,0.33,102,"100, 3, 2, 2, 1, 1, 1, 4, 25, 8, 3, 1",2026-06-21,"Reviews, People also ask, Related searches, AI overview","commercial, informational",Organic
share and shayari,11,11,260,28,0.00,https://eknazariya.com/,0,0,0.00,0.01,144,"100, 67, 16, 19, 24, 30, 30, 16, 12, 12, 30, 30",2026-08-20,"Image pack, Reviews, Video, Image, Video Carousel, People also ask, Related searches, AI overview",informational,Organic
dil par shayari,23,23,480,20,0.00,https://eknazariya.com/,0,0,0.00,0.33,135,"100, 100, 81, 81, 66, 81, 81, 100, 100, 100, 66, 54",2026-07-07,"Image pack, Reviews, Video, Image, Video Carousel, People also ask, Related searches",informational,Organic
comedy queen nayana shayari,30,30,880,28,0.00,https://eknazariya.com/best-funny-shayari,0,0,0.00,0,2000000,"3, 11, 55, 100, 100, 77, 100, 100, 100, 100, 0, 0",2026-07-11,"Sitelinks, Reviews, Video, People also ask, Related searches, AI overview",informational,Organic
rona shayari in hindi,16,16,110,16,0.00,https://eknazariya.com/,0,0,0.00,0.01,120,"18, 29, 29, 29, 82, 65, 82, 100, 100, 65, 65, 65",2026-08-10,"Image pack, Reviews, Video, Featured snippet, Image, Ads top, Ads bottom, Video Carousel, People also ask, Related searches",informational,Organic
nayak shayari,21,21,480,14,0.00,https://eknazariya.com/,0,0,0.00,0.33,117,"29, 54, 82, 67, 67, 82, 100, 82, 82, 36, 36, 44",2026-08-08,"Reviews, Video, Video Carousel, People also ask, Related searches",informational,Organic
shayari sher shayari,8,8,170,24,0.00,https://eknazariya.com/,0,0,0.00,0,141,"81, 81, 81, 81, 100, 81, 52, 100, 81, 67, 81, 81",2026-07-12,"Image pack, Reviews, Video, Video Carousel, People also ask, Related searches",informational,Organic
ghalib ki ghazlain,31,31,320,27,0.00,https://eknazariya.com/ghalib-shayari,0,0,0.00,0,129,"23, 29, 44, 44, 100, 81, 81, 81, 54, 81, 67, 67",2026-08-05,"Knowledge panel, Image pack, Reviews, Video, Image, Video Carousel, People also ask, Related searches, AI overview",informational,Organic
4 line shayari in hindi,31,31,590,14,0.00,https://eknazariya.com/,0,0,0.00,0.33,139,"82, 67, 82, 67, 82, 100, 100, 82, 82, 67, 54, 54",2026-07-29,"Image pack, Reviews, Video, Image, People also ask, Related searches",informational,Organic
latest shayris,11,11,260,43,0.00,https://eknazariya.com/,0,0,0.00,0.67,153,"100, 82, 67, 82, 82, 82, 67, 67, 67, 44, 18, 13",2026-07-10,"Image pack, Reviews, Video, Ads bottom, Video Carousel, People also ask, Related searches, Ads middle",informational,Organic
jigar moradabadi,38,38,1900,22,0.25,https://eknazariya.com/jigar-moradabadi,0,0,0.00,0.33,112,"79, 79, 100, 79, 100, 100, 100, 79, 54, 67, 67, 54",2026-07-29,"Knowledge panel, Reviews, Video, Image, Video Carousel, People also ask, Related searches, Short videos","informational, transactional",Organic
kamar shayari in hindi,21,21,140,17,0.00,https://eknazariya.com/,0,0,0.00,0.01,125,"2, 3, 6, 12, 100, 1, 12, 24, 1, 3, 2, 2",2026-07-19,"Image pack, Reviews, Video, Image, Related searches",informational,Organic
shayari on mehfil,20,20,110,23,0.00,https://eknazariya.com/mehfil-shayari,0,0,0.00,0.33,144,"79, 100, 79, 100, 100, 100, 100, 64, 79, 79, 64, 50",2026-08-16,"Image pack, Reviews, Video, Image, People also ask, Related searches",informational,Organic
shayari film,21,21,480,26,0.00,https://eknazariya.com/movie-shayari-1,0,0,0.00,0.33,123,"17, 100, 46, 21, 14, 14, 14, 17, 11, 14, 11, 14",2026-07-10,"Image pack, Reviews, Video, Image, People also ask, Related searches","informational, navigational",Organic
dur shayari,12,12,110,19,0.00,https://eknazariya.com/,0,0,0.00,0.33,148,"100, 82, 82, 82, 65, 53, 65, 65, 53, 53, 41, 41",2026-07-21,"Image pack, Sitelinks, Reviews, Video, People also ask, Related searches",informational,Organic
office shayari,22,22,210,22,0.00,https://eknazariya.com/,0,0,0.00,0.33,118,"81, 100, 81, 81, 81, 81, 81, 65, 54, 42, 54, 81",2026-07-11,"Image pack, Reviews, Video, Image, Video Carousel, People also ask, Related searches",informational,Organic
galib ke sher,19,19,260,27,0.00,https://eknazariya.com/ghalib-shayari,0,0,0.00,0,143,"82, 44, 54, 54, 54, 54, 44, 44, 67, 100, 82, 67",2026-07-17,"Image pack, Reviews, Video, Image, Video Carousel, People also ask, Related searches, AI overview",informational,Organic
meaningful shayari,14,14,210,28,0.00,https://eknazariya.com/,0,0,0.00,0.33,148,"100, 100, 100, 100, 81, 100, 100, 100, 65, 65, 65, 65",2026-07-06,"Image pack, Reviews, Video, Ads bottom, People also ask, Related searches, Ads middle",informational,Organic
12th class shayari,21,21,140,22,0.00,https://eknazariya.com/,0,0,0.00,0.33,121,"16, 22, 34, 28, 28, 34, 53, 100, 81, 44, 53, 53",2026-07-15,"Image pack, Reviews, Video, Image, Video Carousel, People also ask, Related searches, AI overview",informational,Organic
the shayari,1,1,170,40,0.00,https://eknazariya.com/,0,0,0.00,0.33,149,"100, 81, 100, 81, 81, 67, 81, 81, 67, 67, 67, 67",2026-08-17,"Knowledge panel, Reviews, Video, Video Carousel, People also ask, Related searches, AI overview",informational,AI overview
farvari shayari,31,31,320,28,0.00,https://eknazariya.com/,0,0,0.00,0.33,122,"2, 8, 36, 54, 66, 66, 81, 100, 100, 100, 15, 24",2026-07-17,"Reviews, Video, Video Carousel, People also ask, Related searches, AI overview",informational,Organic
rd shayari,11,11,110,27,0.00,https://eknazariya.com/,0,0,0.00,0.33,150,"8, 1, 1, 2, 1, 16, 12, 6, 12, 100, 1, 1",2026-06-30,"Reviews, Video, People also ask, Related searches, AI overview",informational,Organic
hago shayari,21,21,170,24,0.00,https://eknazariya.com/,0,0,0.00,0,3390000,"3, 9, 53, 81, 100, 81, 100, 100, 81, 100, 0, 0",2026-07-19,"Reviews, People also ask, AI overview",informational,Organic
shayari kahani,16,16,110,24,0.00,https://eknazariya.com/,0,0,0.00,0.33,146,"100, 100, 79, 100, 79, 100, 100, 79, 64, 64, 79, 79",2026-07-23,"Image pack, Reviews, Video, Video Carousel, People also ask, Related searches","informational, transactional",Organic
tere ishq mein quotes,33,33,110,23,0.00,https://eknazariya.com/ishq-shayari,0,0,0.00,0.33,123,"2, 2, 2, 2, 10, 54, 100, 44, 35, 23, 19, 15",2026-07-02,"Image pack, Reviews, Video, Image, People also ask, Related searches",informational,Organic
duniyadari quotes in hindi,21,21,140,21,0.00,https://eknazariya.com/,0,0,0.00,0.33,122,"65, 100, 82, 100, 82, 100, 65, 100, 82, 82, 82, 53",2026-07-02,"Image pack, Reviews, Video, Image, People also ask, Related searches",informational,Organic
copy paste shayari,27,27,590,24,0.00,https://eknazariya.com/,0,0,0.00,0,110,"100, 100, 100, 100, 100, 100, 100, 100, 100, 100, 81, 81",2026-08-14,"Reviews, Video, People also ask, Related searches, AI overview",commercial,Organic
shukriya shayari in hindi,37,37,390,17,0.00,https://eknazariya.com/,0,0,0.00,0.33,119,"66, 81, 66, 100, 66, 66, 66, 66, 54, 44, 36, 24",2026-06-21,"Image pack, Sitelinks, Reviews, Video, Image, People also ask, Related searches",informational,Organic
shukriya shayari in hindi,39,39,390,17,0.00,https://eknazariya.com/,0,0,0.00,0.33,119,"66, 81, 66, 100, 66, 66, 66, 66, 54, 44, 36, 24",2026-06-21,"Image pack, Sitelinks, Reviews, Video, Image, People also ask, Related searches",informational,Organic
watch shayari,18,18,260,25,0.00,https://eknazariya.com/,0,0,0.00,0,146,"67, 54, 54, 67, 67, 67, 67, 100, 67, 44, 44, 36",2026-08-05,"Image pack, Sitelinks, Reviews, Video, People also ask, Related searches",informational,Organic
watch shayari,20,20,260,25,0.00,https://eknazariya.com/,0,0,0.00,0,146,"67, 54, 54, 67, 67, 67, 67, 100, 67, 44, 44, 36",2026-08-05,"Image pack, Sitelinks, Reviews, Video, People also ask, Related searches",informational,Organic
chinar shayari,28,28,260,28,0.00,https://eknazariya.com/,0,0,0.00,0.33,124,"82, 100, 82, 82, 82, 100, 82, 67, 67, 44, 44, 36",2026-07-31,"Image pack, Reviews, Video, People also ask, Related searches, AI overview",informational,Organic
chinar shayari,29,29,260,28,0.00,https://eknazariya.com/,0,0,0.00,0.33,124,"82, 100, 82, 82, 82, 100, 82, 67, 67, 44, 44, 36",2026-07-31,"Image pack, Reviews, Video, People also ask, Related searches, AI overview",informational,Organic
apna shayari,17,17,170,21,0.00,https://eknazariya.com/,0,0,0.00,0.33,143,"81, 81, 100, 81, 65, 65, 81, 65, 54, 65, 81, 54",2026-08-02,"Image pack, Reviews, Video, Video Carousel, People also ask, Related searches",informational,Organic
urdu ghazal lyrics in hindi,33,33,260,23,0.00,https://eknazariya.com/,0,0,0.00,0.33,146,"15, 19, 44, 35, 44, 54, 67, 44, 54, 81, 100, 67",2026-07-24,"Image pack, Reviews, Video, Video Carousel, People also ask, Related searches",informational,Organic
strong shayari,15,15,260,31,0.00,https://eknazariya.com/,0,0,0.00,0.33,139,"81, 81, 81, 66, 81, 81, 100, 66, 66, 66, 81, 66",2026-07-27,"Image pack, Reviews, Video, Image, Ads bottom, People also ask, Related searches",informational,Organic
shayari on shayari,9,9,110,49,0.00,https://eknazariya.com/,0,0,0.00,0,149,"65, 65, 53, 82, 65, 82, 82, 100, 82, 65, 65, 65",2026-07-01,"Knowledge panel, Reviews, Video, Video Carousel, People also ask, Related searches",informational,Organic
shayari on shayari,11,11,110,49,0.00,https://eknazariya.com/,0,0,0.00,0,149,"65, 65, 53, 82, 65, 82, 82, 100, 82, 65, 65, 65",2026-07-01,"Knowledge panel, Reviews, Video, Video Carousel, People also ask, Related searches",informational,Organic
apni shayari,19,19,260,28,0.00,https://eknazariya.com/,0,0,0.00,0.33,108,"82, 82, 100, 67, 54, 54, 67, 54, 54, 44, 36, 36",2026-07-02,"Image pack, Reviews, Video, Video Carousel, People also ask, Related searches",informational,Organic
shayari hd,15,15,260,26,0.00,https://eknazariya.com/,0,0,0.00,0.33,133,"100, 81, 100, 81, 100, 100, 81, 81, 53, 66, 66, 81",2026-07-26,"Image pack, Reviews, Image, Related searches, AI overview",informational,Organic
damdar shayari,31,31,590,30,0.00,https://eknazariya.com/,0,0,0.00,0,139,"67, 67, 67, 67, 55, 55, 55, 67, 100, 100, 82, 82",2026-06-24,"Image pack, Reviews, Video, People also ask, Related searches",informational,Organic
shayari pdf,24,24,480,26,0.00,https://eknazariya.com/,0,0,0.00,0.33,120,"81, 100, 100, 81, 81, 100, 81, 66, 66, 54, 54, 54",2026-08-12,"Image pack, Reviews, Image, Related searches, AI overview",informational,Organic
ishq in hindi font,42,42,170,26,0.00,https://eknazariya.com/ishq-shayari,0,0,0.00,0.33,124,"81, 81, 81, 81, 81, 67, 81, 100, 100, 67, 67, 52",2026-08-16,"Image pack, Reviews, Video, People also ask, Related searches, AI overview",informational,Organic
mirza ghalib motivational shayari,9,9,140,18,0.00,https://eknazariya.com/ghalib-shayari,0,0,0.00,0.33,148,"10, 1, 1, 1, 1, 44, 44, 100, 1, 1, 1, 1",2026-08-06,"Image pack, Reviews, Video, Image, People also ask, Related searches, AI overview",informational,Organic
rasta quotes in hindi,12,12,110,23,0.00,https://eknazariya.com/,0,0,0.00,0.33,127,"100, 82, 65, 65, 65, 82, 53, 65, 53, 65, 53, 65",2026-07-12,"Image pack, Reviews, Video, Featured snippet, Image, People also ask, Related searches",informational,Organic
shayari copy paste hindi,25,25,110,30,0.00,https://eknazariya.com/,0,0,0.00,0.33,104,"79, 100, 100, 64, 79, 100, 100, 50, 79, 64, 100, 50",2026-08-13,"Reviews, Video, People also ask, Related searches",commercial,Organic
baat shayari,26,26,260,8,0.00,https://eknazariya.com/,0,0,0.00,0.33,107,"82, 67, 67, 54, 44, 54, 67, 82, 67, 100, 36, 36",2026-07-08,"Image pack, Sitelinks, Reviews, Video, People also ask, Related searches",informational,Organic
shayari hindi writing,12,12,210,37,0.00,https://eknazariya.com/,0,0,0.00,0.33,152,"18, 44, 67, 67, 67, 82, 100, 67, 82, 3, 8, 10",2026-07-20,"Image pack, Reviews, Video, Image, People also ask, Related searches, AI overview",informational,Organic
gajra shayari in hindi,24,24,110,26,0.00,https://eknazariya.com/,0,0,0.00,0.33,128,"52, 52, 67, 100, 43, 19, 43, 24, 43, 43, 67, 43",2026-08-12,"Image pack, Reviews, Video, Image, People also ask, Related searches, AI overview",informational,Organic
sher on zindagi,20,20,110,22,0.00,https://eknazariya.com/,0,0,0.00,0,126,"100, 79, 100, 79, 64, 79, 64, 64, 79, 64, 50, 64",2026-08-10,"Image pack, Reviews, Video, Image, Ads top, Ads bottom, Related searches",informational,Organic
raste par shayari,20,20,170,24,0.00,https://eknazariya.com/,0,0,0.00,0.33,132,"100, 81, 81, 81, 65, 65, 81, 65, 54, 54, 65, 54",2026-07-09,"Image pack, Reviews, Video, Featured snippet, Image, People also ask, Related searches",informational,Organic
mehfil e shayari,13,13,260,24,0.00,https://eknazariya.com/mehfil-shayari,0,0,0.00,0.33,143,"81, 67, 100, 67, 67, 67, 67, 44, 35, 35, 35, 23",2026-07-28,"Image pack, Reviews, Video, Image, Video Carousel, People also ask, Related searches",informational,Organic
nai nai shayari,13,13,140,34,0.00,https://eknazariya.com/,0,0,0.00,0.01,137,"23, 36, 28, 36, 28, 28, 100, 36, 28, 28, 23, 23",2026-07-07,"Image pack, Reviews, Video, Video Carousel, People also ask, Related searches",informational,Organic
saaf dil shayari,34,34,110,24,0.00,https://eknazariya.com/,0,0,0.00,0.33,115,"79, 100, 100, 79, 79, 100, 64, 64, 64, 36, 50, 50",2026-07-11,"Image pack, Sitelinks, Reviews, Video, Image, People also ask, Related searches, AI overview",informational,Organic
hashtags for instagram poetry,26,26,210,15,0.00,https://eknazariya.com/hashtags-%23shayri,0,0,0.00,0.33,108,"81, 81, 100, 81, 81, 66, 66, 44, 34, 28, 66, 34",2026-07-09,"Video, People also ask, Related searches, AI overview",informational,Organic
how to write shayari in hindi,12,12,320,25,0.00,https://eknazariya.com/,0,0,0.00,0.33,124,"24, 24, 30, 19, 24, 36, 36, 24, 30, 55, 55, 100",2026-08-02,"Image pack, Reviews, Video, Video Carousel, People also ask, Related searches, AI overview",informational,Organic
nazro par shayari,12,12,110,19,0.00,https://eknazariya.com/,0,0,0.00,0.33,131,"82, 82, 65, 100, 82, 65, 65, 53, 29, 53, 41, 65",2026-07-06,"Image pack, Reviews, Video, Image, People also ask, Related searches",informational,Organic
surat shayari,27,27,110,19,0.00,https://eknazariya.com/,0,0,0.00,0.33,148,"100, 100, 100, 79, 79, 64, 64, 79, 64, 64, 79, 50",2026-07-13,"Image pack, Reviews, Video, Image, People also ask, Related searches",informational,Organic
karna shayari,9,9,110,17,0.00,https://eknazariya.com/,0,0,0.00,0.33,130,"82, 65, 100, 65, 65, 65, 65, 65, 41, 53, 41, 53",2026-07-30,"Image pack, Reviews, Video, Video Carousel, People also ask, Related searches",informational,Organic
care shayari in hindi,24,24,390,16,0.00,https://eknazariya.com/,0,0,0.00,0.33,74,"100, 100, 81, 100, 81, 100, 100, 81, 81, 67, 54, 54",2026-07-22,"Image pack, Reviews, Video, People also ask, Related searches",informational,Organic
pj shayari,11,11,110,16,0.00,https://eknazariya.com/,0,0,0.00,0.33,149,"100, 64, 64, 64, 64, 79, 100, 79, 100, 79, 64, 79",2026-06-28,"Image pack, Reviews, Video, Video Carousel, People also ask, Related searches, AI overview",informational,Organic
shayari on kavi,19,19,320,20,0.00,https://eknazariya.com/,0,0,0.00,0.33,150,"12, 54, 100, 81, 81, 81, 81, 81, 100, 2, 2, 2",2026-07-20,"Reviews, Video, Video Carousel, People also ask, Related searches",informational,Organic
zakir khan book,47,47,480,23,0.00,https://eknazariya.com/zakir-khan-1,0,0,0.00,0.01,138,"21, 21, 100, 59, 59, 48, 48, 48, 39, 48, 32, 17",2026-06-23,"Image pack, Sitelinks, Reviews, Video, Image, Video Carousel, People also ask, Related searches, AI overview",informational,Organic
krantikari shayari,16,16,320,18,0.00,https://eknazariya.com/,0,0,0.00,0.33,133,"54, 100, 67, 54, 54, 44, 81, 44, 44, 44, 44, 100",2026-08-01,"Image pack, Reviews, Video, Image, People also ask, Related searches",informational,Organic
sairy urdu,13,13,110,30,0.00,https://eknazariya.com/,0,0,0.00,0,192,"81, 43, 67, 100, 81, 43, 43, 43, 33, 33, 33, 43",2026-07-28,"Knowledge panel, Reviews, Video, Related searches",informational,Organic
old shayar,10,10,140,36,0.00,https://eknazariya.com/,0,0,0.00,0,128,"100, 100, 67, 67, 81, 81, 52, 67, 52, 43, 43, 67",2026-07-05,"Image pack, Reviews, Video, Video Carousel, People also ask, Related searches, AI overview",informational,Organic
mirza ghalib shayari pdf hindi,38,38,170,12,0.00,https://eknazariya.com/ghalib-shayari,0,0,0.00,0.01,122,"28, 34, 34, 34, 44, 53, 100, 53, 53, 53, 53, 44",2026-07-30,"Reviews, Video, Related searches, AI overview",informational,Organic
best shayar name in hindi,15,15,110,21,0.00,https://eknazariya.com/,0,0,0.00,0.33,82,"100, 30, 12, 2, 1, 1, 1, 1, 1, 1, 1, 1",2026-07-27,"Image pack, Reviews, Featured snippet, People also ask, Related searches",informational,Organic
diya quotes in hindi,13,13,170,19,0.00,https://eknazariya.com/,0,0,0.00,0.33,145,"4, 3, 4, 11, 100, 16, 7, 8, 7, 5, 3, 2",2026-07-06,"Image pack, Reviews, Video, Image, People also ask, Related searches",informational,Organic
mojar shayari,11,11,320,25,0.00,https://eknazariya.com/,0,0,0.00,0.33,26600000,"3, 6, 19, 30, 55, 44, 44, 55, 82, 100, 1, 5",2026-07-08,"Reviews, Video, Video Carousel, People also ask, Related searches, AI overview",informational,Organic
shaher shayari,15,15,210,23,0.00,https://eknazariya.com/,0,0,0.00,0.33,149,"5, 10, 44, 82, 82, 82, 100, 82, 82, 82, 3, 3",2026-07-13,"Image pack, Reviews, Video, Image, People also ask, Related searches",informational,Organic
hindi sad shayri,35,35,320,23,0.09,https://eknazariya.com/best-sad-shayari,0,0,0.00,0.01,115,"100, 100, 81, 81, 67, 67, 67, 67, 44, 54, 54, 54",2026-07-12,"Sitelinks, Reviews, Video, Image, Related searches, AI overview",informational,Organic
story shayari hindi,13,13,140,38,0.00,https://eknazariya.com/,0,0,0.00,0.33,146,"52, 52, 67, 52, 81, 81, 81, 67, 67, 67, 81, 100",2026-07-20,"Image pack, Reviews, Video, Image, Video Carousel, People also ask, Related searches",commercial,Organic
letter shayari,13,13,260,25,0.00,https://eknazariya.com/,0,0,0.00,0.33,143,"36, 44, 54, 67, 67, 67, 100, 67, 67, 100, 28, 44",2026-07-04,"Image pack, Reviews, Video, Image, Video Carousel, People also ask, Related searches",informational,Organic
shayari singer,9,9,110,27,0.00,https://eknazariya.com/,0,0,0.00,0,143,"19, 100, 44, 2, 2, 54, 7, 7, 2, 2, 3, 2",2026-06-26,"Image pack, Reviews, Video, Video Carousel, People also ask, Related searches","informational, transactional",Organic
awaz shayari,21,21,210,17,0.00,https://eknazariya.com/,0,0,0.00,0.33,127,"100, 100, 81, 81, 81, 81, 66, 66, 53, 66, 53, 44",2026-07-07,"Image pack, Reviews, Video, Image, Video Carousel, People also ask, Related searches",informational,Organic
shabd shayari,11,11,110,19,0.00,https://eknazariya.com/,0,0,0.00,0.33,143,"79, 100, 100, 79, 64, 100, 64, 50, 79, 50, 50, 79",2026-08-13,"Image pack, Reviews, Video, People also ask, Related searches",informational,Organic
aaina shayari in hindi,25,25,320,9,0.00,https://eknazariya.com/,0,0,0.00,0.33,127,"67, 54, 81, 100, 100, 67, 67, 100, 81, 67, 44, 29",2026-06-23,"Image pack, Sitelinks, Reviews, Video, Image, People also ask, Related searches",informational,Organic
teri shayari,23,23,140,28,0.00,https://eknazariya.com/,0,0,0.00,0.33,126,"67, 67, 52, 67, 67, 67, 100, 67, 67, 67, 67, 52",2026-08-14,"Image pack, Reviews, Video, People also ask, Related searches, AI overview",informational,Organic
google shayari,13,13,1300,55,0.00,https://eknazariya.com/,0,0,0.00,0.33,121,"62, 62, 81, 100, 81, 81, 100, 100, 100, 100, 62, 81",2026-07-18,"Image pack, Reviews, Video, Video Carousel, People also ask, Related searches",informational,Organic
shayari quotes in hindi on life,20,20,110,20,0.00,https://eknazariya.com/,0,0,0.00,0.33,131,"41, 41, 41, 53, 100, 100, 65, 65, 41, 53, 53, 82",2026-07-22,"Image pack, Sitelinks, Reviews, Video, Featured snippet, Image, People also ask, Related searches",informational,Organic
babri masjid shayri,45,45,260,23,0.00,https://eknazariya.com/mehfil-shayari/f/%E0%A4%AE%E0%A4%82%E0%A4%A6%E0%A4%BF%E0%A4%B0-%E0%A4%94%E0%A4%B0-%E0%A4%AE%E0%A4%B8%E0%A5%8D%E0%A4%9C%E0%A4%BF%E0%A4%A6,0,0,0.00,0.33,121,"0, 0, 1, 1, 2, 4, 100, 2, 1, 1, 1, 1",2026-07-07,"Reviews, Video, Image, Video Carousel, People also ask, Related searches",informational,Organic
best shayari of gulzar in hindi,16,16,170,16,0.00,https://eknazariya.com/gulzar-shayari-1,0,0,0.00,0.33,139,"81, 100, 65, 42, 27, 35, 54, 42, 65, 65, 100, 65",2026-07-27,"Image pack, Sitelinks, Reviews, Video, Image, People also ask, Related searches, AI overview",informational,Organic
shayari gulzar ki,17,17,260,24,0.00,https://eknazariya.com/gulzar-shayari-1,0,0,0.00,0.33,137,"100, 81, 66, 66, 66, 66, 100, 81, 66, 66, 66, 66",2026-08-01,"Image pack, Sitelinks, Reviews, Video, People also ask, Related searches",informational,Organic
zakir khan lines,14,14,140,24,0.00,https://eknazariya.com/zakir-khan-1,0,0,0.00,0.33,192,"24, 24, 100, 81, 67, 67, 67, 81, 52, 67, 52, 33",2026-07-19,"Image pack, Reviews, Video, Image, Video Carousel, Related searches, AI overview",informational,Organic
muqaddar shayari,27,27,170,21,0.00,https://eknazariya.com/,0,0,0.00,0.33,129,"100, 100, 81, 67, 67, 100, 100, 67, 81, 52, 43, 52",2026-08-01,"Image pack, Reviews, Video, People also ask, Related searches",informational,Organic
filhal shayari,23,23,260,28,0.00,https://eknazariya.com/mehfil-shayari,0,0,0.00,0,147,"44, 29, 29, 29, 19, 24, 24, 24, 24, 100, 44, 24",2026-08-09,"Reviews, Video, Video Carousel, People also ask, Related searches, AI overview",informational,Organic
famous sher,15,15,170,20,0.00,https://eknazariya.com/,0,0,0.00,0.33,134,"81, 81, 100, 67, 81, 100, 100, 81, 67, 81, 100, 81",2026-08-16,"Image pack, Reviews, Video, People also ask, Related searches",informational,Organic
jaani ki shayari,19,19,110,27,0.00,https://eknazariya.com/,0,0,0.00,0.33,134,"6, 1, 2, 1, 16, 24, 100, 1, 2, 1, 1, 1",2026-07-30,"Image pack, Sitelinks, Reviews, Video, Image, Video Carousel, People also ask, Related searches, AI overview",informational,Organic
motivational nazm in hindi,7,7,110,19,0.00,https://eknazariya.com/,0,0,0.00,0.33,150,"44, 24, 100, 2, 2, 2, 5, 3, 7, 12, 2, 3",2026-07-25,"Image pack, Reviews, Video, Ads top, Video Carousel, People also ask, Related searches, AI overview",informational,Organic
shayari definition,26,26,110,26,0.00,https://eknazariya.com/,0,0,0.00,0.33,143,"79, 79, 100, 64, 50, 79, 64, 64, 64, 64, 79, 79",2026-08-01,"Sitelinks, Video, Video Carousel, People also ask, Related searches, AI overview",informational,Organic
shayari sundar,31,31,110,17,0.00,https://eknazariya.com/,0,0,0.00,0.01,137,"64, 100, 79, 64, 79, 50, 79, 79, 79, 64, 64, 64",2026-07-07,"Image pack, Reviews, Video, Video Carousel, People also ask, Related searches",informational,Organic
1 line shayri in hindi,15,15,140,22,0.00,https://eknazariya.com/,0,0,0.00,0.33,55800000,"6, 22, 34, 66, 66, 100, 81, 53, 53, 0, 0, 3",2026-08-08,"Image pack, Sitelinks, Reviews, Video, Featured snippet, People also ask, Related searches",informational,Organic
feeling shayari in hindi,32,32,480,19,0.00,https://eknazariya.com/,0,0,0.00,0.33,139,"81, 81, 100, 100, 100, 100, 100, 100, 100, 81, 81, 67",2026-07-14,"Image pack, Reviews, Video, Image, Ads top, People also ask, Related searches",informational,Organic
urdu words in hindi for shayari,22,22,140,26,0.00,https://eknazariya.com/,0,0,0.00,0.33,147,"82, 100, 100, 100, 82, 53, 100, 82, 65, 82, 53, 82",2026-07-02,"Reviews, Video, Image, Video Carousel, People also ask, Related searches, AI overview",informational,Organic
badalne wali shayari,19,19,170,17,0.00,https://eknazariya.com/,0,0,0.00,0.33,122,"54, 81, 100, 81, 65, 65, 65, 65, 54, 81, 65, 54",2026-07-05,"Image pack, Reviews, Video, Ads bottom, People also ask, Related searches, Ads middle",informational,Organic
shayari full,14,14,110,33,0.00,https://eknazariya.com/,0,0,0.00,0.01,150,"100, 79, 79, 64, 64, 79, 79, 100, 79, 64, 50, 50",2026-08-13,"Image pack, Reviews, Video, People also ask, Related searches, AI overview",informational,Organic
do lafz ki shayari,7,7,110,18,0.00,https://eknazariya.com/do-lafz-1,0,0,0.00,0.33,140,"12, 18, 53, 65, 65, 100, 100, 100, 82, 82, 18, 12",2026-06-26,"Image pack, Reviews, Video, Image, Video Carousel, People also ask, Related searches",informational,Organic
dil ki shayari in hindi,25,25,210,18,0.00,https://eknazariya.com/,0,0,0.00,0.01,132,"28, 34, 53, 53, 81, 100, 66, 81, 81, 53, 53, 66",2026-07-11,"Image pack, Reviews, Video, People also ask, Related searches",informational,Organic
shareef shayari,18,18,110,10,0.00,https://eknazariya.com/,0,0,0.00,0.33,7200000,"8, 27, 54, 65, 65, 65, 100, 81, 65, 4, 4, 8",2026-08-18,"Reviews, Video, People also ask, Related searches, AI overview",informational,Organic
aitbaar shayari,32,32,110,18,0.00,https://eknazariya.com/,0,0,0.00,0.33,123,"79, 79, 100, 100, 64, 64, 64, 79, 64, 79, 100, 64",2026-07-16,"Image pack, Reviews, Video, Image, People also ask, Related searches, AI overview",informational,Organic
ghalib shayari on love in hindi,7,7,110,11,0.00,https://eknazariya.com/ghalib-shayari,0,0,0.00,0.33,139,"100, 100, 82, 65, 53, 53, 82, 65, 65, 53, 53, 41",2026-07-01,"Image pack, Sitelinks, Reviews, Video, Image, Video Carousel, People also ask, Related searches, AI overview",informational,Organic
top 10 shayar,21,21,590,34,0.40,https://eknazariya.com/,0,0,0.00,0.01,132,"67, 82, 82, 67, 82, 100, 82, 82, 67, 67, 55, 55",2026-07-23,"Image pack, Reviews, Video, Video Carousel, People also ask, Related searches, AI overview","commercial, informational",Organic
duniya ke liye shayari,24,24,210,12,0.00,https://eknazariya.com/,0,0,0.00,0.33,112,"81, 65, 81, 54, 54, 100, 81, 81, 65, 65, 81, 81",2026-08-10,"Image pack, Sitelinks, Reviews, Video, Image, People also ask, Related searches",informational,Organic
nazar shayari love,15,15,260,13,0.00,https://eknazariya.com/,0,0,0.00,0.33,129,"82, 100, 100, 82, 82, 54, 54, 54, 44, 54, 44, 13",2026-06-21,"Image pack, Sitelinks, Reviews, Video, Image, Video Carousel, People also ask, Related searches, AI overview",informational,Organic
shikari shayari,25,25,110,19,0.00,https://eknazariya.com/,0,0,0.00,0.33,139,"82, 82, 65, 82, 53, 65, 100, 100, 53, 65, 53, 53",2026-07-11,"Image pack, Sitelinks, Reviews, Video, People also ask, Related searches, AI overview",informational,Organic
urdu shayari lyrics,17,17,140,32,0.00,https://eknazariya.com/,0,0,0.00,0.33,82,"100, 100, 100, 100, 100, 65, 82, 82, 65, 53, 82, 65",2026-07-06,"Image pack, Reviews, Video, Image, Video Carousel, People also ask, Related searches",informational,Organic
sher aur shayari in hindi,5,5,110,16,0.00,https://eknazariya.com/,0,0,0.00,0,93,"50, 79, 64, 79, 100, 100, 50, 100, 50, 100, 64, 50",2026-06-20,"Image pack, Reviews, Video, Image, Video Carousel, People also ask, Related searches",informational,Organic
one shayari,13,13,590,21,0.00,https://eknazariya.com/,0,0,0.00,0.33,139,"67, 82, 82, 67, 67, 100, 82, 82, 82, 67, 67, 54",2026-07-29,"Image pack, Sitelinks, Reviews, Video, Video Carousel, People also ask, Related searches, AI overview",informational,Organic
gulzar shayari quotes hindi,18,18,170,32,0.00,https://eknazariya.com/gulzar-shayari-1,0,0,0.00,0.33,143,"82, 100, 82, 67, 44, 8, 18, 54, 36, 23, 23, 36",2026-06-27,"Image pack, Sitelinks, Reviews, Video, Featured snippet, Ads bottom, Video Carousel, People also ask, Related searches, Ads middle",informational,Organic
paktiya in hindi,27,27,110,31,0.00,https://eknazariya.com/,0,0,0.00,0.33,0,"82, 100, 82, 65, 41, 53, 53, 65, 65, 65, 65, 82",2026-07-08,"Instant answer, Image pack, Reviews, Video, Image, Related searches",informational,Organic
paktiya in hindi,28,28,110,31,0.00,https://eknazariya.com/,0,0,0.00,0.33,0,"82, 100, 82, 65, 41, 53, 53, 65, 65, 65, 65, 82",2026-07-08,"Instant answer, Image pack, Reviews, Video, Image, Related searches",informational,Organic
hawa shayari,22,22,170,23,0.00,https://eknazariya.com/,0,0,0.00,0.33,140,"100, 81, 65, 54, 42, 35, 35, 54, 54, 54, 65, 81",2026-07-07,"Image pack, Reviews, Video, Image, People also ask, Related searches",informational,Organic
bina galti ki saza shayari,33,33,110,23,0.00,https://eknazariya.com/,0,0,0.00,0.33,115,"19, 42, 54, 42, 35, 81, 100, 65, 42, 27, 35, 27",2026-07-28,"Image pack, Reviews, Video, People also ask, Related searches",informational,Organic
romantic nazar shayari,14,14,210,13,0.00,https://eknazariya.com/,0,0,0.00,0.33,59,"100, 82, 82, 67, 67, 67, 67, 54, 44, 28, 36, 28",2026-07-20,"Image pack, Reviews, Video, People also ask, Related searches, AI overview",informational,Organic
apne log shayari,15,15,140,7,0.00,https://eknazariya.com/,0,0,0.00,0.33,108,"100, 54, 1, 67, 10, 1, 4, 1, 1, 6, 1, 1",2026-07-27,"Image pack, Sitelinks, Reviews, Video, People also ask, Related searches",informational,Organic
gulzar best lines hindi,13,13,170,19,0.00,https://eknazariya.com/gulzar-shayari-1,0,0,0.00,0.33,145,"4, 35, 65, 65, 54, 100, 81, 81, 65, 100, 81, 81",2026-08-13,"Sitelinks, Reviews, Video, Ads top, Ads bottom, Video Carousel, People also ask, Related searches",commercial,Organic
shayari competition,31,31,720,23,0.00,https://eknazariya.com/,0,0,0.00,0.33,143,"26, 39, 59, 88, 88, 88, 100, 100, 100, 88, 26, 26",2026-07-04,"Image pack, Reviews, Video, Image, Video Carousel, People also ask, AI overview",informational,Organic
gulzar ki dairy,34,34,140,26,0.00,https://eknazariya.com/gulzar-shayari-1,0,0,0.00,0,143,"100, 81, 53, 44, 44, 28, 22, 28, 28, 22, 22, 34",2026-08-03,"Reviews, Video, Video Carousel, People also ask, Related searches, AI overview",informational,Organic
shayari copy link,24,24,110,29,0.00,https://eknazariya.com/,0,0,0.00,0.33,121,"43, 33, 43, 43, 24, 33, 67, 43, 52, 67, 67, 100",2026-08-10,"Reviews, Video, Ads top, Ads bottom, People also ask, Related searches, AI overview",commercial,Organic
all shayari,2,2,1000,42,0.00,https://eknazariya.com/,0,0,0.00,0,151,"100, 77, 77, 77, 77, 100, 100, 77, 77, 68, 68, 68",2026-06-29,"Image pack, Reviews, Video, People also ask, Related searches, AI overview",informational,AI overview
josh bhari shayari,30,30,260,3,0.00,https://eknazariya.com/,0,0,0.00,0.33,120,"44, 67, 100, 82, 54, 44, 67, 82, 67, 54, 44, 36",2026-07-05,"Image pack, Sitelinks, Reviews, Video, Image, Video Carousel, People also ask, Related searches",informational,Organic
gulzar shayari in urdu,17,17,170,23,0.00,https://eknazariya.com/gulzar-shayari-1,0,0,0.00,0.33,137,"100, 100, 100, 81, 65, 81, 65, 54, 42, 35, 54, 42",2026-08-19,"Image pack, Reviews, Video, Video Carousel, People also ask, Related searches",informational,Organic
best shayari in hindi sad,22,22,140,35,0.40,https://eknazariya.com/best-sad-shayari,0,0,0.00,0.03,115,"42, 42, 42, 42, 42, 42, 54, 100, 54, 65, 65, 100",2026-07-19,"Image pack, Sitelinks, Reviews, Video, Featured snippet, People also ask, Related searches",commercial,Organic
aashiqui shayari hindi,28,28,390,17,0.00,https://eknazariya.com/,0,0,0.00,0,140,"100, 100, 66, 66, 54, 54, 54, 66, 66, 54, 66, 66",2026-07-03,"Image pack, Reviews, Video, Image, Ads bottom, People also ask, Related searches",informational,Organic
aashiqui shayari hindi,46,46,390,17,0.00,https://eknazariya.com/ishq-shayari,0,0,0.00,0,140,"100, 100, 66, 66, 54, 54, 54, 66, 66, 54, 66, 66",2026-07-03,"Image pack, Reviews, Video, Image, Ads bottom, People also ask, Related searches",informational,Organic
post par shayari,19,19,390,15,0.00,https://eknazariya.com/,0,0,0.00,0.33,135,"54, 54, 66, 54, 54, 54, 81, 100, 81, 81, 44, 44",2026-07-09,"Image pack, Sitelinks, Reviews, Video, Ads bottom, People also ask, Related searches, Ads middle",informational,Organic
kumar vishwas poems,21,21,480,23,1.32,https://eknazariya.com/kumar-vishwas-1,0,0,0.00,0,135,"67, 82, 100, 82, 67, 67, 54, 54, 54, 67, 82, 82",2026-06-25,"Image pack, Reviews, Video, Image, Video Carousel, People also ask, Related searches, Short videos",informational,Organic
festival shayari in hindi,28,28,110,17,0.00,https://eknazariya.com/best-festival-shayari,0,0,0.00,0.33,118,"2, 36, 2, 100, 2, 8, 24, 3, 54, 2, 3, 2",2026-07-29,"Image pack, Reviews, Video, People also ask, Related searches",informational,Organic
shayari purani,14,14,110,12,0.00,https://eknazariya.com/,0,0,0.00,0.08,148,"50, 100, 64, 100, 100, 50, 64, 79, 79, 50, 50, 100",2026-07-02,"Image pack, Reviews, Video, Image, Video Carousel, People also ask, Related searches, AI overview",informational,Organic
love at first sight shayari in hindi,27,27,110,10,0.00,https://eknazariya.com/,0,0,0.00,0.33,137,"82, 65, 82, 100, 53, 65, 82, 65, 53, 53, 65, 65",2026-07-14,"Image pack, Sitelinks, Reviews, Video, Image, People also ask, Related searches, AI overview",informational,Organic
shoes shayari in hindi,28,28,320,27,0.00,https://eknazariya.com/,0,0,0.00,0.33,118,"10, 12, 29, 44, 54, 67, 82, 100, 67, 67, 10, 4",2026-06-30,"Image pack, Sitelinks, Reviews, Video, Image, People also ask, Related searches",informational,Organic
red shayari,12,12,110,25,0.00,https://eknazariya.com/,0,0,0.00,0.33,131,"33, 43, 52, 43, 43, 52, 67, 100, 52, 33, 81, 67",2026-07-23,"Image pack, Reviews, Related searches",informational,Organic
ghagra shayari,14,14,170,20,0.00,https://eknazariya.com/,0,0,0.00,0.33,1880000,"10, 28, 44, 54, 54, 67, 67, 100, 82, 3, 3, 3",2026-08-11,"Reviews, Video, People also ask, Related searches, AI overview",informational,Organic
galib ke ser,22,22,140,27,0.00,https://eknazariya.com/ghalib-shayari,0,0,0.00,0.33,142,"1, 1, 1, 2, 19, 55, 100, 16, 1, 3, 1, 1",2026-07-11,"Image pack, Reviews, Video, Image, People also ask, Related searches, AI overview",informational,Organic
month shayari,16,16,110,24,0.00,https://eknazariya.com/,0,0,0.00,0.33,134,"1, 1, 16, 1, 1, 24, 100, 1, 1, 1, 1, 1",2026-07-30,"Reviews, Video, Video Carousel, People also ask, Related searches","commercial, informational",Organic
reply shayari,18,18,210,20,0.00,https://eknazariya.com/,0,0,0.00,0.33,150,"35, 35, 29, 35, 29, 35, 44, 23, 35, 67, 100, 67",2026-07-23,"Image pack, Sitelinks, Reviews, Video, Image, Video Carousel, People also ask, Related searches",informational,Organic
quotes on nazrein,17,17,210,25,0.00,https://eknazariya.com/,0,0,0.00,0.33,133,"2, 2, 12, 19, 24, 29, 29, 36, 36, 54, 81, 100",2026-06-30,"Reviews, Video, Related searches, AI overview",informational,Organic
naina shayari 2 line,19,19,210,22,0.00,https://eknazariya.com/,0,0,0.00,0.33,122,"100, 82, 82, 67, 54, 44, 54, 44, 28, 36, 36, 18",2026-07-10,"Image pack, Reviews, Video, People also ask, Related searches, AI overview",informational,Organic
sad shayari likha hua,11,11,170,23,0.00,https://eknazariya.com/best-sad-shayari,0,0,0.00,0.33,122,"42, 65, 65, 65, 65, 54, 65, 100, 65, 81, 65, 54",2026-07-13,"Image pack, Sitelinks, Reviews, Video, Image, People also ask, Related searches, AI overview",informational,Organic
office shayari in hindi,16,16,480,20,0.00,https://eknazariya.com/,0,0,0.00,0.33,113,"67, 67, 67, 82, 82, 67, 100, 82, 67, 54, 54, 44",2026-07-12,"Image pack, Reviews, Video, Image, People also ask, Related searches",informational,Organic
sant shayari,13,13,170,19,0.00,https://eknazariya.com/,0,0,0.00,0.33,118,"81, 100, 100, 81, 81, 81, 81, 81, 81, 67, 67, 52",2026-07-12,"Image pack, Reviews, Video, People also ask, Related searches",informational,Organic
bollywood movie shayari,21,21,110,18,0.00,https://eknazariya.com/movie-shayari-1,0,0,0.00,0.33,129,"100, 65, 65, 41, 53, 65, 82, 65, 65, 65, 65, 65",2026-08-18,"Image pack, Reviews, Video, People also ask, Related searches, AI overview",commercial,Organic
love share shayari,21,21,110,33,0.00,https://eknazariya.com/,0,0,0.00,0.33,141,"65, 53, 65, 100, 100, 53, 53, 29, 29, 82, 53, 82",2026-07-26,"Image pack, Reviews, Video, Image, People also ask, Related searches",informational,Organic
galib ki gazal,32,32,110,26,0.00,https://eknazariya.com/ghalib-shayari,0,0,0.00,0.33,126,"29, 82, 65, 65, 65, 100, 82, 53, 53, 65, 53, 41",2026-07-23,"Knowledge panel, Image pack, Reviews, Video, Image, Video Carousel, People also ask, Related searches, AI overview","informational, transactional",Organic
shayari dumdaar,16,16,110,17,0.00,https://eknazariya.com/,0,0,0.00,0,116,"53, 29, 53, 65, 100, 82, 65, 65, 65, 65, 82, 65",2026-07-01,"Image pack, Reviews, Video, Video Carousel, People also ask, Related searches","commercial, informational",Organic
khayal shayari 2 line,46,46,170,12,0.00,https://eknazariya.com/,0,0,0.00,0.33,124,"54, 81, 54, 81, 100, 81, 81, 81, 65, 65, 35, 35",2026-07-05,"Sitelinks, Reviews, Video, Image, People also ask, Related searches, AI overview",commercial,Organic
nayi shuruaat shayari,33,33,140,22,0.00,https://eknazariya.com/,0,0,0.00,0.33,126,"54, 100, 42, 19, 15, 42, 100, 81, 65, 54, 35, 19",2026-07-12,"Image pack, Reviews, Video, People also ask, Related searches",informational,Organic
shayari kaise likhe,21,21,320,28,0.00,https://eknazariya.com/,0,0,0.00,0.33,121,"67, 100, 100, 100, 100, 82, 100, 100, 82, 67, 54, 54",2026-07-09,"Image pack, Reviews, Video, Video Carousel, People also ask, Related searches",informational,Organic
shayari on air in hindi,6,6,110,17,0.00,https://eknazariya.com/,0,0,0.00,0.33,141,"1, 7, 19, 3, 3, 100, 1, 3, 24, 6, 1, 1",2026-07-27,"Image pack, Reviews, Video, Image, Video Carousel, People also ask, Related searches, AI overview",informational,Organic
gulzar sahab shayari status,13,13,320,17,0.00,https://eknazariya.com/gulzar-shayari-1,0,0,0.00,0.33,149,"19, 81, 100, 81, 66, 66, 81, 54, 44, 2, 0, 2",2026-07-28,"Image pack, Sitelinks, Reviews, Video, Video Carousel, Related searches",informational,Organic
mehfil ki shayari,17,17,110,19,0.00,https://eknazariya.com/mehfil-shayari,0,0,0.00,0.33,142,"79, 79, 64, 64, 79, 79, 79, 100, 79, 64, 50, 50",2026-08-03,"Image pack, Reviews, Video, Image, Video Carousel, People also ask, Related searches",informational,Organic
daily shayari,14,14,110,32,0.00,https://eknazariya.com/,0,0,0.00,0.33,132,"79, 100, 79, 100, 79, 64, 100, 100, 100, 64, 64, 100",2026-07-19,"Image pack, Reviews, Video, Related searches, AI overview",informational,Organic
zakir khan dialogue,11,11,170,17,0.00,https://eknazariya.com/zakir-khan-1,0,0,0.00,0.33,120,"43, 100, 100, 52, 100, 81, 81, 81, 81, 81, 67, 67",2026-07-24,"Image pack, Reviews, Video, Image, Video Carousel, People also ask, Related searches, AI overview",informational,Organic
ghalib ghazal in hindi,36,36,260,23,0.00,https://eknazariya.com/ghalib-shayari,0,0,0.00,0.33,134,"15, 24, 29, 36, 29, 36, 36, 29, 36, 81, 100, 81",2026-08-03,"Image pack, Reviews, Video, Video Carousel, People also ask, Related searches, AI overview",informational,Organic
adarsh vakya in hindi,58,58,170,30,0.00,https://eknazariya.com/,0,0,0.00,0.33,120,"54, 81, 54, 65, 65, 81, 65, 54, 81, 42, 100, 65",2026-06-27,"Instant answer, Image pack, Video, Image, People also ask, Related searches, AI overview",informational,Organic
rafatullah qureshi,32,32,140,24,0.00,https://eknazariya.com/rahat-indori,0,0,0.00,0.33,62,"34, 44, 66, 100, 44, 44, 53, 44, 22, 44, 34, 44",2026-06-22,"Video, People also ask, Related searches",informational,Organic
shayari likhni hai,13,13,140,29,0.00,https://eknazariya.com/,0,0,0.00,0,120,"34, 22, 100, 44, 44, 53, 44, 34, 28, 28, 34, 44",2026-07-13,"Image pack, Reviews, Video, Video Carousel, People also ask, Related searches",informational,Organic
apno par shayari in hindi,13,13,110,17,0.00,https://eknazariya.com/,0,0,0.00,0.33,129,"67, 33, 43, 33, 52, 67, 100, 81, 52, 52, 67, 52",2026-07-08,"Image pack, Sitelinks, Reviews, Video, Image, Video Carousel, People also ask, Related searches",informational,Organic
lakshya shayari,21,21,170,22,0.00,https://eknazariya.com/,0,0,0.00,0.33,135,"100, 66, 66, 44, 53, 53, 66, 44, 44, 44, 28, 34",2026-07-28,"Image pack, Reviews, Video, People also ask, Related searches",informational,Organic
shayari share,15,15,260,20,0.00,https://eknazariya.com/,0,0,0.00,0.01,131,"100, 67, 16, 19, 24, 30, 30, 16, 12, 12, 30, 30",2026-07-30,"Image pack, Reviews, Video, Video Carousel, People also ask, Related searches, AI overview",informational,Organic
new shayari status,18,18,170,27,0.00,https://eknazariya.com/,0,0,0.00,0.33,136,"67, 81, 100, 100, 81, 81, 100, 100, 81, 81, 67, 52",2026-06-27,"Image pack, Reviews, Video, People also ask, Related searches",informational,Organic
mirza galib ki shayari,23,23,170,23,0.00,https://eknazariya.com/ghalib-shayari,0,0,0.00,0,150,"100, 100, 54, 29, 29, 23, 23, 19, 29, 19, 23, 19",2026-08-02,"Image pack, Sitelinks, Reviews, Video, Image, Video Carousel, People also ask, Related searches, AI overview",informational,Organic
shayari mehfil,16,16,170,26,0.00,https://eknazariya.com/mehfil-shayari,0,0,0.00,0.33,144,"81, 65, 65, 65, 65, 100, 81, 65, 54, 42, 54, 54",2026-08-18,"Image pack, Reviews, Video, Image, Video Carousel, People also ask, Related searches, See results about",informational,Organic
ghalib shayari on friendship,14,14,170,27,0.00,https://eknazariya.com/ghalib-shayari,0,0,0.00,0.01,138,"44, 53, 100, 53, 44, 44, 66, 53, 53, 44, 44, 44",2026-06-27,"Image pack, Reviews, Video, Video Carousel, People also ask, Related searches, AI overview",informational,Organic
love ghazal shayari in hindi,16,16,110,16,0.00,https://eknazariya.com/,0,0,0.00,0.33,130,"64, 50, 100, 79, 79, 79, 100, 100, 100, 64, 64, 79",2026-06-29,"Image pack, Reviews, Video, Image, Related searches, AI overview",informational,Organic
kaise ho shayari,35,35,110,17,0.00,https://eknazariya.com/,0,0,0.00,0.33,141,"35, 100, 100, 29, 6, 2, 2, 6, 2, 2, 2, 2",2026-07-11,"Image pack, Reviews, Video, Video Carousel, People also ask, Related searches, AI overview",informational,Organic
meaningful shayari in hindi,15,15,140,24,0.00,https://eknazariya.com/,0,0,0.00,0.01,148,"100, 81, 67, 52, 52, 81, 81, 67, 52, 52, 52, 67",2026-07-21,"Image pack, Reviews, Video, Related searches",informational,Organic
khubsurat pal shayari,36,36,140,22,0.00,https://eknazariya.com/,0,0,0.00,0.33,121,"100, 100, 82, 82, 82, 65, 53, 82, 53, 65, 53, 65",2026-06-20,"Image pack, Reviews, Video, People also ask, Related searches",informational,Organic
shayari mast mast,27,27,140,19,0.00,https://eknazariya.com/,0,0,0.00,0.33,121,"67, 81, 100, 67, 67, 81, 81, 81, 67, 52, 67, 52",2026-08-07,"Image pack, Reviews, Video, Video Carousel, People also ask, Related searches",informational,Organic
shayari mast mast,29,29,140,19,0.00,https://eknazariya.com/,0,0,0.00,0.33,121,"67, 81, 100, 67, 67, 81, 81, 81, 67, 52, 67, 52",2026-08-07,"Image pack, Reviews, Video, Video Carousel, People also ask, Related searches",informational,Organic
mirza ghalib shayari on taj mahal,35,35,390,18,0.00,https://eknazariya.com/ghalib-shayari,0,0,0.00,0.33,122,"100, 100, 100, 81, 67, 81, 100, 100, 81, 100, 100, 67",2026-06-26,"Image pack, Sitelinks, Reviews, Video, Image, People also ask, Related searches, AI overview",informational,Organic
rona shayari,27,27,390,21,0.00,https://eknazariya.com/,0,0,0.00,0.33,126,"100, 100, 81, 81, 81, 81, 81, 66, 66, 54, 44, 44",2026-07-15,"Image pack, Reviews, Video, Video Carousel, People also ask, Related searches",informational,Organic
rona shayari,30,30,390,21,0.00,https://eknazariya.com/,0,0,0.00,0.33,126,"100, 100, 81, 81, 81, 81, 81, 66, 66, 54, 44, 44",2026-07-15,"Image pack, Reviews, Video, Video Carousel, People also ask, Related searches",informational,Organic
shahar shayari,13,13,110,19,0.00,https://eknazariya.com/,0,0,0.00,0.33,151,"100, 65, 82, 65, 82, 82, 82, 65, 53, 65, 41, 53",2026-08-08,"Image pack, Reviews, Video, Image, Related searches",informational,Organic
jawabi shayari,23,23,210,28,0.00,https://eknazariya.com/,0,0,0.00,0.33,128,"81, 100, 100, 100, 65, 65, 81, 65, 65, 54, 54, 54",2026-07-12,"Image pack, Reviews, Video, Image, People also ask, Related searches",informational,Organic
ada shayari,22,22,170,17,0.00,https://eknazariya.com/,0,0,0.00,0.33,112,"100, 100, 100, 100, 81, 81, 100, 81, 67, 81, 67, 43",2026-07-05,"Image pack, Reviews, Video, Image, Related searches",informational,Organic
best ghalib shayari on life,8,8,170,26,0.00,https://eknazariya.com/ghalib-shayari,0,0,0.00,0.33,139,"3, 8, 23, 44, 36, 36, 44, 44, 54, 54, 100, 100",2026-06-25,"Image pack, Reviews, Video, Image, Ads bottom, Video Carousel, People also ask, Related searches, Ads middle, AI overview",commercial,Organic
jeet shayari hindi,25,25,110,23,0.00,https://eknazariya.com/,0,0,0.00,0.01,129,"67, 100, 81, 2, 2, 2, 4, 2, 4, 2, 15, 6",2026-06-24,"Image pack, Reviews, Video, Image, People also ask, Related searches","commercial, informational",Organic
heena shayari,20,20,170,23,0.00,https://eknazariya.com/,0,0,0.00,0.33,136,"12, 53, 53, 66, 66, 53, 81, 100, 100, 3, 3, 3",2026-08-01,"Image pack, Reviews, Video, Video Carousel, Related searches, AI overview",informational,Organic
mota manso shayari,30,30,140,27,0.00,https://eknazariya.com/,0,0,0.00,0.33,299000,"15, 42, 54, 81, 65, 81, 100, 81, 81, 19, 27, 35",2026-07-30,"Reviews, Video, People also ask, AI overview",informational,Organic
best shayri in hindi 2 line,27,27,110,30,0.00,https://eknazariya.com/,0,0,0.00,0,70,"2, 4, 15, 15, 23, 23, 100, 44, 29, 23, 0, 0",2026-07-18,"Image pack, Sitelinks, Reviews, Video, Featured snippet, Image, People also ask, Related searches",informational,Organic
laal ishq quotes,55,55,170,27,0.00,https://eknazariya.com/ishq-shayari,0,0,0.00,0.33,108,"13, 18, 28, 28, 18, 23, 28, 36, 54, 82, 100, 67",2026-07-25,"Image pack, Reviews, Video, Image, People also ask, Related searches","informational, transactional",Organic
ishq quotes in urdu,17,17,140,14,0.00,https://eknazariya.com/ishq-shayari,0,0,0.00,0.33,135,"100, 67, 67, 67, 67, 81, 67, 52, 52, 43, 33, 43",2026-08-01,"Image pack, Sitelinks, Video, Image, Video Carousel, Related searches",informational,Organic
ishq quotes in urdu,25,25,140,14,0.00,https://eknazariya.com/ishq-shayari,0,0,0.00,0.33,135,"100, 67, 67, 67, 67, 81, 67, 52, 52, 43, 33, 43",2026-08-01,"Image pack, Sitelinks, Video, Image, Video Carousel, Related searches",informational,Organic
gulzar quotes on life in hindi,18,18,110,22,0.00,https://eknazariya.com/gulzar-shayari-1,0,0,0.00,0.33,148,"100, 81, 81, 67, 33, 52, 33, 52, 52, 43, 43, 52",2026-06-26,"Image pack, Sitelinks, Reviews, Video, Image, People also ask, Related searches",informational,Organic
help shayari,23,23,260,18,0.00,https://eknazariya.com/,0,0,0.00,0.33,134,"100, 100, 82, 67, 67, 67, 67, 54, 54, 54, 54, 44",2026-08-09,"Image pack, Reviews, Video, Image, Related searches",informational,Organic
kam ki shayari,11,11,140,23,0.00,https://eknazariya.com/,0,0,0.00,0.33,125,"65, 65, 65, 65, 82, 82, 82, 100, 82, 82, 65, 82",2026-08-01,"Image pack, Reviews, Video, Video Carousel, People also ask, Related searches",informational,Organic
hindi shayari urdu mein,13,13,110,22,0.00,https://eknazariya.com/,0,0,0.00,0.33,146,"2, 2, 44, 2, 100, 54, 19, 3, 2, 3, 2, 2",2026-07-29,"Image pack, Reviews, Video, Image, Video Carousel, Related searches",informational,Organic
sadabahar shayari,24,24,320,15,0.00,https://eknazariya.com/,0,0,0.00,0.33,149,"100, 100, 82, 82, 82, 100, 100, 82, 67, 54, 67, 67",2026-07-27,"Image pack, Reviews, Video, Ads top, People also ask, Related searches, AI overview",informational,Organic
x shayari,18,18,260,42,0.00,https://eknazariya.com/,0,0,0.00,0.33,122,"100, 100, 81, 81, 81, 66, 81, 81, 81, 81, 66, 53",2026-06-21,"Image pack, Reviews, Video, Related searches",informational,Organic
nazar shayari urdu in hindi,14,14,140,18,0.00,https://eknazariya.com/,0,0,0.00,0.33,135,"1, 1, 1, 1, 1, 1, 82, 1, 1, 15, 100, 24",2026-08-09,"Image pack, Sitelinks, Reviews, Video, People also ask, Related searches",informational,Organic
joshili shayari,20,20,110,3,0.00,https://eknazariya.com/,0,0,0.00,0.01,87,"43, 43, 100, 81, 52, 43, 52, 81, 67, 43, 43, 43",2026-07-11,"Image pack, Sitelinks, Reviews, Video, Video Carousel, People also ask, Related searches",informational,Organic
shayari in hindi for boy,24,24,140,21,0.00,https://eknazariya.com/,0,0,0.00,0,131,"52, 43, 43, 52, 43, 43, 100, 81, 81, 81, 100, 81",2026-06-29,"Sitelinks, Reviews, Video, Featured snippet, People also ask, Related searches",commercial,Organic
offline shayari,24,24,140,24,0.00,https://eknazariya.com/,0,0,0.00,0.15,144,"19, 29, 29, 23, 15, 15, 23, 23, 15, 15, 15, 100",2026-07-12,"Image pack, Reviews, Video, People also ask, Related searches, AI overview",informational,Organic
special one shayari,15,15,170,26,0.00,https://eknazariya.com/,0,0,0.00,0,148,"100, 65, 54, 54, 65, 65, 54, 54, 54, 42, 54, 54",2026-08-01,"Image pack, Reviews, Video, Image, People also ask, Related searches, AI overview",informational,Organic
turkish shayari,14,14,140,25,0.00,https://eknazariya.com/,0,0,0.00,0.33,123,"22, 34, 53, 53, 66, 100, 66, 81, 53, 12, 12, 16",2026-07-24,"Reviews, Video, Related searches, AI overview",informational,Organic
apno ke liye shayari in hindi,17,17,320,20,0.00,https://eknazariya.com/,0,0,0.00,0.33,140,"100, 81, 35, 44, 67, 81, 54, 44, 67, 81, 100, 81",2026-08-07,"Image pack, Sitelinks, Reviews, Video, Ads top, Ads bottom, People also ask, Related searches",informational,Organic
february shayari,36,36,1300,27,0.00,https://eknazariya.com/,0,0,0.00,0.33,130,"1, 4, 13, 28, 28, 28, 44, 67, 100, 53, 13, 24",2026-07-03,"Image pack, Reviews, Video, Image, Video Carousel, People also ask",informational,Organic
kahani shayari,20,20,320,28,0.00,https://eknazariya.com/,0,0,0.00,0.33,127,"100, 100, 100, 67, 67, 100, 100, 82, 82, 82, 67, 82",2026-08-10,"Image pack, Reviews, Video, Ads top, Ads bottom, Video Carousel, People also ask, Related searches",informational,Organic
pehli nazar shayari,37,37,140,19,0.00,https://eknazariya.com/,0,0,0.00,0.33,116,"100, 100, 100, 82, 100, 100, 100, 82, 65, 82, 65, 41",2026-08-14,"Sitelinks, Reviews, Video, Image, People also ask, Related searches, AI overview",informational,Organic
2020 ki shayari,13,13,320,28,0.00,https://eknazariya.com/,0,0,0.00,0.33,147,"1, 4, 7, 9, 7, 100, 31, 14, 11, 1, 1, 1",2026-08-12,"Reviews, Video, Video Carousel, People also ask, AI overview",informational,Organic
shayari on moti,16,16,110,19,0.00,https://eknazariya.com/,0,0,0.00,0.33,120,"1, 1, 1, 100, 44, 1, 3, 4, 1, 6, 1, 1",2026-07-01,"Image pack, Reviews, Video, People also ask, Related searches",informational,Organic
greatest shayar of all time,21,21,110,35,0.00,https://eknazariya.com/,0,0,0.00,0.33,130,"4, 3, 54, 3, 1, 1, 15, 100, 1, 3, 1, 1",2026-07-04,"Sitelinks, Reviews, Video, Video Carousel, People also ask, Related searches, AI overview",informational,Organic
gulzar hindi quotes,11,13,170,19,0.00,https://eknazariya.com/gulzar-shayari-1,0,0,0.00,0,154,"100, 100, 65, 65, 81, 81, 81, 65, 65, 54, 54, 42",2026-08-20,"Image pack, Sitelinks, Reviews, Video, Video Carousel, People also ask, Related searches",informational,Organic
new new shayari,12,12,170,38,0.00,https://eknazariya.com/,0,0,0.00,0.33,138,"53, 53, 53, 53, 44, 100, 66, 44, 53, 44, 53, 53",2026-08-13,"Image pack, Reviews, Video, People also ask, Related searches",informational,Organic
two line sher o shayari,13,13,170,30,0.00,https://eknazariya.com/,0,0,0.00,0.33,128,"54, 100, 81, 81, 65, 65, 54, 54, 54, 54, 65, 81",2026-07-20,"Reviews, Video, Featured snippet, People also ask, Related searches",informational,Organic
rab shayari,9,9,140,11,0.00,https://eknazariya.com/,0,0,0.00,0.33,4510000,"100, 100, 82, 82, 65, 82, 82, 82, 82, 82, 82, 53",2026-07-07,"Image pack, Reviews, Video, Video Carousel, People also ask, Related searches",informational,Organic
aasman shayari gulzar,10,10,140,26,0.00,https://eknazariya.com/gulzar-shayari-1,0,0,0.00,0.33,135,"1, 1, 100, 19, 36, 2, 1, 2, 5, 1, 1, 8",2026-07-16,"Image pack, Reviews, Video, Image, Video Carousel, People also ask, Related searches, AI overview",informational,Organic
shayari for caption in hindi,16,16,110,28,0.00,https://eknazariya.com/,0,0,0.00,0.33,148,"65, 82, 65, 82, 82, 82, 100, 82, 53, 41, 29, 41",2026-07-15,"Image pack, Reviews, Related searches",informational,Organic
duniya ke upar shayari,15,15,170,19,0.00,https://eknazariya.com/,0,0,0.00,0.33,118,"100, 100, 100, 81, 81, 81, 100, 81, 67, 67, 81, 81",2026-08-14,"Image pack, Reviews, Video, Image, People also ask, Related searches",informational,Organic
lafz shayari,18,18,170,20,0.00,https://eknazariya.com/do-lafz-1,0,0,0.00,0.33,153,"100, 100, 100, 81, 65, 81, 81, 54, 54, 54, 54, 42",2026-07-23,"Image pack, Reviews, Video, Image, People also ask, Related searches",informational,Organic
shayari dijiye,15,15,590,38,0.00,https://eknazariya.com/,0,0,0.00,0.33,124,"37, 55, 55, 45, 37, 37, 100, 45, 37, 68, 37, 45",2026-07-09,"Image pack, Reviews, Video, Image, Video Carousel, People also ask, Related searches","informational, transactional",Organic
chhota sa shayari,16,16,320,28,0.00,https://eknazariya.com/,0,0,0.00,0.33,147,"67, 67, 82, 82, 67, 67, 82, 82, 100, 100, 82, 100",2026-06-26,"Image pack, Reviews, Video, People also ask, Related searches",informational,Organic
shayari hindi meaning,20,20,320,25,0.00,https://eknazariya.com/,0,0,0.00,0,115,"54, 54, 82, 100, 100, 82, 82, 100, 100, 82, 82, 100",2026-08-09,"Sitelinks, Reviews, Video, Featured snippet, Video Carousel, People also ask, Related searches",informational,Organic
hello google shayari,13,13,110,38,0.00,https://eknazariya.com/,0,0,0.00,0.33,64,"50, 64, 79, 64, 79, 79, 79, 100, 79, 64, 64, 64",2026-07-23,"Image pack, Reviews, Video, People also ask, Related searches, AI overview",informational,Organic
shayari wale status,12,12,110,27,0.00,https://eknazariya.com/,0,0,0.00,0.09,119,"79, 100, 100, 100, 100, 100, 100, 100, 79, 79, 50, 79",2026-07-07,"Image pack, Reviews, Video, Video Carousel, Related searches",informational,Organic
most beautiful shayari,23,23,170,32,0.00,https://eknazariya.com/,0,0,0.00,0.33,140,"81, 100, 81, 67, 81, 100, 100, 81, 81, 81, 81, 81",2026-08-03,"Reviews, Video, Ads top, People also ask, Related searches, AI overview",commercial,Organic
like shayari,24,24,140,28,0.00,https://eknazariya.com/,0,0,0.00,0.33,140,"81, 81, 67, 67, 81, 67, 100, 100, 52, 52, 67, 67",2026-07-13,"Image pack, Reviews, Video, Image, Video Carousel, People also ask, Related searches",informational,Organic
muskurati shayari,13,13,110,13,0.00,https://eknazariya.com/,0,0,0.00,0,141,"44, 2, 2, 7, 12, 2, 2, 66, 8, 2, 2, 100",2026-06-25,"Image pack, Reviews, Video, Image, People also ask, Related searches",informational,Organic
who is kumar vishwas,22,22,480,47,0.00,https://eknazariya.com/kumar-vishwas-1,0,0,0.00,0.33,114,"100, 68, 30, 30, 20, 30, 30, 16, 16, 37, 68, 20",2026-07-22,"Knowledge panel, Image pack, Sitelinks, Video, Video Carousel, People also ask, Related searches",informational,Organic
big shayari in hindi,8,8,110,43,0.00,https://eknazariya.com/,0,0,0.00,0.33,155,"65, 82, 82, 65, 100, 82, 100, 82, 53, 41, 53, 41",2026-07-22,"Image pack, Reviews, Video, Image, People also ask, Related searches",informational,Organic
badlne wali shayari,22,22,140,12,0.00,https://eknazariya.com/,0,0,0.00,0,129,"100, 100, 81, 67, 67, 52, 43, 43, 67, 33, 43, 33",2026-07-12,"Image pack, Reviews, Video, People also ask, Related searches, AI overview",informational,Organic
gulzar sahab best shayari,16,16,210,27,0.00,https://eknazariya.com/gulzar-shayari-1,0,0,0.00,0,145,"13, 4, 4, 7, 7, 5, 5, 4, 7, 7, 45, 100",2026-08-14,"Image pack, Reviews, Video, Image, People also ask, Related searches",informational,Organic
gulzar sahab best shayari,21,21,210,27,0.00,https://eknazariya.com/gulzar-shayari-1,0,0,0.00,0,145,"13, 4, 4, 7, 7, 5, 5, 4, 7, 7, 45, 100",2026-08-14,"Image pack, Reviews, Video, Image, People also ask, Related searches",informational,Organic
manoranjan shayari,13,13,140,28,0.00,https://eknazariya.com/,0,0,0.00,0.33,109,"82, 82, 82, 100, 82, 82, 100, 82, 65, 53, 53, 53",2026-08-15,"Image pack, Reviews, Video, People also ask, Related searches",informational,Organic
rekhta love shayari,22,22,210,26,0.00,https://eknazariya.com/ishq-shayari,0,0,0.00,0.33,106,"11, 11, 8, 11, 11, 13, 13, 11, 11, 7, 8, 100",2026-07-05,"Reviews, Video, Image, Related searches",navigational,Organic
milne wali shayari,19,19,140,23,0.00,https://eknazariya.com/,0,0,0.00,0.33,141,"100, 67, 81, 67, 67, 81, 67, 43, 52, 52, 67, 67",2026-08-11,"Image pack, Reviews, Video, People also ask, Related searches",informational,Organic
ghalib ki shayari urdu,21,21,590,25,0.00,https://eknazariya.com/ghalib-shayari,0,0,0.00,0.33,170,"100, 82, 82, 82, 82, 82, 100, 100, 82, 54, 67, 67",2026-06-30,"Image pack, Reviews, Video, Image, Video Carousel, Related searches",informational,Organic
untold poetry in hindi,15,15,210,15,0.00,https://eknazariya.com/,0,0,0.00,0.33,168,"2, 10, 15, 19, 23, 23, 44, 23, 35, 100, 100, 81",2026-07-31,"Reviews, Video, People also ask, Related searches, AI overview",informational,Organic
dehati shayari,19,19,170,20,0.00,https://eknazariya.com/,0,0,0.00,0.33,116,"81, 81, 81, 81, 81, 81, 100, 100, 81, 52, 67, 52",2026-06-29,"Image pack, Reviews, Video, Video Carousel, People also ask, Related searches","informational, transactional",Organic
padhne wali shayari,11,11,140,19,0.00,https://eknazariya.com/,0,0,0.00,0.33,133,"100, 82, 100, 65, 82, 100, 82, 100, 65, 82, 65, 82",2026-08-03,"Image pack, Reviews, Video, Video Carousel, People also ask, Related searches",informational,Organic
best indian shayari,10,10,110,33,0.00,https://eknazariya.com/,0,0,0.00,0,152,"100, 43, 33, 43, 43, 67, 52, 52, 52, 81, 33, 67",2026-06-29,"Image pack, Reviews, Video, Video Carousel, People also ask, Related searches, AI overview",commercial,Organic
jane wali shayari,12,12,110,25,0.00,https://eknazariya.com/,0,0,0.00,0.33,108,"79, 79, 64, 64, 36, 79, 79, 100, 79, 79, 79, 100",2026-07-14,"Image pack, Reviews, Video, Video Carousel, People also ask, Related searches",informational,Organic
dilchasp shayari,15,15,110,12,0.00,https://eknazariya.com/,0,0,0.00,0.33,146,"53, 82, 100, 65, 65, 53, 82, 82, 82, 53, 65, 53",2026-07-09,"Image pack, Reviews, Video, Video Carousel, People also ask, Related searches",informational,Organic
up ki shayari,16,16,140,27,0.00,https://eknazariya.com/,0,0,0.00,0.33,127,"24, 19, 81, 100, 52, 67, 67, 100, 81, 52, 81, 43",2026-07-18,"Image pack, Reviews, Video, Video Carousel, People also ask, Related searches",informational,Organic
short sher,12,12,170,25,0.00,https://eknazariya.com/,0,0,0.00,0.3,131,"2, 6, 4, 2, 3, 2, 3, 1, 2, 2, 3, 100",2026-07-10,"Image pack, Reviews, Video, Video Carousel, Related searches",informational,Organic
poetry hashtags for instagram,25,25,210,15,0.00,https://eknazariya.com/hashtags-%23shayri,0,0,0.00,0.33,162,"81, 81, 100, 81, 81, 66, 66, 44, 34, 28, 66, 34",2026-06-21,"Video, People also ask, Related searches, AI overview",navigational,Organic
shayaricenter com,28,28,590,27,0.00,https://eknazariya.com/,0,0,0.00,0.33,7680,"4, 11, 39, 59, 59, 59, 72, 100, 100, 100, 17, 26",2026-07-19,"Reviews, Video, Related searches",informational,Organic
msg sayri,19,19,260,30,0.00,https://eknazariya.com/,0,0,0.00,0.33,117,"3, 15, 29, 24, 15, 36, 36, 54, 100, 66, 54, 81",2026-07-30,"Image pack, Reviews, Video, Image, Related searches",informational,Organic
two lines shayari on hawa,21,21,320,30,0.00,https://eknazariya.com/,0,0,0.00,0.33,124,"5, 15, 29, 29, 36, 36, 81, 54, 66, 100, 81, 100",2026-08-01,"Reviews, Video, Featured snippet, People also ask, Related searches",informational,Organic
natak shayari,21,21,110,22,0.00,https://eknazariya.com/,0,0,0.00,0.01,126,"100, 79, 100, 100, 79, 64, 50, 64, 79, 100, 100, 79",2026-08-04,"Image pack, Reviews, Video, Video Carousel, People also ask, Related searches, AI overview","informational, transactional",Organic
inspirational poetry quotes in hindi,15,15,140,25,0.00,https://eknazariya.com/,0,0,0.00,0.33,156,"12, 19, 35, 54, 54, 54, 54, 42, 54, 81, 100, 65",2026-06-27,"Image pack, Reviews, Video, People also ask, Related searches",informational,Organic
singar shayari,13,13,140,16,0.00,https://eknazariya.com/,0,0,0.00,0.33,122,"16, 28, 53, 100, 53, 44, 66, 66, 44, 16, 16, 12",2026-07-31,"Image pack, Reviews, Video, People also ask, Related searches, AI overview",informational,Organic
kafila shayari,40,0,170,22,0.00,https://eknazariya.com/mehfil-shayari,0,0,0.00,0.33,127,"81, 100, 65, 81, 65, 54, 65, 54, 54, 54, 35, 27",2026-08-20,"Image pack, Reviews, Video, Related searches, AI overview",informational,Organic
sarkar shayari,15,15,320,23,0.00,https://eknazariya.com/,0,0,0.00,0.33,126,"100, 100, 100, 100, 82, 82, 82, 54, 54, 54, 54, 44",2026-08-10,"Image pack, Reviews, Video, Image, People also ask, Related searches, AI overview",informational,Organic
sarkar shayari,21,21,320,23,0.00,https://eknazariya.com/,0,0,0.00,0.33,126,"100, 100, 100, 100, 82, 82, 82, 54, 54, 54, 54, 44",2026-08-10,"Image pack, Reviews, Video, Image, People also ask, Related searches, AI overview",informational,Organic
shayari 2019,13,13,170,43,0.00,https://eknazariya.com/,0,0,0.00,0.33,174,"6, 22, 44, 34, 44, 66, 81, 81, 100, 34, 53, 66",2026-08-18,"Reviews, Video, Video Carousel, People also ask, Related searches","commercial, informational",Organic
gulzar shayari on one sided love,21,21,260,18,0.00,https://eknazariya.com/gulzar-shayari-1,0,0,0.00,0.33,139,"54, 67, 67, 67, 100, 67, 82, 82, 82, 82, 67, 54",2026-07-11,"Image pack, Reviews, Video, Image, People also ask, Related searches, AI overview",informational,Organic
rahat indori religion,59,59,140,27,0.00,https://eknazariya.com/rahat-indori,0,0,0.00,0.33,114,"43, 52, 67, 67, 52, 52, 81, 67, 33, 100, 81, 81",2026-07-11,"Reviews, Video, Image, People also ask, Related searches, AI overview",informational,Organic
nazar ke upar shayari,16,16,140,17,0.00,https://eknazariya.com/,0,0,0.00,0.33,141,"100, 100, 82, 100, 82, 65, 65, 100, 82, 100, 100, 65",2026-07-11,"Image pack, Sitelinks, Reviews, Video, Image, People also ask, Related searches",informational,Organic
ghalib shayari on dosti,21,21,170,24,0.00,https://eknazariya.com/ghalib-shayari,0,0,0.00,0.01,142,"44, 53, 100, 53, 44, 44, 66, 53, 53, 44, 44, 44",2026-07-12,"Image pack, Reviews, Video, Image, People also ask, Related searches, AI overview",informational,Organic
hindustan shayari,35,35,260,22,0.00,https://eknazariya.com/,0,0,0.00,0.33,143,"13, 100, 13, 7, 8, 11, 68, 13, 7, 5, 5, 5",2026-07-29,"Image pack, Reviews, Video, Image, Video Carousel, People also ask, Related searches",informational,Organic
hard shayari in hindi,19,19,170,31,0.00,https://eknazariya.com/,0,0,0.00,0.33,135,"100, 100, 100, 81, 42, 81, 81, 81, 65, 35, 27, 65",2026-07-11,"Image pack, Sitelinks, Reviews, Video, Image, Video Carousel, People also ask, Related searches",informational,Organic
shayari for appreciation,13,13,110,27,0.00,https://eknazariya.com/,0,0,0.00,0,128,"2, 54, 2, 4, 54, 100, 2, 2, 2, 19, 6, 2",2026-06-26,"Image pack, Reviews, Video, People also ask, Related searches",informational,Organic
gulzar lines,9,9,170,23,0.00,https://eknazariya.com/gulzar-shayari-1,0,0,0.00,0.33,135,"42, 100, 81, 54, 81, 65, 65, 35, 54, 42, 54, 42",2026-07-25,"Image pack, Sitelinks, Reviews, Video, Image, Ads top, Video Carousel, People also ask, Related searches",informational,Organic
purane din shayari,34,34,170,22,0.00,https://eknazariya.com/,0,0,0.00,0.33,148,"81, 81, 100, 81, 65, 65, 65, 54, 27, 35, 54, 54",2026-06-26,"Image pack, Reviews, Video, Image, People also ask, Related searches",informational,Organic
urdu ghazal in hindi,40,40,1900,26,0.00,https://eknazariya.com/,0,0,0.00,0.33,141,"13, 20, 34, 66, 55, 55, 100, 100, 83, 83, 100, 100",2026-07-10,"Image pack, Reviews, Video, Video Carousel, People also ask, Related searches",informational,Organic
ghalib ki shayari in hindi on love,9,9,140,17,0.00,https://eknazariya.com/ghalib-shayari,0,0,0.00,0,143,"81, 81, 54, 65, 100, 81, 42, 19, 15, 15, 27, 27",2026-07-08,"Image pack, Sitelinks, Reviews, Video, Featured snippet, Video Carousel, People also ask, Related searches",informational,Organic
welike shayari,16,16,170,21,0.00,https://eknazariya.com/,0,0,0.00,0,216000000,"9, 53, 81, 81, 81, 100, 81, 81, 100, 0, 0, 0",2026-07-24,"Reviews, Video, People also ask, Related searches",commercial,Organic
mehfil in hindi,19,19,480,30,0.00,https://eknazariya.com/mehfil-shayari,0,0,0.00,0.33,0,"54, 66, 81, 81, 81, 81, 100, 81, 81, 66, 66, 66",2026-07-29,"Instant answer, Reviews, Video, People also ask, Related searches, AI overview",informational,Organic
mehfil in hindi,20,20,480,30,0.00,https://eknazariya.com/mehfil-shayari,0,0,0.00,0.33,0,"54, 66, 81, 81, 81, 81, 100, 81, 81, 66, 66, 66",2026-07-29,"Instant answer, Reviews, Video, People also ask, Related searches, AI overview",informational,Organic
shayari achi wali,12,12,110,19,0.00,https://eknazariya.com/,0,0,0.00,0.33,140,"65, 82, 65, 65, 65, 100, 65, 65, 53, 65, 65, 53",2026-07-31,"Image pack, Sitelinks, Reviews, Video, Image, Video Carousel, People also ask, Related searches, AI overview",informational,Organic
urdu sher in hindi,8,8,140,17,0.00,https://eknazariya.com/,0,0,0.00,0,153,"3, 15, 2, 100, 100, 36, 2, 7, 2, 2, 2, 2",2026-06-22,"Image pack, Reviews, Video, Image, Video Carousel, People also ask, Related searches, AI overview",informational,Organic
uneza akhtar,39,39,1300,31,0.00,https://eknazariya.com/javed-akhtar,0,0,0.00,0.33,110,"36, 28, 36, 36, 53, 67, 100, 28, 28, 16, 20, 20",2026-06-25,"Image pack, Reviews, Video, Image, Video Carousel, People also ask, Related searches",informational,Organic
teri nazar shayari,15,15,140,9,0.00,https://eknazariya.com/,0,0,0.00,0.33,131,"100, 100, 24, 1, 1, 4, 4, 1, 7, 1, 1, 1",2026-06-19,"Image pack, Sitelinks, Reviews, Video, Image, Video Carousel, People also ask, Related searches",informational,Organic
shayari written in urdu,17,17,590,30,0.00,https://eknazariya.com/,0,0,0.00,0.33,124,"19, 29, 54, 100, 82, 82, 82, 100, 100, 100, 82, 67",2026-06-25,"Image pack, Reviews, Video, Video Carousel, Related searches",informational,Organic
love shayari rekhta,17,17,140,28,0.00,https://eknazariya.com/ishq-shayari,0,0,0.00,0.33,106,"100, 82, 82, 82, 82, 65, 82, 65, 82, 41, 65, 65",2026-07-06,"Image pack, Reviews, Video, Image, Related searches",navigational,Organic
shayari normal,14,14,210,31,0.00,https://eknazariya.com/,0,0,0.00,0.33,113,"81, 81, 66, 81, 66, 100, 66, 66, 66, 53, 53, 44",2026-08-14,"Image pack, Reviews, Video, Ads top, Ads bottom, People also ask, Related searches",informational,Organic
bhari shayari,21,21,260,24,0.00,https://eknazariya.com/,0,0,0.00,0.33,129,"81, 100, 81, 66, 81, 81, 81, 66, 81, 81, 81, 81",2026-07-25,"Image pack, Reviews, Video, Video Carousel, People also ask, Related searches, AI overview",informational,Organic
shayari apne liye,12,12,210,28,0.00,https://eknazariya.com/,0,0,0.00,0.33,112,"100, 81, 81, 100, 100, 100, 100, 100, 100, 81, 81, 81",2026-08-01,"Image pack, Reviews, Video, Video Carousel, People also ask, Related searches",informational,Organic
all type shayari,10,10,110,44,0.00,https://eknazariya.com/,0,0,0.00,0.33,140,"79, 50, 79, 100, 100, 79, 100, 79, 50, 64, 64, 50",2026-07-14,"Image pack, Reviews, Video, Image, People also ask, Related searches, AI overview",informational,Organic
ghalib famous shayari,22,22,390,28,0.40,https://eknazariya.com/ghalib-shayari,0,0,0.00,0.01,144,"54, 54, 66, 66, 66, 81, 100, 66, 66, 54, 54, 19",2026-07-11,"Image pack, Reviews, Video, Image, People also ask, Related searches",informational,Organic
hard shayari,13,13,260,28,0.00,https://eknazariya.com/,0,0,0.00,0.33,150,"81, 100, 100, 81, 81, 81, 81, 100, 66, 81, 81, 66",2026-06-23,"Image pack, Reviews, Video, Image, Video Carousel, People also ask, Related searches",informational,Organic
urdu and hindi shayari,11,11,140,17,0.00,https://eknazariya.com/,0,0,0.00,0,146,"100, 100, 65, 100, 82, 82, 53, 53, 82, 53, 82, 65",2026-07-24,"Image pack, Sitelinks, Reviews, Video, Image, Ads top, Ads bottom, Related searches, AI overview",informational,Organic
darbar shayari,17,17,210,19,0.00,https://eknazariya.com/,0,0,0.00,0.33,113,"81, 81, 100, 81, 81, 65, 81, 81, 81, 100, 65, 81",2026-07-08,"Image pack, Reviews, Video, People also ask, Related searches",informational,Organic
mard shayari in hindi,16,16,170,27,0.00,https://eknazariya.com/,0,0,0.00,0.33,133,"67, 81, 100, 67, 43, 81, 100, 81, 100, 100, 100, 100",2026-07-26,"Image pack, Reviews, Video, Video Carousel, Related searches",informational,Organic
milne ki shayari,23,23,320,14,0.00,https://eknazariya.com/,0,0,0.00,0.33,116,"100, 100, 100, 100, 100, 100, 82, 100, 67, 82, 82, 67",2026-07-18,"Image pack, Reviews, Video, Featured snippet, Image, People also ask, Related searches",informational,Organic
single line shayari,24,24,110,11,0.00,https://eknazariya.com/,0,0,0.00,0,108,"64, 79, 79, 50, 79, 79, 79, 64, 100, 100, 79, 64",2026-06-26,"Image pack, Reviews, Video, People also ask, Related searches",informational,Organic
status sher shayari,15,15,140,30,0.00,https://eknazariya.com/,0,0,0.00,0.33,143,"100, 100, 100, 81, 67, 81, 52, 67, 33, 14, 14, 14",2026-07-12,"Image pack, Reviews, Video, Related searches",informational,Organic
best urdu poetry in hindi,11,11,590,36,0.00,https://eknazariya.com/,0,0,0.00,0.33,171,"100, 100, 82, 100, 100, 100, 100, 82, 67, 67, 67, 54",2026-06-30,"Image pack, Reviews, Video, Image, Video Carousel, People also ask, Related searches, AI overview",commercial,Organic
gulzar shayari quotes,14,14,170,23,0.00,https://eknazariya.com/gulzar-shayari-1,0,0,0.00,0.33,145,"100, 81, 67, 54, 23, 10, 15, 15, 10, 15, 10, 19",2026-07-20,"Image pack, Sitelinks, Reviews, Video, Video Carousel, People also ask, Related searches",informational,Organic
shayari dikhao,14,14,320,33,0.00,https://eknazariya.com/,0,0,0.00,0.33,126,"82, 67, 100, 82, 67, 67, 100, 82, 67, 82, 82, 82",2026-07-01,"Image pack, Reviews, Video, People also ask, Related searches",informational,Organic
dikhawa shayari,24,24,590,21,0.00,https://eknazariya.com/,0,0,0.00,0.33,130,"100, 100, 82, 67, 55, 67, 67, 67, 67, 67, 55, 44",2026-08-03,"Image pack, Reviews, Video, People also ask, Related searches",informational,Organic
jharkhand shayari,25,25,140,22,0.00,https://eknazariya.com/,0,0,0.00,0.33,120,"28, 22, 100, 66, 44, 66, 53, 44, 34, 34, 34, 28",2026-06-29,"Image pack, Reviews, Video, Image, Video Carousel, People also ask, Related searches, AI overview",informational,Organic
jharkhand shayari,27,27,140,22,0.00,https://eknazariya.com/,0,0,0.00,0.33,120,"28, 22, 100, 66, 44, 66, 53, 44, 34, 34, 34, 28",2026-06-29,"Image pack, Reviews, Video, Image, Video Carousel, People also ask, Related searches, AI overview",informational,Organic
best moments shayari,18,18,110,25,0.00,https://eknazariya.com/,0,0,0.00,0.33,80,"65, 82, 53, 53, 53, 100, 100, 41, 53, 53, 41, 41",2026-07-25,"Image pack, Reviews, People also ask, Related searches",commercial,Organic
indian urdu shayari,17,17,210,29,0.00,https://eknazariya.com/,0,0,0.00,0,132,"100, 81, 5, 2, 3, 44, 81, 2, 66, 24, 24, 44",2026-07-07,"Image pack, Reviews, Video, Ads bottom, Video Carousel, Related searches, Ads middle",informational,Organic
indian urdu shayari,19,19,210,29,0.00,https://eknazariya.com/,0,0,0.00,0,132,"100, 81, 5, 2, 3, 44, 81, 2, 66, 24, 24, 44",2026-07-07,"Image pack, Reviews, Video, Ads bottom, Video Carousel, Related searches, Ads middle",informational,Organic
gulzar shayari on zindagi,12,12,320,19,0.00,https://eknazariya.com/gulzar-shayari-1,0,0,0.00,0.33,143,"100, 100, 100, 100, 82, 100, 100, 100, 67, 67, 67, 54",2026-07-15,"Image pack, Sitelinks, Reviews, Video, Image, Video Carousel, People also ask, Related searches",informational,Organic
r shayari,15,15,140,24,0.00,https://eknazariya.com/,0,0,0.00,0.33,144,"27, 42, 54, 35, 42, 65, 100, 81, 100, 35, 35, 27",2026-07-31,"Image pack, Sitelinks, Reviews, Video, Image, Video Carousel, People also ask, Related searches, AI overview",informational,Organic
hashtags for poems,32,32,110,15,0.00,https://eknazariya.com/hashtags-%23shayri,0,0,0.00,0,108,"82, 53, 53, 82, 41, 53, 82, 100, 82, 100, 65, 41",2026-07-29,"Video, People also ask, Related searches, AI overview",informational,Organic
mona shayari,16,16,260,28,0.00,https://eknazariya.com/,0,0,0.00,0.33,145,"5, 8, 36, 44, 44, 54, 54, 81, 81, 100, 12, 12",2026-07-17,"Reviews, Video, Video Carousel, People also ask, AI overview",informational,Organic
shayari serial,18,18,110,27,0.00,https://eknazariya.com/,0,0,0.00,0.33,126,"100, 100, 100, 79, 64, 50, 79, 79, 79, 50, 79, 79",2026-07-13,"Reviews, Video, People also ask, Related searches, AI overview",informational,Organic
past shayari in hindi,11,11,110,25,0.00,https://eknazariya.com/,0,0,0.00,0.33,84,"100, 82, 65, 82, 65, 65, 53, 41, 82, 65, 53, 41",2026-07-22,"Image pack, Reviews, Video, Image, People also ask, Related searches",informational,Organic
junun shayri,30,30,880,3,0.00,https://eknazariya.com/,0,0,0.00,0,116,"88, 72, 88, 100, 88, 100, 72, 72, 72, 88, 88, 88",2026-07-12,"Sitelinks, Reviews, Video, Related searches, AI overview",informational,Organic
sad sher,20,20,390,20,0.00,https://eknazariya.com/best-sad-shayari,0,0,0.00,0,117,"29, 29, 29, 36, 44, 44, 44, 44, 54, 54, 100, 82",2026-08-02,"Image pack, Reviews, Video, Image, Video Carousel, People also ask, Related searches",informational,Organic
ghalib shayari on beauty,16,16,320,27,0.00,https://eknazariya.com/ghalib-shayari,0,0,0.00,0.33,155,"44, 54, 54, 44, 54, 100, 67, 67, 81, 67, 67, 67",2026-08-03,"Image pack, Reviews, Video, People also ask, Related searches, AI overview",informational,Organic
pyar hashtags,16,16,140,12,0.00,https://eknazariya.com/hashtags-%23shayri,0,0,0.00,0,102,"100, 81, 67, 81, 67, 67, 67, 52, 81, 67, 52, 67",2026-08-09,"Video, People also ask, Related searches, AI overview",commercial,Organic
attitude nazar shayari,26,26,210,17,0.00,https://eknazariya.com/,0,0,0.00,0.33,119,"100, 100, 81, 81, 81, 81, 53, 66, 44, 66, 44, 44",2026-07-07,"Image pack, Sitelinks, Reviews, Video, Image, People also ask, Related searches",informational,Organic
unknown shayari,17,17,140,20,0.00,https://eknazariya.com/,0,0,0.00,0.33,135,"67, 100, 67, 81, 81, 67, 81, 67, 52, 67, 52, 52",2026-07-02,"Image pack, Reviews, Video, Image, People also ask, Related searches",informational,Organic
shayari on charity in hindi,35,35,140,23,0.00,https://eknazariya.com/,0,0,0.00,0.33,112,"9, 28, 53, 53, 66, 81, 81, 81, 100, 0, 0, 3",2026-07-31,"Image pack, Reviews, Video, Image, People also ask, Related searches",informational,Organic
watch shayari in hindi,21,21,140,21,0.00,https://eknazariya.com/,0,0,0.00,0.33,147,"22, 28, 34, 34, 44, 53, 100, 53, 44, 28, 34, 22",2026-07-24,"Image pack, Reviews, Video, People also ask, Related searches",informational,Organic
hindi shayari hindi shayari,9,9,140,39,0.00,https://eknazariya.com/,0,0,0.00,0.02,143,"82, 100, 82, 82, 65, 65, 100, 82, 53, 82, 53, 53",2026-07-13,"Image pack, Reviews, Video, Video Carousel, People also ask, Related searches",informational,Organic
urdu mai shayari,17,17,140,30,0.00,https://eknazariya.com/,0,0,0.00,0.33,139,"52, 67, 67, 67, 67, 81, 100, 100, 81, 52, 67, 52",2026-06-22,"Image pack, Reviews, Video, Video Carousel, People also ask, Related searches",informational,Organic
play shayari,12,12,260,38,0.00,https://eknazariya.com/,0,0,0.00,0.33,125,"12, 15, 29, 44, 36, 36, 36, 54, 54, 100, 15, 24",2026-07-17,"Image pack, Reviews, Video, Video Carousel, People also ask, Related searches, AI overview",informational,Organic
apne shayari,16,16,480,22,0.00,https://eknazariya.com/,0,0,0.00,0.33,135,"100, 81, 81, 81, 66, 66, 81, 66, 66, 66, 66, 66",2026-07-15,"Image pack, Reviews, Video, Video Carousel, People also ask, Related searches",informational,Organic
mirza ghalib ke sher,15,15,390,22,0.00,https://eknazariya.com/ghalib-shayari,0,0,0.00,0.01,89,"81, 100, 81, 81, 66, 66, 81, 66, 54, 44, 44, 44",2026-06-23,"Image pack, Reviews, Video, Video Carousel, People also ask, Related searches, AI overview",informational,Organic
masjid shayari,32,32,110,23,0.00,https://eknazariya.com/mehfil-shayari/f/%E0%A4%AE%E0%A4%82%E0%A4%A6%E0%A4%BF%E0%A4%B0-%E0%A4%94%E0%A4%B0-%E0%A4%AE%E0%A4%B8%E0%A5%8D%E0%A4%9C%E0%A4%BF%E0%A4%A6,0,0,0.00,0.33,149,"41, 82, 65, 65, 53, 65, 100, 65, 100, 100, 29, 41",2026-07-11,"Image pack, Reviews, Video, Video Carousel, Related searches, AI overview",informational,Organic
sharmana shayari,14,14,110,21,0.00,https://eknazariya.com/,0,0,0.00,0.33,125,"100, 2, 1, 3, 1, 1, 1, 16, 5, 3, 1, 1",2026-07-22,"Image pack, Reviews, People also ask, Related searches",informational,Organic
new latest shayari,9,9,140,37,0.00,https://eknazariya.com/,0,0,0.00,0.33,101,"67, 100, 81, 67, 52, 52, 81, 81, 67, 67, 67, 67",2026-07-15,"Reviews, Video Carousel, People also ask, Related searches, AI overview",informational,Organic
sher o shayari on life,12,12,110,30,0.00,https://eknazariya.com/,0,0,0.00,0.33,152,"19, 2, 35, 2, 54, 6, 2, 100, 29, 2, 4, 2",2026-06-15,"Image pack, Reviews, Video, Featured snippet, Video Carousel, Related searches",informational,Organic
jawab shayari,14,14,140,20,0.00,https://eknazariya.com/,0,0,0.00,0.33,134,"100, 100, 100, 82, 82, 82, 65, 65, 53, 53, 53, 53",2026-07-12,"Image pack, Sitelinks, Reviews, Video, Image, Video Carousel, Related searches",informational,Organic
mirza ghalib best shayari,22,22,590,25,0.40,https://eknazariya.com/ghalib-shayari,0,0,0.00,0.01,145,"100, 67, 100, 67, 67, 67, 67, 67, 67, 100, 100, 82",2026-07-24,"Image pack, Sitelinks, Reviews, Video, People also ask, Related searches, AI overview",commercial,Organic
deewangi shayari,23,23,110,24,0.00,https://eknazariya.com/,0,0,0.00,0.33,129,"52, 67, 67, 100, 67, 52, 67, 52, 33, 43, 43, 43",2026-08-10,"Reviews, Video, Image, People also ask, Related searches, AI overview",informational,Organic
free shayari,11,11,140,46,0.00,https://eknazariya.com/,0,0,0.00,0.33,152,"82, 100, 100, 82, 65, 100, 82, 82, 82, 82, 65, 65",2026-07-25,"Image pack, Reviews, Video, People also ask, Related searches",informational,Organic
gulzar thoughts in hindi,21,21,140,23,0.00,https://eknazariya.com/gulzar-shayari-1,0,0,0.00,0.33,142,"100, 82, 100, 82, 100, 82, 82, 82, 53, 100, 82, 65",2026-07-11,"Image pack, Sitelinks, Reviews, Video, Image, People also ask, Related searches",informational,Organic
mushaira in hindi,22,22,390,25,0.00,https://eknazariya.com/,0,0,0.00,0.33,126,"54, 81, 81, 100, 81, 66, 66, 54, 44, 54, 54, 44",2026-08-01,"Image pack, Reviews, Video, Image, Video Carousel, Related searches, AI overview",informational,Organic
din ki shayari,21,23,140,17,0.00,https://eknazariya.com/,0,0,0.00,0.33,124,"2, 1, 100, 16, 2, 1, 19, 19, 1, 5, 1, 2",2026-08-19,"Image pack, Reviews, Video, Image, People also ask, Related searches",informational,Organic
rone wali shayari in hindi,26,26,110,24,0.00,https://eknazariya.com/,0,0,0.00,0.33,129,"82, 100, 100, 82, 65, 65, 53, 12, 18, 53, 53, 65",2026-08-04,"Image pack, Sitelinks, Reviews, Video, People also ask, Related searches",informational,Organic
classic shayari in hindi,11,11,210,26,0.00,https://eknazariya.com/,0,0,0.00,0.33,148,"22, 22, 44, 66, 81, 100, 81, 100, 100, 100, 44, 28",2026-07-10,"Image pack, Reviews, Video, Image, Video Carousel, People also ask, Related searches, AI overview",informational,Organic
line shayari in hindi,18,18,590,31,0.00,https://eknazariya.com/,0,0,0.00,0.33,123,"100, 67, 82, 67, 82, 100, 100, 67, 82, 54, 82, 67",2026-08-10,"Image pack, Sitelinks, Reviews, Video, Featured snippet, Image, Ads top, Video Carousel, People also ask, Related searches","commercial, informational",Organic
mehfil quotes in hindi,16,16,140,18,0.00,https://eknazariya.com/,0,0,0.00,0.33,149,"100, 81, 100, 81, 52, 43, 67, 67, 52, 43, 24, 33",2026-06-30,"Image pack, Reviews, Video, Image, People also ask, Related searches",informational,Organic
mehfil quotes in hindi,22,22,140,18,0.00,https://eknazariya.com/mehfil-shayari,0,0,0.00,0.33,149,"100, 81, 100, 81, 52, 43, 67, 67, 52, 43, 24, 33",2026-06-30,"Image pack, Reviews, Video, Image, People also ask, Related searches",informational,Organic
mehfil quotes in hindi,29,29,140,18,0.00,https://eknazariya.com/mehfil-shayari,0,0,0.00,0.33,149,"100, 81, 100, 81, 52, 43, 67, 67, 52, 43, 24, 33",2026-06-30,"Image pack, Reviews, Video, Image, People also ask, Related searches",informational,Organic
shayari channel name,17,17,140,27,0.00,https://eknazariya.com/,0,0,0.00,0.33,121,"35, 42, 35, 27, 27, 81, 100, 54, 65, 42, 42, 35",2026-07-31,"Sitelinks, Video, People also ask, Related searches, AI overview",commercial,Organic
raghupati sahay,50,50,320,24,0.00,https://eknazariya.com/firaq-gorakhpuri-1,0,0,0.00,0.33,97,"67, 82, 67, 82, 82, 82, 100, 54, 67, 82, 82, 67",2026-07-29,"Knowledge panel, Reviews, Video, Image, Video Carousel, People also ask, Related searches, Short videos","informational, transactional",Organic
subject shayari,14,14,320,24,0.00,https://eknazariya.com/,0,0,0.00,0.33,181,"4, 7, 19, 36, 24, 44, 67, 100, 44, 44, 100, 100",2026-07-13,"Image pack, Reviews, Video, Image, Ads top, Ads bottom, People also ask, Related searches, AI overview",informational,Organic
jarurat shayari in hindi,17,17,170,12,0.00,https://eknazariya.com/,0,0,0.00,0.33,126,"100, 81, 65, 42, 100, 81, 65, 42, 42, 42, 54, 65",2026-08-13,"Image pack, Reviews, Video, Image, People also ask, Related searches",informational,Organic
sundar si shayari,21,21,210,19,0.00,https://eknazariya.com/,0,0,0.00,0.33,131,"54, 65, 65, 81, 65, 65, 81, 100, 100, 100, 100, 100",2026-07-09,"Image pack, Reviews, Video, Video Carousel, People also ask, Related searches",informational,Organic
internet par shayari in hindi,29,29,480,22,0.00,https://eknazariya.com/,0,0,0.00,0.33,115,"15, 44, 82, 67, 67, 82, 100, 100, 82, 29, 36, 36",2026-07-28,"Image pack, Sitelinks, Reviews, Video, People also ask, Related searches",informational,Organic
instagram hashtags for poetry,26,26,210,16,0.00,https://eknazariya.com/hashtags-%23shayri,0,0,0.00,0.33,113,"81, 81, 100, 81, 81, 66, 66, 44, 34, 28, 66, 34",2026-06-26,"Video, People also ask, Related searches",navigational,Organic
khwab quotes in hindi,14,14,170,19,0.00,https://eknazariya.com/,0,0,0.00,0.33,135,"66, 66, 81, 100, 81, 53, 44, 34, 28, 34, 28, 28",2026-07-05,"Image pack, Sitelinks, Reviews, Video, Image, People also ask, Related searches",informational,Organic
shayari 2020,17,17,480,26,0.00,https://eknazariya.com/,0,0,0.00,0.33,39400000,"2, 7, 26, 59, 59, 59, 100, 88, 88, 88, 5, 9",2026-07-19,"Reviews, Video, Video Carousel, Related searches","informational, transactional",Organic
mirza ghalib shayari in hindi pdf,21,21,170,10,0.00,https://eknazariya.com/ghalib-shayari,0,0,0.00,0.01,127,"28, 34, 34, 34, 44, 53, 100, 53, 53, 53, 53, 44",2026-07-30,"Image pack, Sitelinks, Reviews, Video, Image, People also ask, Related searches",informational,Organic
full wali shayari,13,13,170,28,0.00,https://eknazariya.com/,0,0,0.00,0.33,146,"16, 44, 53, 44, 66, 81, 100, 81, 81, 9, 9, 6",2026-07-29,"Image pack, Reviews, Video, Video Carousel, People also ask, Related searches, AI overview",informational,Organic
sachchi shayari,14,14,110,13,0.00,https://eknazariya.com/,0,0,0.00,0,145,"6, 2, 4, 4, 2, 67, 2, 2, 100, 54, 54, 2",2026-06-26,"Reviews, Video, Video Carousel, People also ask, Related searches","informational, transactional",Organic
shayari for singer in hindi,13,13,170,26,0.00,https://eknazariya.com/,0,0,0.00,0.33,100,"18, 28, 36, 23, 28, 44, 36, 28, 36, 100, 82, 67",2026-08-09,"Image pack, Reviews, Video, Video Carousel, People also ask, Related searches",informational,Organic
shayari reply in hindi,23,23,260,23,0.00,https://eknazariya.com/,0,0,0.00,0.33,147,"8, 12, 24, 36, 44, 66, 44, 100, 66, 54, 36, 19",2026-07-10,"Image pack, Reviews, Video, Video Carousel, People also ask, Related searches, AI overview",informational,Organic
best sher urdu,13,13,170,28,0.00,https://eknazariya.com/,0,0,0.00,0.33,190,"100, 100, 81, 100, 81, 100, 81, 67, 67, 52, 67, 67",2026-07-02,"Reviews, Video, Video Carousel, Related searches, Discussions and forums",commercial,Organic
shayari one line in hindi,15,15,110,8,0.00,https://eknazariya.com/,0,0,0.00,0.33,129,"53, 65, 82, 82, 82, 82, 82, 65, 82, 100, 41, 41",2026-06-28,"Image pack, Sitelinks, Reviews, Video, Related searches, AI overview",informational,Organic
rip hashtags,33,33,110,23,0.00,https://eknazariya.com/hashtags-%23shayri,0,0,0.00,0.33,105,"41, 82, 100, 65, 100, 53, 53, 41, 41, 53, 53, 82",2026-07-31,"Image pack, Reviews, Video, People also ask, Related searches, AI overview",informational,Organic
jarurat quotes in hindi,16,16,210,19,0.00,https://eknazariya.com/,0,0,0.00,0.33,132,"100, 100, 66, 53, 66, 53, 44, 44, 44, 53, 53, 44",2026-07-07,"Image pack, Reviews, Video, People also ask, Related searches",informational,Organic
apne aap ke liye shayari,14,14,170,22,0.00,https://eknazariya.com/,0,0,0.00,0.33,146,"67, 81, 81, 81, 67, 81, 100, 81, 67, 67, 67, 81",2026-07-10,"Reviews, Video, Ads bottom, Video Carousel, People also ask, Related searches, Ads middle, AI overview",informational,Organic
badnaseebi shayari,10,10,140,28,0.00,https://eknazariya.com/,0,0,0.00,0,174,"52, 81, 43, 52, 24, 52, 43, 52, 81, 81, 67, 100",2026-06-20,"Image pack, Reviews, Video, People also ask",informational,Organic
firaq gorakhpuri,50,50,6600,33,0.06,https://eknazariya.com/firaq-gorakhpuri-1,0,0,0.00,0.01,119,"44, 55, 55, 44, 82, 55, 100, 82, 55, 55, 55, 82",2026-08-04,"Knowledge panel, Reviews, Video, Image, Video Carousel, People also ask, Related searches, Short videos","informational, transactional",Organic
romantic ishq,30,30,590,29,0.00,https://eknazariya.com/ishq-shayari,0,0,0.00,0.33,146,"9, 39, 88, 59, 59, 59, 48, 32, 59, 72, 100, 100",2026-07-21,"Reviews, Video, Video Carousel, Related searches",informational,Organic
shayari for special person in hindi,16,16,170,27,0.00,https://eknazariya.com/,0,0,0.00,0.33,133,"100, 100, 81, 81, 81, 81, 81, 65, 54, 54, 42, 35",2026-06-27,"Reviews, Video, Image, Video Carousel, People also ask, Related searches, AI overview",informational,Organic
shayari wali,18,18,170,38,0.00,https://eknazariya.com/,0,0,0.00,0.33,122,"82, 100, 100, 100, 82, 82, 100, 100, 82, 100, 82, 82",2026-06-27,"Image pack, Reviews, Video, Video Carousel, People also ask, Related searches","informational, transactional",Organic
best gulzar shayari,18,18,320,23,0.00,https://eknazariya.com/gulzar-shayari-1,0,0,0.00,0,139,"82, 100, 82, 67, 100, 82, 67, 67, 82, 82, 67, 67",2026-07-08,"Image pack, Sitelinks, Reviews, Video, Related searches",informational,Organic
janaza shayari in hindi,20,20,140,17,0.00,https://eknazariya.com/,0,0,0.00,0.33,124,"65, 82, 100, 82, 82, 82, 82, 100, 82, 65, 65, 65",2026-06-26,"Image pack, Reviews, Video, Video Carousel, People also ask, Related searches",informational,Organic
aashiq shayari,38,38,590,18,0.00,https://eknazariya.com/,0,0,0.00,0.33,140,"82, 100, 82, 67, 82, 100, 82, 67, 67, 67, 54, 54",2026-07-23,"Image pack, Reviews, Video, Image, People also ask, Related searches, AI overview",informational,Organic
apne shayari in hindi,17,17,170,23,0.00,https://eknazariya.com/,0,0,0.00,0.33,112,"52, 67, 67, 67, 67, 100, 100, 100, 100, 100, 100, 81",2026-07-08,"Sitelinks, Reviews, Video, People also ask, Related searches, AI overview",informational,Organic
choudhary shayari,19,19,320,10,0.00,https://eknazariya.com/,0,0,0.00,0.33,98,"54, 54, 82, 100, 82, 100, 100, 100, 82, 82, 23, 44",2026-07-11,"Image pack, Reviews, Video, Image, Related searches, AI overview",informational,Organic
bajirao shayari,22,22,110,27,0.00,https://eknazariya.com/,0,0,0.00,0.33,123,"10, 19, 81, 81, 67, 100, 100, 100, 67, 5, 5, 5",2026-08-11,"Image pack, Reviews, Video, Video Carousel, People also ask, Related searches, AI overview",informational,Organic
gulzar shayri in hindi,14,15,110,18,0.00,https://eknazariya.com/gulzar-shayari-1,0,0,0.00,0,141,"100, 100, 65, 53, 53, 65, 82, 65, 41, 29, 41, 53",2026-08-19,"Image pack, Sitelinks, Reviews, Video, Image, People also ask, Related searches",informational,Organic
best writer quotes in hindi,28,28,210,25,0.00,https://eknazariya.com/,0,0,0.00,0.33,156,"81, 100, 81, 100, 42, 65, 81, 81, 81, 65, 65, 65",2026-07-16,"Image pack, Reviews, Video, People also ask, Related searches",commercial,Organic
sath dene wali shayari,17,17,320,32,0.00,https://eknazariya.com/,0,0,0.00,0.33,131,"81, 100, 81, 100, 67, 81, 81, 67, 67, 54, 67, 19",2026-07-04,"Image pack, Reviews, Video, Ads bottom, Video Carousel, People also ask, Related searches, Ads middle",informational,Organic
krantikari shayari in hindi,19,19,110,18,0.00,https://eknazariya.com/,0,0,0.00,0.33,124,"24, 52, 100, 81, 43, 43, 43, 67, 43, 43, 43, 43",2026-06-25,"Reviews, Video, People also ask, AI overview",informational,Organic
hindi shayari message,18,18,170,37,0.00,https://eknazariya.com/,0,0,0.00,0,132,"65, 54, 100, 65, 100, 81, 65, 54, 54, 65, 54, 65",2026-07-13,"Reviews, Video, Ads top, Video Carousel, Related searches, Ads middle","commercial, informational",Organic
शजर,26,26,140,17,0.00,https://eknazariya.com/,0,0,0.00,0.33,110,"100, 82, 65, 53, 82, 82, 82, 65, 82, 65, 82, 65",2026-07-25,"Image pack, Reviews, Video, People also ask, Related searches, AI overview",informational,Organic
शजर,30,30,140,17,0.00,https://eknazariya.com/,0,0,0.00,0.33,110,"100, 82, 65, 53, 82, 82, 82, 65, 82, 65, 82, 65",2026-07-25,"Image pack, Reviews, Video, People also ask, Related searches, AI overview",informational,Organic
shayari in hindi meaning,25,25,260,23,0.00,https://eknazariya.com/,0,0,0.00,0,124,"66, 81, 66, 81, 100, 81, 81, 81, 81, 81, 100, 100",2026-08-11,"Sitelinks, Reviews, Video, People also ask, Related searches, AI overview",informational,Organic
mashur shayar,7,7,110,30,0.00,https://eknazariya.com/,0,0,0.00,0.01,126,"82, 53, 100, 65, 65, 82, 82, 65, 65, 65, 65, 53",2026-08-13,"Image pack, Reviews, Video, Video Carousel, People also ask, Related searches, AI overview",informational,Organic
mashur shayar,8,8,110,30,0.00,https://eknazariya.com/,0,0,0.00,0.01,126,"82, 53, 100, 65, 65, 82, 82, 65, 65, 65, 65, 53",2026-08-13,"Image pack, Reviews, Video, Video Carousel, People also ask, Related searches, AI overview",informational,Organic
priye shayari,30,30,170,20,0.00,https://eknazariya.com/,0,0,0.00,0.33,148,"44, 66, 44, 53, 66, 100, 66, 53, 53, 22, 28, 28",2026-08-09,"Image pack, Reviews, Video, Image, Related searches",informational,Organic
sad ki shayari,9,9,110,17,0.00,https://eknazariya.com/best-sad-shayari,0,0,0.00,0.33,121,"100, 100, 100, 64, 64, 100, 100, 100, 64, 64, 64, 50",2026-08-02,"Image pack, Sitelinks, Reviews, Image, Video Carousel, People also ask, Related searches",informational,Organic
shayari on february in hindi,29,29,1000,25,0.00,https://eknazariya.com/,0,0,0.00,0.33,124,"2, 6, 31, 53, 68, 68, 84, 84, 84, 100, 21, 31",2026-07-15,"Reviews, Video, Video Carousel, People also ask, Related searches",informational,Organic
romantic urdu shayari in hindi,13,13,210,32,0.00,https://eknazariya.com/,0,0,0.00,0.33,136,"81, 81, 81, 65, 81, 100, 81, 65, 81, 81, 65, 65",2026-07-08,"Image pack, Reviews, Video, Image, Ads top, Ads bottom, People also ask, Related searches",informational,Organic
best shayri in urdu,9,9,170,26,0.00,https://eknazariya.com/,0,0,0.00,0,130,"81, 81, 67, 67, 67, 81, 67, 100, 67, 81, 67, 67",2026-07-08,"Image pack, Reviews, Video, Video Carousel, Related searches, Discussions and forums",commercial,Organic
history shayari in hindi,23,23,110,18,0.00,https://eknazariya.com/,0,0,0.00,0.33,127,"53, 65, 53, 53, 65, 65, 100, 65, 53, 65, 53, 65",2026-07-24,"Image pack, Reviews, Video, People also ask, Related searches",informational,Organic
sadri shayari,16,16,260,28,0.00,https://eknazariya.com/best-sad-shayari,0,0,0.00,0.33,125,"44, 44, 54, 67, 67, 82, 67, 67, 67, 67, 36, 100",2026-07-06,"Reviews, Video, People also ask, AI overview",informational,Organic
bolane wali shayari,14,14,110,27,0.00,https://eknazariya.com/,0,0,0.00,0.33,143,"65, 82, 82, 65, 65, 100, 53, 41, 53, 65, 65, 53",2026-07-28,"Image pack, Reviews, Video, People also ask, Related searches","informational, transactional",Organic
gorakhpuri,55,55,1000,32,0.00,https://eknazariya.com/firaq-gorakhpuri-1,0,0,0.00,0.33,120,"77, 100, 77, 77, 77, 68, 77, 77, 68, 68, 68, 77",2026-06-30,"Knowledge panel, Reviews, Video, Image, People also ask, Related searches","informational, transactional",Organic
appreciation shayari in hindi,13,13,110,26,0.00,https://eknazariya.com/,0,0,0.00,0.33,156,"100, 100, 79, 79, 79, 79, 100, 79, 64, 50, 50, 36",2026-08-02,"Image pack, Reviews, Video, Image, People also ask, Related searches",informational,Organic
sahara shayari hindi,23,23,110,19,0.00,https://eknazariya.com/,0,0,0.00,0,154,"100, 3, 3, 3, 5, 8, 5, 3, 3, 54, 100, 67",2026-06-26,"Image pack, Reviews, Video, People also ask, Related searches",informational,Organic
shayari t,10,10,170,41,0.00,https://eknazariya.com/,0,0,0.00,0.1,150,"10, 6, 24, 67, 1, 1, 5, 1, 1, 1, 1, 100",2026-06-21,"Image pack, Reviews, Video, Image, Video Carousel, People also ask, Related searches",informational,Organic
only shayari,10,10,140,45,0.00,https://eknazariya.com/,0,0,0.00,0.33,145,"82, 65, 82, 82, 82, 100, 100, 82, 82, 53, 65, 65",2026-07-23,"Image pack, Reviews, Video, Ads top, Video Carousel, People also ask, Related searches",informational,Organic
some urdu shayari,10,10,110,34,0.00,https://eknazariya.com/,0,0,0.00,0.33,126,"53, 82, 100, 65, 53, 65, 82, 41, 41, 41, 53, 41",2026-07-31,"Image pack, Sitelinks, Reviews, Video, Video Carousel, People also ask, Related searches",navigational,Organic
copy karne wali shayari,18,18,110,30,0.00,https://eknazariya.com/,0,0,0.00,0.33,113,"79, 79, 100, 79, 100, 64, 79, 100, 64, 64, 79, 79",2026-06-28,"Image pack, Reviews, Video, People also ask, Related searches",informational,Organic
best urdu ghazal in hindi,20,20,390,17,0.00,https://eknazariya.com/,0,0,0.00,0.33,126,"6, 24, 36, 36, 36, 44, 44, 44, 44, 82, 100, 82",2026-08-09,"Image pack, Reviews, Video, Video Carousel, Related searches, AI overview",commercial,Organic
tajushariya shayari in hindi,12,12,110,26,0.00,https://eknazariya.com/,0,0,0.00,0.33,120,"2, 66, 2, 2, 2, 2, 5, 54, 2, 8, 100, 3",2026-07-18,"Image pack, Reviews, Video, Image, Video Carousel, People also ask",informational,Organic
katil shayari,22,22,260,20,0.00,https://eknazariya.com/,0,0,0.00,0.33,138,"100, 100, 100, 100, 100, 81, 100, 100, 81, 81, 66, 66",2026-06-25,"Image pack, Reviews, Video, Image, People also ask, Related searches",informational,Organic
blue shayari,13,13,170,25,0.00,https://eknazariya.com/,0,0,0.00,0.33,144,"27, 42, 42, 65, 65, 65, 81, 100, 81, 81, 42, 100",2026-06-26,"Image pack, Reviews, Video, People also ask, Related searches",informational,Organic
zamana shayari,29,29,210,22,0.00,https://eknazariya.com/,0,0,0.00,0.33,137,"100, 81, 81, 66, 66, 100, 81, 53, 34, 34, 44, 44",2026-08-09,"Image pack, Reviews, Video, Image, People also ask, Related searches",informational,Organic
urdu shayar,17,17,1000,63,0.00,https://eknazariya.com/,0,0,0.00,0,129,"77, 77, 77, 77, 100, 100, 77, 77, 68, 77, 68, 68",2026-08-19,"Image pack, Sitelinks, Reviews, Video, Video Carousel, People also ask, Related searches, AI overview",informational,Organic
shayari in urdu language,15,15,480,30,0.00,https://eknazariya.com/,0,0,0.00,0,125,"39, 39, 39, 100, 59, 59, 59, 48, 39, 48, 48, 39",2026-07-10,"Image pack, Reviews, Video, Video Carousel, People also ask, Related searches",informational,Organic
shayari in urdu language,19,19,480,30,0.00,https://eknazariya.com/,0,0,0.00,0,125,"39, 39, 39, 100, 59, 59, 59, 48, 39, 48, 48, 39",2026-07-10,"Image pack, Reviews, Video, Video Carousel, People also ask, Related searches",informational,Organic
top shayari urdu,15,15,170,26,0.00,https://eknazariya.com/,0,0,0.00,0,192,"100, 44, 19, 2, 1, 1, 1, 1, 3, 1, 2, 67",2026-06-21,"Image pack, Reviews, Video, Ads top, Ads bottom, Video Carousel, People also ask, Related searches",commercial,Organic
short shayri in hindi,12,12,140,30,0.00,https://eknazariya.com/,0,0,0.00,0,154,"52, 52, 100, 100, 81, 81, 67, 81, 67, 52, 67, 52",2026-08-01,"Reviews, Video, Video Carousel, People also ask, Related searches, AI overview","commercial, informational",Organic
lotus shayari,14,14,110,25,0.00,https://eknazariya.com/,0,0,0.00,0.33,1700000,"1, 7, 3, 1, 36, 100, 19, 1, 19, 3, 1, 1",2026-07-30,"Image pack, Reviews, Video, Image, People also ask, Related searches",informational,Organic
famous hindi shayars,10,10,110,23,0.00,https://eknazariya.com/,0,0,0.00,0,152,"100, 100, 100, 79, 79, 79, 79, 100, 79, 100, 64, 79",2026-07-12,"Reviews, Video, Video Carousel, People also ask, Related searches, AI overview",informational,Organic
dar shayari,33,33,210,16,0.00,https://eknazariya.com/,0,0,0.00,0.33,141,"100, 100, 81, 81, 81, 65, 81, 81, 65, 65, 54, 42",2026-07-05,"Image pack, Sitelinks, Reviews, Video, Image, Ads bottom, Video Carousel, Related searches, Ads middle",informational,Organic
naina shayari hindi,15,15,110,21,0.00,https://eknazariya.com/,0,0,0.00,0.33,132,"33, 33, 43, 100, 52, 33, 52, 81, 52, 52, 24, 43",2026-07-01,"Image pack, Reviews, Video, Image, People also ask, Related searches, AI overview",informational,Organic
best reply shayari,23,23,260,23,0.00,https://eknazariya.com/,0,0,0.00,0.33,132,"4, 15, 24, 19, 19, 29, 24, 36, 36, 82, 100, 67",2026-08-11,"Reviews, Video, Related searches, AI overview",commercial,Organic
uttar pradesh ki shayari,22,22,170,19,0.00,https://eknazariya.com/,0,0,0.00,0.33,127,"1, 19, 100, 8, 1, 55, 19, 1, 1, 6, 8, 1",2026-07-24,"Image pack, Reviews, Video, Video Carousel, People also ask, Related searches",informational,Organic
guljar sahab ki shayari,17,17,170,27,0.00,https://eknazariya.com/gulzar-shayari-1,0,0,0.00,0,145,"82, 8, 1, 3, 1, 1, 1, 1, 2, 100, 12, 1",2026-06-21,"Image pack, Reviews, Video, Video Carousel, People also ask, Related searches",informational,Organic
pal shayari,20,20,260,25,0.00,https://eknazariya.com/,0,0,0.00,0.33,138,"100, 81, 100, 81, 100, 100, 100, 66, 53, 66, 53, 53",2026-08-12,"Image pack, Reviews, Video, People also ask, Related searches",informational,Organic
mushkil shayari,12,0,110,21,0.00,https://eknazariya.com/,0,0,0.00,0.33,143,"100, 82, 82, 82, 65, 82, 65, 65, 65, 65, 53, 41",2026-08-19,"Image pack, Reviews, Video, Video Carousel, People also ask, Related searches",informational,Organic
shayari new shayari,10,10,170,44,0.00,https://eknazariya.com/,0,0,0.00,0,144,"66, 53, 53, 53, 100, 44, 34, 34, 44, 44, 44, 34",2026-07-02,"Image pack, Reviews, Video, Video Carousel, People also ask, Related searches",informational,Organic
what is shayari,16,16,390,28,0.00,https://eknazariya.com/,0,0,0.00,0.33,132,"67, 81, 81, 81, 67, 67, 81, 100, 81, 67, 81, 81",2026-08-05,"Sitelinks, Reviews, Video, Video Carousel, People also ask, Related searches, AI overview",informational,Organic
shayari kya hai,9,9,110,26,0.00,https://eknazariya.com/,0,0,0.00,0.33,136,"100, 100, 100, 79, 100, 100, 100, 100, 79, 79, 79, 50",2026-08-08,"Image pack, Sitelinks, Reviews, Video, Video Carousel, People also ask, Related searches, AI overview",informational,Organic
qawwali shayari in hindi,19,19,110,21,0.00,https://eknazariya.com/,0,0,0.00,0.01,121,"41, 41, 53, 65, 65, 82, 82, 100, 82, 82, 53, 65",2026-06-22,"Reviews, Video, Video Carousel, People also ask, Related searches, AI overview",informational,Organic
hindi shayari story,16,16,140,30,0.00,https://eknazariya.com/,0,0,0.00,0.33,75,"52, 52, 67, 52, 81, 81, 81, 67, 67, 67, 81, 100",2026-07-22,"Image pack, Reviews, Video, People also ask, Related searches",informational,Organic
shayari in hindi copy paste,29,29,390,30,0.40,https://eknazariya.com/,0,0,0.00,0.02,122,"54, 67, 81, 81, 81, 67, 81, 100, 81, 67, 67, 67",2026-06-21,"Sitelinks, Reviews, Video, Image, Related searches",commercial,Organic
best shayari quotes,10,10,110,39,0.00,https://eknazariya.com/,0,0,0.00,0.33,149,"65, 82, 100, 65, 65, 65, 82, 65, 65, 53, 65, 41",2026-07-04,"Image pack, Reviews, Image, People also ask, Related searches",commercial,Organic
shayari ideas,1,1,110,27,0.00,https://eknazariya.com/,0,0,0.00,0.33,146,"79, 100, 79, 64, 79, 100, 64, 79, 79, 50, 64, 36",2026-08-09,"Reviews, People also ask, Related searches, AI overview",informational,AI overview
urdu poetry shayari,13,13,140,36,0.00,https://eknazariya.com/,0,0,0.00,0.33,147,"100, 100, 100, 82, 100, 65, 82, 82, 53, 65, 65, 65",2026-06-27,"Knowledge panel, Reviews, Video, Image, Video Carousel, People also ask, Related searches",informational,Organic
shayad shayari,26,26,110,22,0.00,https://eknazariya.com/,0,0,0.00,0.33,144,"65, 100, 82, 65, 53, 82, 82, 53, 53, 53, 65, 53",2026-08-13,"Image pack, Reviews, Video, People also ask, Related searches",informational,Organic
baddua shayari in hindi,31,31,210,22,0.00,https://eknazariya.com/,0,0,0.00,0.33,118,"81, 100, 100, 81, 81, 66, 53, 44, 28, 34, 44, 44",2026-07-08,"Image pack, Reviews, Video, Image, People also ask, Related searches",informational,Organic
doha shayari,23,23,110,16,0.00,https://eknazariya.com/,0,0,0.00,0.33,128,"64, 79, 64, 79, 64, 79, 64, 79, 100, 79, 79, 36",2026-07-10,"Image pack, Reviews, Video, Image, People also ask, Related searches",informational,Organic
doha shayari,31,31,110,16,0.00,https://eknazariya.com/,0,0,0.00,0.33,128,"64, 79, 64, 79, 64, 79, 64, 79, 100, 79, 79, 36",2026-07-10,"Image pack, Reviews, Video, Image, People also ask, Related searches",informational,Organic
sher vs shayari,19,19,260,25,0.00,https://eknazariya.com/,0,0,0.00,0,136,"100, 66, 81, 53, 66, 81, 100, 100, 81, 81, 81, 81",2026-07-01,"Image pack, Sitelinks, Reviews, Video, Featured snippet, Video Carousel, People also ask, Related searches",informational,Organic
naya shayari,14,14,210,20,0.00,https://eknazariya.com/,0,0,0.00,0.33,128,"54, 54, 44, 44, 54, 100, 67, 44, 44, 54, 54, 44",2026-08-03,"Image pack, Reviews, Video, Image, Video Carousel, People also ask, Related searches","informational, transactional",Organic
sath nibhane wali shayari,26,26,140,27,0.00,https://eknazariya.com/,0,0,0.00,0.33,149,"100, 65, 54, 54, 42, 65, 35, 54, 54, 54, 54, 35",2026-08-03,"Image pack, Reviews, Video, Video Carousel, People also ask, Related searches",informational,Organic
katil nazar shayari,28,28,210,20,0.00,https://eknazariya.com/,0,0,0.00,0.33,108,"100, 81, 81, 81, 81, 65, 81, 100, 81, 54, 65, 65",2026-07-06,"Sitelinks, Reviews, Video, Image, People also ask, Related searches, AI overview",informational,Organic
katil nazar shayari,30,30,210,20,0.00,https://eknazariya.com/,0,0,0.00,0.33,108,"100, 81, 81, 81, 81, 65, 81, 100, 81, 54, 65, 65",2026-07-06,"Sitelinks, Reviews, Video, Image, People also ask, Related searches, AI overview",informational,Organic
izhaar shayari,26,26,260,17,0.00,https://eknazariya.com/,0,0,0.00,0.33,126,"100, 81, 81, 66, 66, 66, 81, 100, 66, 66, 66, 53",2026-07-29,"Sitelinks, Reviews, Video, Image, Ads bottom, Video Carousel, People also ask, Related searches, AI overview",informational,Organic
motu shayari,12,12,110,24,0.00,https://eknazariya.com/,0,0,0.00,0.33,137,"6, 12, 65, 100, 82, 82, 100, 82, 82, 100, 6, 6",2026-06-29,"Image pack, Reviews, Video, People also ask, Related searches",informational,Organic
malik shayari in hindi,24,24,110,21,0.00,https://eknazariya.com/,0,0,0.00,0.33,126,"24, 29, 65, 65, 65, 82, 100, 82, 82, 65, 65, 100",2026-06-28,"Image pack, Reviews, Video, Image, People also ask, Related searches, AI overview",informational,Organic
gulzar ki kavita,51,51,140,22,0.00,https://eknazariya.com/gulzar-shayari-1,0,0,0.00,0.01,173,"100, 81, 100, 65, 54, 65, 54, 35, 35, 42, 35, 35",2026-08-08,"Image pack, Reviews, Video, Image, Video Carousel, Related searches",informational,Organic
old shayari on life,10,10,170,19,0.00,https://eknazariya.com/,0,0,0.00,0.33,147,"66, 81, 100, 66, 44, 53, 53, 44, 44, 53, 44, 53",2026-08-03,"Image pack, Reviews, Video, Image, Video Carousel, People also ask, Related searches, AI overview",informational,Organic
love gajal hindi,14,14,110,19,0.00,https://eknazariya.com/,0,0,0.00,0.33,137,"81, 81, 81, 100, 81, 27, 19, 12, 8, 4, 8, 4",2026-07-20,"Image pack, Reviews, Video, Video Carousel, People also ask, Related searches",informational,Organic
shayari mast wali,14,14,260,29,0.00,https://eknazariya.com/,0,0,0.00,0.33,91,"81, 81, 100, 81, 81, 81, 100, 81, 81, 66, 81, 81",2026-07-24,"Image pack, Reviews, Video, Image, Video Carousel, People also ask, Related searches",informational,Organic
zakir khan shayari in hindi,10,10,320,7,0.00,https://eknazariya.com/zakir-khan-1,0,0,0.00,0.33,145,"29, 81, 81, 54, 54, 54, 66, 54, 100, 44, 36, 29",2026-08-09,"Image pack, Sitelinks, Reviews, Video, Video Carousel, People also ask, Related searches",commercial,Organic
shayari in urdu ghalib,23,23,110,18,0.00,https://eknazariya.com/ghalib-shayari,0,0,0.00,0.33,120,"65, 100, 100, 65, 65, 65, 100, 53, 65, 41, 65, 41",2026-07-13,"Knowledge panel, Reviews, Video, Image, People also ask, Related searches",informational,Organic
ghalib ke sher in urdu,23,23,140,14,0.00,https://eknazariya.com/ghalib-shayari,0,0,0.00,0.33,169,"53, 82, 100, 82, 82, 82, 65, 65, 82, 41, 82, 65",2026-07-15,"Image pack, Reviews, Video, Image, Related searches",informational,Organic
shair o shayari,15,15,110,23,0.00,https://eknazariya.com/,0,0,0.00,0.33,143,"64, 100, 100, 100, 79, 79, 79, 79, 100, 50, 64, 50",2026-07-06,"Image pack, Reviews, Video, Video Carousel, People also ask, Related searches, Ads middle",informational,Organic
formal shayari in hindi,13,13,170,25,0.00,https://eknazariya.com/,0,0,0.00,0.33,150,"5, 10, 28, 36, 44, 67, 82, 82, 100, 67, 5, 3",2026-07-17,"Image pack, Reviews, Video, Video Carousel, People also ask, Related searches",informational,Organic
prize distribution shayari,29,29,590,28,0.00,https://eknazariya.com/,0,0,0.00,0.33,122,"2, 9, 32, 59, 48, 59, 88, 88, 88, 72, 88, 100",2026-06-30,"Image pack, Reviews, Video, Image, People also ask, Related searches",informational,Organic
shayari badhiya badhiya,12,12,210,27,0.00,https://eknazariya.com/,0,0,0.00,0.33,135,"44, 66, 81, 81, 66, 66, 100, 81, 66, 81, 66, 81",2026-07-08,"Image pack, Sitelinks, Reviews, Video, Video Carousel, People also ask, Related searches",informational,Organic
dekhna shayari,12,16,140,11,0.00,https://eknazariya.com/,0,0,0.00,0.33,135,"100, 100, 82, 82, 100, 65, 82, 65, 65, 65, 53, 41",2026-08-20,"Image pack, Reviews, Video, People also ask, Related searches",informational,Organic
sariya hindi mein,18,18,390,50,0.00,https://eknazariya.com/,0,0,0.00,0.33,124,"67, 100, 81, 81, 67, 81, 67, 81, 100, 100, 100, 81",2026-07-09,"Instant answer, Reviews, Video, Related searches, AI overview",informational,Organic
urdu shayari hindi mein,15,15,320,25,0.00,https://eknazariya.com/,0,0,0.00,0.33,147,"67, 67, 81, 67, 81, 54, 81, 100, 81, 54, 54, 67",2026-07-01,"Image pack, Reviews, Video, Image, Video Carousel, People also ask, Related searches",informational,Organic
shayri sad wali,20,20,140,22,0.00,https://eknazariya.com/best-sad-shayari,0,0,0.00,0.33,115,"65, 65, 65, 100, 65, 100, 100, 82, 82, 65, 82, 65",2026-08-18,"Image pack, Sitelinks, Reviews, Video, Image, Ads top, Ads bottom, People also ask, Related searches",informational,Organic
indian urdu poetry shayari,18,18,110,28,0.00,https://eknazariya.com/,0,0,0.00,0,127,"34, 34, 6, 3, 22, 66, 44, 3, 100, 34, 66, 44",2026-07-15,"Image pack, Reviews, Video, Video Carousel, Related searches, AI overview",informational,Organic
pehli nazar ka pyar shayari,34,34,110,4,0.00,https://eknazariya.com/,0,0,0.00,0.33,122,"65, 100, 65, 65, 82, 82, 65, 65, 65, 65, 41, 53",2026-08-13,"Image pack, Sitelinks, Reviews, Video, Image, People also ask, Related searches",informational,Organic
khalnayak shayari in hindi,38,38,140,3,0.00,https://eknazariya.com/,0,0,0.00,0.33,93,"100, 100, 67, 81, 52, 67, 81, 67, 24, 24, 33, 33",2026-07-08,"Reviews, Video, People also ask, Related searches, AI overview",informational,Organic
mp shayari,17,17,110,26,0.00,https://eknazariya.com/,0,0,0.00,0.33,99,"41, 100, 82, 82, 65, 65, 100, 100, 82, 41, 53, 29",2026-08-15,"Image pack, Reviews, Video, People also ask, Related searches",informational,Organic
shayari blog,21,21,110,25,0.00,https://eknazariya.com/,0,0,0.00,0.01,171,"65, 53, 100, 53, 41, 82, 100, 65, 65, 53, 29, 41",2026-08-01,"Reviews, Video, People also ask, Related searches, AI overview",informational,Organic
duniya shayari in hindi,29,29,260,10,0.00,https://eknazariya.com/,0,0,0.00,0.33,118,"66, 81, 100, 81, 100, 81, 81, 66, 81, 53, 53, 66",2026-07-24,"Image pack, Reviews, Video, Image, People also ask, Related searches",informational,Organic
juban shayari,21,21,140,17,0.00,https://eknazariya.com/,0,0,0.00,0.33,132,"100, 67, 81, 81, 81, 52, 52, 52, 67, 52, 52, 52",2026-07-11,"Image pack, Reviews, Video, Image, Related searches, AI overview",informational,Organic
aashiqui shayari 2 lines,13,13,110,23,0.00,https://eknazariya.com/ishq-shayari,0,0,0.00,0,134,"2, 2, 5, 100, 44, 36, 3, 5, 2, 2, 2, 3",2026-06-23,"Image pack, Reviews, Video, Featured snippet, People also ask, Related searches",informational,Organic
sundar shayari in hindi,18,18,260,14,0.00,https://eknazariya.com/,0,0,0.00,0.01,133,"18, 54, 54, 82, 67, 54, 82, 82, 82, 100, 82, 67",2026-08-10,"Image pack, Reviews, Video, Image, People also ask, Related searches",informational,Organic
sundar shayari in hindi,24,24,260,14,0.00,https://eknazariya.com/,0,0,0.00,0.01,133,"18, 54, 54, 82, 67, 54, 82, 82, 82, 100, 82, 67",2026-08-10,"Image pack, Reviews, Video, Image, People also ask, Related searches",informational,Organic
kuch log shayari,11,11,140,6,0.00,https://eknazariya.com/,0,0,0.00,0.33,82,"52, 43, 43, 52, 43, 52, 81, 67, 67, 81, 100, 81",2026-07-22,"Image pack, Sitelinks, Reviews, People also ask, Related searches",informational,Organic
shayari achi,11,11,110,24,0.00,https://eknazariya.com/,0,0,0.00,0.33,93,"64, 64, 79, 64, 79, 79, 64, 100, 79, 79, 64, 79",2026-07-01,"Image pack, Sitelinks, Reviews, Video, Image, Video Carousel, People also ask, Related searches",informational,Organic
ishq mohabbat shayari,30,30,1300,23,0.00,https://eknazariya.com/ishq-shayari,0,0,0.00,0.33,142,"81, 100, 100, 100, 62, 81, 81, 62, 45, 62, 62, 55",2026-06-25,"Sitelinks, Reviews, Video, People also ask, Related searches, AI overview",informational,Organic
sagar shayari,32,32,210,28,0.00,https://eknazariya.com/,0,0,0.00,0.33,140,"100, 81, 65, 81, 81, 81, 81, 65, 81, 65, 65, 81",2026-07-27,"Image pack, Sitelinks, Reviews, Video, People also ask, Related searches, AI overview",informational,Organic
kahani quotes in hindi,18,18,110,21,0.00,https://eknazariya.com/,0,0,0.00,0.33,133,"82, 82, 65, 65, 41, 65, 100, 65, 65, 53, 82, 82",2026-07-12,"Image pack, Reviews, Video, People also ask, Related searches",informational,Organic
kahani quotes in hindi,19,19,110,21,0.00,https://eknazariya.com/,0,0,0.00,0.33,133,"82, 82, 65, 65, 41, 65, 100, 65, 65, 53, 82, 82",2026-07-12,"Image pack, Reviews, Video, People also ask, Related searches",informational,Organic
awaz par shayari,25,25,110,19,0.00,https://eknazariya.com/,0,0,0.00,0.33,118,"52, 81, 100, 52, 52, 43, 81, 67, 33, 24, 24, 24",2026-07-09,"Image pack, Reviews, Video, Image, People also ask, Related searches",informational,Organic
awaz par shayari,33,33,110,19,0.00,https://eknazariya.com/,0,0,0.00,0.33,118,"52, 81, 100, 52, 52, 43, 81, 67, 33, 24, 24, 24",2026-07-09,"Image pack, Reviews, Video, Image, People also ask, Related searches",informational,Organic
mirza galib ki shayari in hindi,8,8,110,25,0.00,https://eknazariya.com/ghalib-shayari,0,0,0.00,0,148,"100, 100, 100, 79, 79, 64, 100, 100, 64, 100, 100, 79",2026-07-27,"Image pack, Sitelinks, Reviews, Video, Video Carousel, People also ask, Related searches",informational,Organic
2 line shayari on raaz,16,16,140,17,0.00,https://eknazariya.com/,0,0,0.00,0.33,127,"12, 100, 36, 1, 10, 1, 1, 1, 1, 2, 6, 1",2026-06-21,"Image pack, Reviews, Video, People also ask, Related searches",informational,Organic
aashiq shayari in hindi,27,27,110,17,0.00,https://eknazariya.com/ishq-shayari,0,0,0.00,0.33,136,"35, 19, 42, 65, 81, 100, 42, 42, 19, 19, 27, 19",2026-07-18,"Image pack, Reviews, Video, Image, Related searches",informational,Organic
aashiq shayari in hindi,38,38,110,17,0.00,https://eknazariya.com/,0,0,0.00,0.33,136,"35, 19, 42, 65, 81, 100, 42, 42, 19, 19, 27, 19",2026-07-18,"Image pack, Reviews, Video, Image, Related searches",informational,Organic
sher o shayari 2 lines,14,14,170,28,0.00,https://eknazariya.com/,0,0,0.00,0.33,35,"54, 100, 81, 81, 65, 65, 54, 54, 54, 54, 65, 81",2026-07-20,"Sitelinks, Reviews, Video, Related searches, AI overview",informational,Organic
ghalib shayari on ishq,43,43,140,23,0.00,https://eknazariya.com/ishq-shayari,0,0,0.00,0.01,143,"100, 81, 81, 67, 52, 67, 67, 67, 43, 43, 52, 33",2026-08-19,"Image pack, Sitelinks, Reviews, Video, Image, People also ask, Related searches",informational,Organic
mehfil shayari in hindi,30,30,480,20,0.00,https://eknazariya.com/,0,0,0.00,0.33,142,"67, 54, 54, 82, 82, 82, 100, 67, 54, 54, 44, 36",2026-08-11,"Image pack, Reviews, Video, People also ask, Related searches",informational,Organic
shayari hindi copy,17,17,140,26,0.00,https://eknazariya.com/,0,0,0.00,0.33,50,"67, 52, 52, 43, 43, 67, 100, 67, 67, 52, 81, 52",2026-07-23,"Reviews, Related searches, AI overview",commercial,Organic
shayari enjoy,21,21,210,13,0.00,https://eknazariya.com/,0,0,0.00,0.33,126,"100, 100, 66, 66, 53, 53, 53, 81, 53, 44, 44, 44",2026-07-08,"Image pack, Sitelinks, Reviews, Video, Image, People also ask, Related searches",informational,Organic
shy shayari in hindi,8,8,110,44,0.00,https://eknazariya.com/,0,0,0.00,0.33,150,"2, 19, 100, 12, 2, 54, 19, 2, 12, 3, 2, 5",2026-07-31,"Image pack, Reviews, Video, Video Carousel, People also ask, Related searches",informational,Organic
hindi panktiya,24,24,480,29,0.00,https://eknazariya.com/,0,0,0.00,0.33,157,"54, 67, 82, 67, 54, 67, 82, 67, 54, 100, 67, 54",2026-07-23,"Image pack, Reviews, Video, Image, People also ask, Related searches, AI overview",informational,Organic
charitra shayari in hindi,28,28,110,18,0.00,https://eknazariya.com/,0,0,0.00,0.33,136,"79, 100, 100, 100, 79, 64, 79, 100, 64, 36, 50, 36",2026-06-15,"Image pack, Reviews, Video, People also ask",informational,Organic
hindi shayari written,11,11,110,45,0.00,https://eknazariya.com/,0,0,0.00,0,150,"82, 82, 65, 65, 100, 82, 53, 65, 53, 65, 82, 82",2026-08-11,"Image pack, Reviews, Video, Image, Ads top, Ads bottom, Related searches, AI overview",informational,Organic
urdu shayari on life by ghalib,14,14,480,17,0.00,https://eknazariya.com/ghalib-shayari,0,0,0.00,0.33,140,"67, 54, 54, 54, 67, 100, 100, 82, 82, 67, 67, 44",2026-07-03,"Image pack, Reviews, Video, Image, Ads bottom, Video Carousel, Related searches, Ads middle",informational,Organic
rone ki shayari,27,27,140,19,0.00,https://eknazariya.com/,0,0,0.00,0.33,129,"100, 100, 100, 100, 82, 82, 100, 100, 100, 82, 65, 53",2026-07-12,"Image pack, Sitelinks, Reviews, Video, Video Carousel, People also ask, Related searches",informational,Organic
rone ki shayari,28,28,140,19,0.00,https://eknazariya.com/,0,0,0.00,0.33,129,"100, 100, 100, 100, 82, 82, 100, 100, 100, 82, 65, 53",2026-07-12,"Image pack, Sitelinks, Reviews, Video, Video Carousel, People also ask, Related searches",informational,Organic
